product_name,description,initial_price,final_price,currency,in_stock,color,size,country_code,domain,image_count,model_number,product_id,rating,root_category,category,brand,free_returns,free_shipping,discount_rate,color_group
"Tall Narrow Bathroom Storage Cabinet With 3 Drawers And 2 Shelves, Free Standing Kitchen Pantry Organizer With Open Compartment, Water-Resistant Finish","Free Returns ✓ Free Shipping✓. Tall Narrow Bathroom Storage Cabinet With 3 Drawers And 2 Shelves, Free Standing Kitchen Pantry Organizer With Open Compartment, Water-Resistant Finish- Storage Cabinets at SHEIN.",120.99,120.99,USD,TRUE,Grey,one-size,US,us.shein.com,8,1,1,,Tools & Home Improvement,Storage Cabinets,SHEIN,TRUE,TRUE,1,Grey
"1PC Natural Yellow Rainbow Halo Raw Crystal, Aromatherapist Stone, Home Decoration, Office Decoration, Holiday Gifts.","Free Returns ✓ Free Shipping✓. 1PC Natural Yellow Rainbow Halo Raw Crystal, Aromatherapist Stone, Home Decoration, Office Decoration, Holiday Gifts.- Crystal Shapes & Carvings at SHEIN.",2.1,2.1,USD,TRUE,Multicolor,Electroplated Citrine,US,us.shein.com,21,2,2,,Jewelry & Watches,Crystal Shapes & Carvings,SHEIN,TRUE,FALSE,1,Multicolor
1PC Sexy Lingerie Body StockingOpen Crotch Hollow Out See Through Bodystocking Without Underwear,Free Returns ✓ Free Shipping✓. 1PC Sexy Lingerie Body StockingOpen Crotch Hollow Out See Through Bodystocking Without Underwear- Women Sexy Bodysuits at SHEIN.,3.39,2.14,USD,TRUE,Black,one-size,US,us.shein.com,5,3,3,,Underwear & Sleepwear,Women Sexy Bodysuits,SHEIN,TRUE,TRUE,0.6312684365781711,Green
"Italian Genuine Leather Thick Belt For Men, Retro Solid Brass Buckle","Free Returns ✓ Free Shipping✓. Italian Genuine Leather Thick Belt For Men, Retro Solid Brass Buckle- Men Belts at SHEIN.",22.8,21.3,USD,TRUE,Black,one-size,US,us.shein.com,10,4,4,,Men,Men Belts,SHEIN,TRUE,TRUE,0.9342105263157895,Green
Unbeatablesale Hylomar 61701 13.53 Oz Hylomar Cleaner Spray Can,Free Returns ✓ Free Shipping✓. Unbeatablesale Hylomar 61701 13.53 Oz Hylomar Cleaner Spray Can- Other Commercial Cleaning Supplies at SHEIN.,28.53,28.53,USD,TRUE,Multicolor,one-size,US,us.shein.com,3,5,5,,Home & Living,Other Commercial Cleaning Supplies,Unbeatablesale,TRUE,TRUE,1,Multicolor
"1 Set Cup & Saucer, Cute Cat Pattern, High-End Coffee Cup & Saucer Set, Latte Art","Free Returns ✓ Free Shipping✓. 1 Set Cup & Saucer, Cute Cat Pattern, High-End Coffee Cup & Saucer Set, Latte Art- Teacup & Saucer Sets at SHEIN.",12.7,12.2,USD,TRUE,White,150ML,US,us.shein.com,10,6,6,,Home & Living,Teacup & Saucer Sets,SHEIN,TRUE,TRUE,0.9606299212598425,White
"Unbeatablesale PIX North America MXV4-410 0.5 X 41 In. Heavy-Duty Lawn & Garden Equipment Belt,; Black","Free Returns ✓ Free Shipping✓. Unbeatablesale PIX North America MXV4-410 0.5 X 41 In. Heavy-Duty Lawn & Garden Equipment Belt,; Black- Tool Cases at SHEIN.",16.98,16.98,USD,FALSE,Multicolor,one-size,US,us.shein.com,3,7,7,,Tools & Home Improvement,Tool Cases,Unbeatablesale,TRUE,TRUE,1,Multicolor
"30pcs,40in Rocket Balloons 6 Assorted Colors Flying Magic Long Balloons With Whistling Noise Premium-Quality Latex Balloon For Parties","Free Returns ✓ Free Shipping✓. 30pcs,40in Rocket Balloons 6 Assorted Colors Flying Magic Long Balloons With Whistling Noise Premium-Quality Latex Balloon For Parties- Decorative Balloons at SHEIN.",2.2,2.1,USD,TRUE,Multicolor,30pcs,US,us.shein.com,6,8,8,,Home & Living,Decorative Balloons,SHEIN,FALSE,TRUE,0.9545454545454545,Multicolor
"20pcs Artificial Green Plant Leaves Valentine'S Day Gift DIY Cake Decoration, Candy Box, Birthday Party Decoration, Wedding Flower Basket, Bride Holding Flowers, Home Decoration, Dining Room, Bedroom, Windowsill Decoration, Vase Ornaments, Valentine'S Day, New Year Decoration, Outdoor Garden, Start Of School Season","Free Returns ✓ Free Shipping✓. 20pcs Artificial Green Plant Leaves Valentine'S Day Gift DIY Cake Decoration, Candy Box, Birthday Party Decoration, Wedding Flower Basket, Bride Holding Flowers, Home Decoration, Dining Room, Bedroom, Windowsill Decoration, Vase Ornaments, Valentine'S Day, New Year Decoration, Outdoor Garden, Start Of School Season- Artificial Plants at SHEIN.",1.5,0.83,USD,TRUE,Multicolor,one-size,US,us.shein.com,7,9,9,,Home & Living,Artificial Plants,SHEIN,TRUE,TRUE,0.5533333333333332,Multicolor
"10pcs Transparent Baking Boxes With Window, Dessert Box, Pastry Box,  Gift Box, Easy And Convenient, Safe For Food Contact, Can Be Mixed And Assembled Sweets, Chocolates, Perfect For Celebrations And Home Baking","Free Returns ✓ Free Shipping✓. 10pcs Transparent Baking Boxes With Window, Dessert Box, Pastry Box,  Gift Box, Easy And Convenient, Safe For Food Contact, Can Be Mixed And Assembled Sweets, Chocolates, Perfect For Celebrations And Home Baking- Wrapping & Packaging at SHEIN.",7.8,6.63,USD,TRUE,White,10pcs,US,us.shein.com,6,10,10,,Home & Living,Wrapping & Packaging,SHEIN,TRUE,TRUE,0.85,White
1PC Retro Resin Telephone Figurine Piggy Bank Vintage Coin Bank Phone Birthday Gift Coffee Shop Decor(17CM*14.5CM*16CM),Free Returns ✓ Free Shipping✓. 1PC Retro Resin Telephone Figurine Piggy Bank Vintage Coin Bank Phone Birthday Gift Coffee Shop Decor(17CM*14.5CM*16CM)- Decorative Crafts at SHEIN.,21.3,20.5,USD,TRUE,Retro Telephone,1PC,US,us.shein.com,5,11,11,,Home & Living,Decorative Crafts,SHEIN,TRUE,TRUE,0.9624413145539906,default
30pcs Nail Art Decorations DIY Art Punk Style Mixed Pumpkin/Spider/Bat/Witch/Vampire 3D Three-Dimensional Nail Art Decoration Accessories Jewelry,Free Returns ✓ Free Shipping✓. 30pcs Nail Art Decorations DIY Art Punk Style Mixed Pumpkin/Spider/Bat/Witch/Vampire 3D Three-Dimensional Nail Art Decoration Accessories Jewelry- Rhinestones & Decorations at SHEIN.,2,1.7,USD,TRUE,Multicolor,2408-1301 (30pcs Random Styles),US,us.shein.com,13,12,12,,Beauty & Health,Rhinestones & Decorations,SHEIN,TRUE,TRUE,0.85,Multicolor
"Juvale Wooden Drawer Organizer With 12 Compartments, Divided Tray For Arts And Crafts Supplies, Stationery, Small Items, 12 Grid Sorting Tray, Dark Brown (13.2 X 9.2 X 1.5 Inches) Halloween Decorations Halloween Costumes Autumn Decor Festival Decor","Free Returns ✓ Free Shipping✓. Juvale Wooden Drawer Organizer With 12 Compartments, Divided Tray For Arts And Crafts Supplies, Stationery, Small Items, 12 Grid Sorting Tray, Dark Brown (13.2 X 9.2 X 1.5 Inches) Halloween Decorations Halloween Costumes Autumn Decor Festival Decor- Storage Drawers at SHEIN.",25.7,17.99,USD,TRUE,Brown,one-size,US,us.shein.com,9,13,13,,Home & Living,Storage Drawers,SHEIN,TRUE,TRUE,0.7,Brown
Unbeatablesale K Tool International KTI22521 3/8 Inch Drive Flex Spark Plug Socket 5/8 Inch,Free Returns ✓ Free Shipping✓. Unbeatablesale K Tool International KTI22521 3/8 Inch Drive Flex Spark Plug Socket 5/8 Inch- Sockets at SHEIN.,13.5,13.5,USD,TRUE,Multicolor,one-size,US,us.shein.com,3,14,14,,Tools & Home Improvement,Sockets,Unbeatablesale,TRUE,TRUE,1,Multicolor
"1PC Large Waterproof Makeup Bag With Handle - Travel Toiletry Organizer For Women And Girls - Spacious Cosmetic Storage For Essentials - Perfect Gift, Cruise Essentials Dorm Essentials,Wedding Bridesmaid Gifts,Mom Gifts,Birthday Gifts,Gifts For Friends And Teachers,Home Decor,Bathroom Livingroom Bedroom Decor,Bathroom Organizer,Jewelry Organizer,Lip Oil Organizer,Nail Polish Organizer Makeup Bag Storage Makeup Organizer Makeup Case","Free Returns ✓ Free Shipping✓. 1PC Large Waterproof Makeup Bag With Handle - Travel Toiletry Organizer For Women And Girls - Spacious Cosmetic Storage For Essentials - Perfect Gift, Cruise Essentials Dorm Essentials,Wedding Bridesmaid Gifts,Mom Gifts,Birthday Gifts,Gifts For Friends And Teachers,Home Decor,Bathroom Livingroom Bedroom Decor,Bathroom Organizer,Jewelry Organizer,Lip Oil Organizer,Nail Polish Organizer Makeup Bag Storage Makeup Organizer Makeup Case- Travel Glasses Bag at SHEIN.",12,11.2,USD,TRUE,Multicolor,Beige,US,us.shein.com,13,15,15,,Bags & Luggage,Travel Glasses Bag,SHEIN,TRUE,TRUE,0.9333333333333332,Multicolor
"35pcs Mixed Acrylic Body Piercing Pearl Effect, Transparent Dual Color, Matte Tongue Rings For Women, Everyday And Festival Wear","Free Returns ✓ Free Shipping✓. 35pcs Mixed Acrylic Body Piercing Pearl Effect, Transparent Dual Color, Matte Tongue Rings For Women, Everyday And Festival Wear- Women Tongue Ring at SHEIN.",6.1,4.55,USD,TRUE,Multi-color,one-size,US,us.shein.com,6,16,16,,Jewelry & Watches,Women Tongue Ring,SHEIN,TRUE,TRUE,0.7459016393442623,Multicolor
Dolce & Gabbana 1.6oz The Only One For Women -  EDP Spray,Free Returns ✓ Free Shipping✓. Dolce & Gabbana 1.6oz The Only One For Women -  EDP Spray- Perfume at SHEIN.,98,66.74,USD,TRUE,Default,1.6oz,US,us.shein.com,4,17,17,,Beauty & Health,Perfume,Dolce & Gabbana,FALSE,TRUE,0.6810204081632653,Default
Unbeatablesale 1467 Performer Series Accelerator Pump Assembly,Free Returns ✓ Free Shipping✓. Unbeatablesale 1467 Performer Series Accelerator Pump Assembly- Car Replacement Parts at SHEIN.,35.33,35.33,USD,TRUE,Multicolor,one-size,US,us.shein.com,3,18,18,,Automotive,Car Replacement Parts,Unbeatablesale,TRUE,TRUE,1,Multicolor
Unbeatablesale Jumbo Insulated Travel Bag,Free Returns ✓ Free Shipping✓. Unbeatablesale Jumbo Insulated Travel Bag- Men Tote Bags at SHEIN.,22.16,22.16,USD,TRUE,Multicolor,one-size,US,us.shein.com,3,19,19,,Bags & Luggage,Men Tote Bags,Unbeatablesale,TRUE,TRUE,1,Multicolor
"Jepeak Jepeak Decorative Linen Throw Pillow Covers Cushion Cases, Pack Of 4 Rustic Woven Textured Pillow Covers For Sofa Bed Couch, 18x18 Inch","Free Returns ✓ Free Shipping✓. Jepeak Jepeak Decorative Linen Throw Pillow Covers Cushion Cases, Pack Of 4 Rustic Woven Textured Pillow Covers For Sofa Bed Couch, 18x18 Inch- Cushion Cover at SHEIN.",33.6,24.2,USD,TRUE,Light Grey,45*45,US,us.shein.com,16,20,20,,Home Textile,Cushion Cover,Jepeak,TRUE,TRUE,0.7202380952380951,Grey
1-Piece Rustic Style Hard  Notebook With Simple Rose Print Design,Free Returns ✓ Free Shipping✓. 1-Piece Rustic Style Hard  Notebook With Simple Rose Print Design- Notebooks at SHEIN.,4.8,4.8,USD,TRUE,Yellow,1pc,US,us.shein.com,12,21,21,,Office & School Supplies,Notebooks,SHEIN,TRUE,TRUE,1,Yellow
360Pcs Hypoallergenic DIY Earring Hooks For Jewelry Earring Making Supplies Kit Gold And Silver Fish Hook Earring Set,Free Returns ✓ Free Shipping✓. 360Pcs Hypoallergenic DIY Earring Hooks For Jewelry Earring Making Supplies Kit Gold And Silver Fish Hook Earring Set- Jewelry Making Findings at SHEIN.,18.99,15.99,USD,TRUE,Multicolor,one-size,US,us.shein.com,5,22,22,,Home & Living,Jewelry Making Findings,SHEIN,FALSE,TRUE,0.8420221169036336,Multicolor
"1pc Tree Pattern Decorative Throw Pillow Cover (Pillow Insert Not Included), Soft & Comfortable Single-Sided Printed Cushion Cover For Bedroom, Living Room, Sofa, Party Decoration","Free Returns ✓ Free Shipping✓. 1pc Tree Pattern Decorative Throw Pillow Cover (Pillow Insert Not Included), Soft & Comfortable Single-Sided Printed Cushion Cover For Bedroom, Living Room, Sofa, Party Decoration- Cushion Cover at SHEIN.",2.5,2,USD,TRUE,Multicolor,45*45,US,us.shein.com,4,23,23,,Home Textile,Cushion Cover,SHEIN,TRUE,TRUE,0.8,Multicolor
"Unbeatablesale Keeper 8874430 16 Ft. Multicolored Tie Down Strap, 3333 Lbs","Free Returns ✓ Free Shipping✓. Unbeatablesale Keeper 8874430 16 Ft. Multicolored Tie Down Strap, 3333 Lbs- Other Tool Organizers at SHEIN.",33.83,33.83,USD,TRUE,Multicolor,one-size,US,us.shein.com,3,24,24,,Tools & Home Improvement,Other Tool Organizers,Unbeatablesale,TRUE,TRUE,1,Multicolor
"1pc Unisex Brown PU Leather Cuff Bracelet With Circular Decor, Vintage Medieval Viking Warrior Cosplay Accessory Halloween","Free Returns ✓ Free Shipping✓. 1pc Unisex Brown PU Leather Cuff Bracelet With Circular Decor, Vintage Medieval Viking Warrior Cosplay Accessory Halloween- Handwear at SHEIN.",3.9,3.32,USD,FALSE,Brown,one-size,US,us.shein.com,15,25,25,,Apparel Accessories,Handwear,SHEIN,TRUE,TRUE,0.8512820512820513,Brown
"1PC Magic Small Hand With Magnet, Prank Props Dark Magic Toy, Simple Coin Magic,Horror Magic Funny Game Toy,Halloween Party Games Favors Activity Supplies","Free Returns ✓ Free Shipping✓. 1PC Magic Small Hand With Magnet, Prank Props Dark Magic Toy, Simple Coin Magic,Horror Magic Funny Game Toy,Halloween Party Games Favors Activity Supplies- Party Games & Activities at SHEIN.",1.7,1.67,USD,TRUE,Multicolor,one-size,US,us.shein.com,9,26,26,,Home & Living,Party Games & Activities,SHEIN,TRUE,FALSE,0.9823529411764705,Multicolor
"Unbeatablesale Jiallo 15120 Clock,; Thermometer & Hygrometer","Free Returns ✓ Free Shipping✓. Unbeatablesale Jiallo 15120 Clock,; Thermometer & Hygrometer- Wall Decoration at SHEIN.",89.02,89.02,USD,TRUE,Multicolor,one-size,US,us.shein.com,3,27,27,,Home & Living,Wall Decoration,Unbeatablesale,TRUE,TRUE,1,Multicolor
Unbeatablesale Jiallo 33016 Mirrored Jewelry Organizer 3 Compartments,Free Returns ✓ Free Shipping✓. Unbeatablesale Jiallo 33016 Mirrored Jewelry Organizer 3 Compartments- Jewelry Boxes at SHEIN.,41.2,41.2,USD,TRUE,Red,one-size,US,us.shein.com,3,28,28,,Home & Living,Jewelry Boxes,Unbeatablesale,TRUE,TRUE,1,Red
Unbeatablesale 32.25 In. W X 8.87 In. H X 1.62 In. P Architectural Accent - Legacy Center Onlay,Free Returns ✓ Free Shipping✓. Unbeatablesale 32.25 In. W X 8.87 In. H X 1.62 In. P Architectural Accent - Legacy Center Onlay- Wall Decoration at SHEIN.,46.8,46.8,USD,TRUE,Multicolor,one-size,US,us.shein.com,3,29,29,,Home & Living,Wall Decoration,Unbeatablesale,TRUE,TRUE,1,Multicolor
"1PC Silk Roses Vine Artificial Flowers Fake Green Leaf Plants Valentine's Day Bride Bouquet For Autumn Decorations Wedding Vase For Home Dining Room Bedroom Decorations, Festival Birthday Party Accessories, Outdoor Garden Decorations","Free Returns ✓ Free Shipping✓. 1PC Silk Roses Vine Artificial Flowers Fake Green Leaf Plants Valentine's Day Bride Bouquet For Autumn Decorations Wedding Vase For Home Dining Room Bedroom Decorations, Festival Birthday Party Accessories, Outdoor Garden Decorations- Artificial Flowers at SHEIN.",2.3,1.77,USD,TRUE,Orange,1PC,US,us.shein.com,4,30,30,,Home & Living,Artificial Flowers,SHEIN,TRUE,TRUE,0.7695652173913043,Orange
Unbeatablesale Suntime Boston College Eagles-Football Helmet Wall Clock,Free Returns ✓ Free Shipping✓. Unbeatablesale Suntime Boston College Eagles-Football Helmet Wall Clock- Other Sports Accessories at SHEIN.,48.61,48.61,USD,TRUE,Multicolor,one-size,US,us.shein.com,3,31,31,,Sports & Outdoor,Other Sports Accessories,Unbeatablesale,TRUE,TRUE,1,Multicolor
Unbeatablesale KB CR1439 70 X 17 X 17 In. Coat Rack With Storage - Cherry,Free Returns ✓ Free Shipping✓. Unbeatablesale KB CR1439 70 X 17 X 17 In. Coat Rack With Storage - Cherry- Coat Racks at SHEIN.,175.18,175.18,USD,TRUE,Multicolor,one-size,US,us.shein.com,3,32,32,,Tools & Home Improvement,Coat Racks,Unbeatablesale,TRUE,TRUE,1,Multicolor
Unbeatablesale Syracuse Orange Spirit Series Sportula Grill Spatula,Free Returns ✓ Free Shipping✓. Unbeatablesale Syracuse Orange Spirit Series Sportula Grill Spatula- Other Sports Accessories at SHEIN.,29.74,29.74,USD,TRUE,Orange,one-size,US,us.shein.com,3,33,33,,Sports & Outdoor,Other Sports Accessories,Unbeatablesale,TRUE,TRUE,1,Orange
1PC Natural Crystal XiuYu Jade Pagoda Hand Carved Figurine Engrgy Stone Quartz Freeform Phantom Tree Carving Crafts Halloween Ornament For Gifts Home Office Desktop Decoration,Free Returns ✓ Free Shipping✓. 1PC Natural Crystal XiuYu Jade Pagoda Hand Carved Figurine Engrgy Stone Quartz Freeform Phantom Tree Carving Crafts Halloween Ornament For Gifts Home Office Desktop Decoration- Table Decorative Ornaments at SHEIN.,20.6,19.9,USD,TRUE,XiuYu Jade Pagoda,1pc,US,us.shein.com,8,34,34,,Home & Living,Table Decorative Ornaments,SHEIN,TRUE,FALSE,0.9660194174757281,Green
"Sun Protective Anti UV  1pc Summer Sunscreen Breathable Ice Silk Mask, Women Skin Friendly Comfortable Sun Protection Anti-UV Mask Ski Mask,Suitable For Cycling,Riding Motorcycle And Skiing","Free Returns ✓ Free Shipping✓. Sun Protective Anti UV  1pc Summer Sunscreen Breathable Ice Silk Mask, Women Skin Friendly Comfortable Sun Protection Anti-UV Mask Ski Mask,Suitable For Cycling,Riding Motorcycle And Skiing- Cycling Mask & Scarf at SHEIN.",1.8,1.37,USD,TRUE,Black,one-size,US,us.shein.com,10,35,35,,Sports & Outdoor,Cycling Mask & Scarf,SHEIN,TRUE,FALSE,0.7611111111111112,Green
"144 Pieces Pizza Party Supplies Pack Decorations, Dinnerware Set With Plates, Napkins, Cups, And Cutlery (Serves 24) , Festival, Party , For Halloween Or Christmas Party","Free Returns ✓ Free Shipping✓. 144 Pieces Pizza Party Supplies Pack Decorations, Dinnerware Set With Plates, Napkins, Cups, And Cutlery (Serves 24) , Festival, Party , For Halloween Or Christmas Party- Disposable Tableware Sets at SHEIN.",38.99,23.49,USD,TRUE,Black,one-size,US,us.shein.com,8,36,36,,Home & Living,Disposable Tableware Sets,SHEIN,TRUE,TRUE,0.6024621697871249,Green
Unbeatablesale Jacks 10239 Forged 14 In. Nail Clincher,Free Returns ✓ Free Shipping✓. Unbeatablesale Jacks 10239 Forged 14 In. Nail Clincher- Horse Grooming & Bathing Supplies at SHEIN.,38.69,38.69,USD,TRUE,Multicolor,one-size,US,us.shein.com,3,37,37,,Pet Supplies,Horse Grooming & Bathing Supplies,Unbeatablesale,TRUE,TRUE,1,Multicolor
10 Pcs Bohemian European And American Sports Headbands For Women Wide Yoga Elastic Headbands Running Headbands Sports Hair Accessories Headdresses,Free Returns ✓ Free Shipping✓. 10 Pcs Bohemian European And American Sports Headbands For Women Wide Yoga Elastic Headbands Running Headbands Sports Hair Accessories Headdresses- Hair Bands at SHEIN.,7.8,7.5,USD,TRUE,Multicolor Five,one-size,US,us.shein.com,21,38,38,,Apparel Accessories,Hair Bands,SHEIN,TRUE,TRUE,0.9615384615384616,Multicolor
Synthetic African Fluffy Drawstring Ponytail Hair Extensions For Women Short African Curling Clip Curly Drawstring Bun (1B ),Free Returns ✓ Free Shipping✓. Synthetic African Fluffy Drawstring Ponytail Hair Extensions For Women Short African Curling Clip Curly Drawstring Bun (1B )- Synthetic Extensions at SHEIN.,14.2,11.01,USD,TRUE,Natural Black,12 Inch,US,us.shein.com,6,39,39,,Beauty & Health,Synthetic Extensions,SHEIN,TRUE,TRUE,0.7753521126760563,Black
10pcs Transparent Chocolate Bouquet DIY Packaging Materials Finished Flower Shop Materials Valentine's Day Supplies Chocolate Cup Tray,Free Returns ✓ Free Shipping✓. 10pcs Transparent Chocolate Bouquet DIY Packaging Materials Finished Flower Shop Materials Valentine's Day Supplies Chocolate Cup Tray- Other Party Supplies at SHEIN.,2.8,2.8,USD,TRUE,Transparent,Chocolate Cup Torus,US,us.shein.com,10,40,40,,Toys & Games,Other Party Supplies,SHEIN,TRUE,TRUE,1,White
"1 Set,Automatic Watering System Indoor Drip Irrigation System With 10 Heads Plant Watering Unit,Yard And Garden Watering Can For Indoor Outdoor Plants 5.25Ft","Free Returns ✓ Free Shipping✓. 1 Set,Automatic Watering System Indoor Drip Irrigation System With 10 Heads Plant Watering Unit,Yard And Garden Watering Can For Indoor Outdoor Plants 5.25Ft- Watering Kits at SHEIN.",5.7,4.85,USD,TRUE,Blue,one-size,US,us.shein.com,14,41,41,,Home & Living,Watering Kits,SHEIN,FALSE,TRUE,0.8508771929824561,Blue
"1 Set Of 2 Pieces Mop And Bucket Set With New Separation Of Clean And Dirty Water Design, Household Rotating Mop, Slouchy Mop, Hands-Free Flat Sucker Mop, Suitable For Daily Use","Free Returns ✓ Free Shipping✓. 1 Set Of 2 Pieces Mop And Bucket Set With New Separation Of Clean And Dirty Water Design, Household Rotating Mop, Slouchy Mop, Hands-Free Flat Sucker Mop, Suitable For Daily Use- Mops and Mop Sets at SHEIN.",74.6,74.6,USD,TRUE,White,one-size,US,us.shein.com,18,42,42,,Home & Living,Mops and Mop Sets,SHEIN,TRUE,FALSE,1,White
"1PC Selenite Crystal Pumpkin Ghost Head Carving - Natural Rock Crystal Halloween Decor, Home & Office Ornamental","Free Returns ✓ Free Shipping✓. 1PC Selenite Crystal Pumpkin Ghost Head Carving - Natural Rock Crystal Halloween Decor, Home & Office Ornamental- Crystal Shapes & Carvings at SHEIN.",6.9,3.45,USD,TRUE,Multicolor,Plaster Pumpkin Head,US,us.shein.com,23,43,43,,Jewelry & Watches,Crystal Shapes & Carvings,SHEIN,TRUE,TRUE,0.5,Multicolor
"1set-Halloween Party Hanging Swirl Decorations, Bat  Ghost Pumpkin Black Cat Cards Hanging Swirl Party Supplies,Halloween Party Decorations Set For Outdoor Indoor Decor","Free Returns ✓ Free Shipping✓. 1set-Halloween Party Hanging Swirl Decorations, Bat  Ghost Pumpkin Black Cat Cards Hanging Swirl Party Supplies,Halloween Party Decorations Set For Outdoor Indoor Decor- Party Backdrops at SHEIN.",3.8,3.23,USD,TRUE,Multicolor,1set,US,us.shein.com,5,44,44,,Home & Living,Party Backdrops,SHEIN,TRUE,TRUE,0.8500000000000001,Multicolor
"20pcs Purple Disposable Napkins,Flower Shape Table Napkins For Weding Supplies, Party Favors, Hen Party Decorations Birthday And Restaurant","Free Returns ✓ Free Shipping✓. 20pcs Purple Disposable Napkins,Flower Shape Table Napkins For Weding Supplies, Party Favors, Hen Party Decorations Birthday And Restaurant- Disposable Napkins at SHEIN.",2.6,2.5,USD,TRUE,Purple,one-size,US,us.shein.com,22,45,45,,Home & Living,Disposable Napkins,SHEIN,TRUE,TRUE,0.9615384615384615,Purple
"14pcs WHite Hair Beads Accessories For Braids,Star Pearl Small Bear Design Hair Rings Decorations,Women Hair Accessories For Hair And Dreadlocks. Street","Free Returns ✓ Free Shipping✓. 14pcs WHite Hair Beads Accessories For Braids,Star Pearl Small Bear Design Hair Rings Decorations,Women Hair Accessories For Hair And Dreadlocks. Street- Hair Clips at SHEIN.",1.4,1.4,USD,TRUE,White,one-size,US,us.shein.com,7,46,46,,Apparel Accessories,Hair Clips,SHEIN,TRUE,TRUE,1,White
"30pcs/Set Minimal Solid Color French Almond Flower Style Full Cover Short False Nails With 1pc Jelly Gel & 1pc Nail File, For Women & Girls Beauty Parties, Dates, Events","Free Returns ✓ Free Shipping✓. 30pcs/Set Minimal Solid Color French Almond Flower Style Full Cover Short False Nails With 1pc Jelly Gel & 1pc Nail File, For Women & Girls Beauty Parties, Dates, Events- Press On False Nails at SHEIN.",1.8,1.6,USD,TRUE,Multicolor,Almond,US,us.shein.com,5,47,47,,Beauty & Health,Press On False Nails,SHEIN,TRUE,TRUE,0.888888888888889,Multicolor
1 Set Halloween Scarecrow Pumpkin Home Bedroom Living Room Decor,Free Returns ✓ Free Shipping✓. 1 Set Halloween Scarecrow Pumpkin Home Bedroom Living Room Decor- Mirror Stickers at SHEIN.,3.4,2.72,USD,TRUE,Multicolor,one-size,US,us.shein.com,6,48,48,,Home & Living,Mirror Stickers,SHEIN,TRUE,TRUE,0.8,Multicolor
Unbeatablesale Hydro Air HA104320 Gunite Venturi Tee,Free Returns ✓ Free Shipping✓. Unbeatablesale Hydro Air HA104320 Gunite Venturi Tee- Swimming Pools at SHEIN.,24.32,24.32,USD,TRUE,Multicolor,one-size,US,us.shein.com,3,49,49,,Sports & Outdoor,Swimming Pools,Unbeatablesale,TRUE,TRUE,1,Multicolor
"Jepeak Jepeak Pack Of 4 Rhombus Textured Throw Pillow Covers Cushion Cases, Burlap Linen Decorative Pillow Covers For Sofa Couch Bed Home Decor, 16x24 Inch","Free Returns ✓ Free Shipping✓. Jepeak Jepeak Pack Of 4 Rhombus Textured Throw Pillow Covers Cushion Cases, Burlap Linen Decorative Pillow Covers For Sofa Couch Bed Home Decor, 16x24 Inch- Cushion Cover at SHEIN.",36.4,26.2,USD,TRUE,Light Cyan,40*60,US,us.shein.com,22,50,50,,Home Textile,Cushion Cover,Jepeak,FALSE,TRUE,0.7197802197802198,Teal
"New Casual Solid Color One Shoulder Bag, Street Style Simple Tote Hand Carry Crossbody Square Bag","Free Returns ✓ Free Shipping✓. New Casual Solid Color One Shoulder Bag, Street Style Simple Tote Hand Carry Crossbody Square Bag- Women Top Handle Bags at SHEIN.",10.3,9.7,USD,TRUE,Black,one-size,US,us.shein.com,10,51,51,,Bags & Luggage,Women Top Handle Bags,SHEIN,TRUE,TRUE,0.9417475728155339,Green
"Unbeatablesale 1.75 In. Clear Gel Floating Candles, Aqua - 12 Piece Per Box","Free Returns ✓ Free Shipping✓. Unbeatablesale 1.75 In. Clear Gel Floating Candles, Aqua - 12 Piece Per Box- Candles at SHEIN.",16.8,16.8,USD,TRUE,Multicolor,one-size,US,us.shein.com,3,52,52,,Home & Living,Candles,Unbeatablesale,TRUE,TRUE,1,Multicolor
"22LB Life Size Sex Doll Torso, Lifelike Female Sex Doll For Men With Soft Big Boobs Big Butt Pussy Ass, Realistic Sex Dolls Full Size Love Dolls Male Masturbator For Vaginal Anal Breast Sex","Free Returns ✓ Free Shipping✓. 22LB Life Size Sex Doll Torso, Lifelike Female Sex Doll For Men With Soft Big Boobs Big Butt Pussy Ass, Realistic Sex Dolls Full Size Love Dolls Male Masturbator For Vaginal Anal Breast Sex- Sex Dolls at SHEIN.",153,95.7,USD,TRUE,Pink,22LB,US,us.shein.com,12,53,53,,Beauty & Health,Sex Dolls,SHEIN,TRUE,TRUE,0.6254901960784314,Brown
Casual Solid Color Shoulder Bag New Style Handbag Fashion Simple Crossbody Square Bag,Free Returns ✓ Free Shipping✓. Casual Solid Color Shoulder Bag New Style Handbag Fashion Simple Crossbody Square Bag- Women Top Handle Bags at SHEIN.,11.3,10.6,USD,TRUE,White,one-size,US,us.shein.com,9,54,54,,Bags & Luggage,Women Top Handle Bags,SHEIN,TRUE,TRUE,0.9380530973451326,White
"Unbeatablesale Jgoodin P50180R-V01 Myra Necklace 10 CT Rhodium Necklace, Multi Color","Free Returns ✓ Free Shipping✓. Unbeatablesale Jgoodin P50180R-V01 Myra Necklace 10 CT Rhodium Necklace, Multi Color- Women Layered Necklaces at SHEIN.",23.46,23.46,USD,TRUE,Multicolor,one-size,US,us.shein.com,3,55,55,,Jewelry & Watches,Women Layered Necklaces,Unbeatablesale,TRUE,TRUE,1,Multicolor
New Casual Solid Color Shoulder Bag Street Fashion Simple Trendy Crossbody Square Handbag,Free Returns ✓ Free Shipping✓. New Casual Solid Color Shoulder Bag Street Fashion Simple Trendy Crossbody Square Handbag- Women Top Handle Bags at SHEIN.,11.7,7.61,USD,TRUE,White,one-size,US,us.shein.com,7,56,56,,Bags & Luggage,Women Top Handle Bags,SHEIN,TRUE,TRUE,0.6504273504273506,White
30pcs  Ear Plasters Waterproof Correction Ear Surface Ear Flash Ear Face Small Invisible Breathable Skin Friendly Fixed Patch Self Adhesive Patch For Delicate Face,Free Returns ✓ Free Shipping✓. 30pcs  Ear Plasters Waterproof Correction Ear Surface Ear Flash Ear Face Small Invisible Breathable Skin Friendly Fixed Patch Self Adhesive Patch For Delicate Face- Tool Accessories at SHEIN.,2.4,2.1,USD,FALSE,Clear,30pcs,US,us.shein.com,10,57,57,,Beauty & Health,Tool Accessories,SHEIN,TRUE,FALSE,0.8750000000000001,White
10pcs Red Satin Chair Sashes Bows Silk Chair Ribbon Ties For Wedding Banquet Party Hotel Event Decorations,Free Returns ✓ Free Shipping✓. 10pcs Red Satin Chair Sashes Bows Silk Chair Ribbon Ties For Wedding Banquet Party Hotel Event Decorations- Sashes at SHEIN.,11.9,10.93,USD,TRUE,Red,15x275cm,US,us.shein.com,11,58,58,,Home Textile,Sashes,SHEIN,TRUE,TRUE,0.9184873949579831,Red
Unbeatablesale Keeney SD8BRASSNC Shower Drain For 2 In. Sch 40. ABS &Amp; PVC Pipe,Free Returns ✓ Free Shipping✓. Unbeatablesale Keeney SD8BRASSNC Shower Drain For 2 In. Sch 40. ABS &Amp; PVC Pipe- Showerheads & Accessories at SHEIN.,36.24,36.24,USD,TRUE,Multicolor,one-size,US,us.shein.com,3,59,59,,Tools & Home Improvement,Showerheads & Accessories,Unbeatablesale,TRUE,TRUE,1,Multicolor
Unbeatablesale Intrend Tile LS014-D Granite Basketweave Pattern Mosaic Blend,Free Returns ✓ Free Shipping✓. Unbeatablesale Intrend Tile LS014-D Granite Basketweave Pattern Mosaic Blend- Swimming Pools at SHEIN.,23.93,23.93,USD,TRUE,Multicolor,one-size,US,us.shein.com,3,60,60,,Sports & Outdoor,Swimming Pools,Unbeatablesale,TRUE,TRUE,1,Multicolor
"New Arrival Street Style Casual Solid Color Shoulder Bag, Handbag, Crossbody Bag, Fashionable And Minimalist Small Square Bag","Free Returns ✓ Free Shipping✓. New Arrival Street Style Casual Solid Color Shoulder Bag, Handbag, Crossbody Bag, Fashionable And Minimalist Small Square Bag- Women Top Handle Bags at SHEIN.",11.4,8.55,USD,TRUE,Khaki,one-size,US,us.shein.com,10,61,61,,Bags & Luggage,Women Top Handle Bags,SHEIN,TRUE,TRUE,0.75,Brown
10pcs Reusable Transparent PET Index Labels - Office Supplies,Free Returns ✓ Free Shipping✓. 10pcs Reusable Transparent PET Index Labels - Office Supplies- Sticky Notes at SHEIN.,1.5,1.5,USD,TRUE,Multicolor,10 Colors,US,us.shein.com,10,62,62,,Office & School Supplies,Sticky Notes,SHEIN,TRUE,TRUE,1,Multicolor
"20pairs/Pack Mixed Style Transparent Eyelashes, 8D Fluffy Mink Cat Eye Effect, Transparent Band For More Comfortable And Natural Wear, Extending And Enhancing Outer Eye Corner Beauty Tool, Lightweight And Comfortable, Suitable For Daily Occasions, Work, Holidays And More","Free Returns ✓ Free Shipping✓. 20pairs/Pack Mixed Style Transparent Eyelashes, 8D Fluffy Mink Cat Eye Effect, Transparent Band For More Comfortable And Natural Wear, Extending And Enhancing Outer Eye Corner Beauty Tool, Lightweight And Comfortable, Suitable For Daily Occasions, Work, Holidays And More- False Eyelashes at SHEIN.",5.5,4.8,USD,TRUE,Black,Natural Lashes,US,us.shein.com,8,63,63,,Beauty & Health,False Eyelashes,SHEIN,TRUE,TRUE,0.8727272727272727,Green
"Unbeatablesale Jacks 10186-PU Cotton Lead Rope, Purple","Free Returns ✓ Free Shipping✓. Unbeatablesale Jacks 10186-PU Cotton Lead Rope, Purple- Horse Grooming & Bathing Supplies at SHEIN.",31.1,31.1,USD,TRUE,Purple,one-size,US,us.shein.com,3,64,64,,Pet Supplies,Horse Grooming & Bathing Supplies,Unbeatablesale,TRUE,TRUE,1,Purple
"1PC Rocket Shaped Pool Floats For Kids With Water Pistol,Summer Infant Pool Float Beach Toys In Water,Baby Swimming Ring Toddler Floaties With Handle","Free Returns ✓ Free Shipping✓. 1PC Rocket Shaped Pool Floats For Kids With Water Pistol,Summer Infant Pool Float Beach Toys In Water,Baby Swimming Ring Toddler Floaties With Handle- Children Water Sports at SHEIN.",16,14.1,USD,TRUE,Red,Recommended 10-25KG,US,us.shein.com,6,65,65,,Sports & Outdoor,Children Water Sports,SHEIN,TRUE,TRUE,0.88125,Red
"31 Pieces, 10 Inch White Heart-Shaped Latex Balloons With Ribbons, Valentine's Day Decoration, Birthday Decoration, Wedding Decoration, Anniversary Decoration, Theme Event Decoration, Engagement Decoration, Home Decoration, Party Decoration Supplies","Free Returns ✓ Free Shipping✓. 31 Pieces, 10 Inch White Heart-Shaped Latex Balloons With Ribbons, Valentine's Day Decoration, Birthday Decoration, Wedding Decoration, Anniversary Decoration, Theme Event Decoration, Engagement Decoration, Home Decoration, Party Decoration Supplies- Decorative Balloons at SHEIN.",2.7,2.3,USD,TRUE,White,one-size,US,us.shein.com,6,66,66,,Home & Living,Decorative Balloons,SHEIN,TRUE,TRUE,0.8518518518518517,White
"New Warm Flip-Cover Thick Fingerless Knitted Gloves, Faux Cashmere, For Winter, Factory","Free Returns ✓ Free Shipping✓. New Warm Flip-Cover Thick Fingerless Knitted Gloves, Faux Cashmere, For Winter, Factory- Men Other Gloves at SHEIN.",3.6,3.4,USD,TRUE,Khaki,one-size,US,us.shein.com,12,67,67,,Men,Men Other Gloves,SHEIN,TRUE,TRUE,0.9444444444444444,Brown
"1 Set Sewing Microneedle With 50 Bear Clips And 660 Adhesive Pin Quick Clothing Retentors, Mini Sewing Machine For Quick Attachment Of Clothing Buttons, Handheld Sewing Machine Instant Button Clothing Connector, Durable And Comfortable Clip Kit For Clothing, Quilts, Sheets, Etc","Free Returns ✓ Free Shipping✓. 1 Set Sewing Microneedle With 50 Bear Clips And 660 Adhesive Pin Quick Clothing Retentors, Mini Sewing Machine For Quick Attachment Of Clothing Buttons, Handheld Sewing Machine Instant Button Clothing Connector, Durable And Comfortable Clip Kit For Clothing, Quilts, Sheets, Etc- Tag Guns at SHEIN.",5,4.8,USD,TRUE,Multicolor,one-size,US,us.shein.com,7,68,68,,Home & Living,Tag Guns,SHEIN,TRUE,TRUE,0.96,Multicolor
"2024New 18inch Doll Clothes,Fit 38-45 Cm Newborn Dolls And Baby Dolls (Dolls Not Included)","Free Returns ✓ Free Shipping✓. 2024New 18inch Doll Clothes,Fit 38-45 Cm Newborn Dolls And Baby Dolls (Dolls Not Included)- Kids Doll Clothing at SHEIN.",5.4,4.84,USD,TRUE,White,one-size,US,us.shein.com,11,69,69,,Toys & Games,Kids Doll Clothing,SHEIN,TRUE,TRUE,0.8962962962962963,White
"Insulated Door Curtain,31.5x83in Winter Doorway Cover Screen, Soundproof Blanket, Privacy Curtains, Noise Reduction Door Cover, Noise Barrier Blanket For Patio Kitchen Bedroom (31.5x83in-Gray)","Free Returns ✓ Free Shipping✓. Insulated Door Curtain,31.5x83in Winter Doorway Cover Screen, Soundproof Blanket, Privacy Curtains, Noise Reduction Door Cover, Noise Barrier Blanket For Patio Kitchen Bedroom (31.5x83in-Gray)- Japanese Curtains at SHEIN.",135,67.5,USD,TRUE,Grey,"31.5""x83""",US,us.shein.com,9,70,70,,Home & Living,Japanese Curtains,SHEIN,TRUE,TRUE,0.5,Grey
"Unbeatablesale 22 In. W X 22 In. H Round Gable Vent Louver, Decorative","Free Returns ✓ Free Shipping✓. Unbeatablesale 22 In. W X 22 In. H Round Gable Vent Louver, Decorative- Wall Decoration at SHEIN.",73.54,73.54,USD,TRUE,Multicolor,one-size,US,us.shein.com,3,71,71,,Home & Living,Wall Decoration,Unbeatablesale,TRUE,TRUE,1,Multicolor
"Plaid Pattern Shoulder Tote Bag With Bag Charm Handbags for Women, Shoulder Bags Purse Top Handle Hobo Handbag, Large Capacity Purse Satchel Fashionable Tote Bag School Gift, Retro Crossbody Purse Travel Back packs","Free Returns ✓ Free Shipping✓. Plaid Pattern Shoulder Tote Bag With Bag Charm Handbags for Women, Shoulder Bags Purse Top Handle Hobo Handbag, Large Capacity Purse Satchel Fashionable Tote Bag School Gift, Retro Crossbody Purse Travel Back packs- Women Tote Bags at SHEIN.",10.7,8.03,USD,TRUE,Multicolor,one-size,US,us.shein.com,9,72,72,,Bags & Luggage,Women Tote Bags,SHEIN,TRUE,TRUE,0.7504672897196262,Multicolor
"31.4in Gold Garment Rack Metal Wardrobe Rack With Wheels Closet Hanger Rack For Coats, Shirts, Dress Halloween Decorations Halloween Costumes Autumn Decor Festival Decor","Free Returns ✓ Free Shipping✓. 31.4in Gold Garment Rack Metal Wardrobe Rack With Wheels Closet Hanger Rack For Coats, Shirts, Dress Halloween Decorations Halloween Costumes Autumn Decor Festival Decor- Standard Hanger at SHEIN.",59.99,45.6,USD,TRUE,Gold,68.5*31.4,US,us.shein.com,6,73,73,,Home & Living,Standard Hanger,SHEIN,TRUE,TRUE,0.7601266877812969,Gold
"30Pcs/Box Boxed Stickers, Hibiscus Flower Blooming Series, Exquisite Artistic Flower Petal Theme Stickers, Scrapbook Supplies, Decorative Notebooks, Photo Frames, Phone Cases, Water Cups, Garbage Magazines, Stationery Boxes, DIY Personalized Collage","Free Returns ✓ Free Shipping✓. 30Pcs/Box Boxed Stickers, Hibiscus Flower Blooming Series, Exquisite Artistic Flower Petal Theme Stickers, Scrapbook Supplies, Decorative Notebooks, Photo Frames, Phone Cases, Water Cups, Garbage Magazines, Stationery Boxes, DIY Personalized Collage- Assorted Stickers at SHEIN.",1.6,1.6,USD,TRUE,Multicolor,Hibiscus Blooming,US,us.shein.com,11,74,74,,Office & School Supplies,Assorted Stickers,SHEIN,TRUE,TRUE,1,Multicolor
"1pc Unique & Charming Daisy Flower Shaped Open Ring, Fashion Jewelry Gift For Women - Party, Birthday, Anniversary","Free Returns ✓ Free Shipping✓. 1pc Unique & Charming Daisy Flower Shaped Open Ring, Fashion Jewelry Gift For Women - Party, Birthday, Anniversary- Fine Single Ring at SHEIN.",8.1,8.1,USD,TRUE,Silver,one-size,US,us.shein.com,8,75,75,,Jewelry & Watches,Fine Single Ring,SHEIN,TRUE,TRUE,1,Silver
"14pcs Set: Creative Triangle Wood Pencils, HB Macaron Colors Pencils, Ergonomic Pencils (Unsharpened)","Free Returns ✓ Free Shipping✓. 14pcs Set: Creative Triangle Wood Pencils, HB Macaron Colors Pencils, Ergonomic Pencils (Unsharpened)- Standard Pencils at SHEIN.",3,1.8,USD,TRUE,Multicolor,Macaron Triangle Pencil,US,us.shein.com,10,76,76,,Office & School Supplies,Standard Pencils,SHEIN,TRUE,TRUE,0.6000000000000001,Multicolor
"Unbeatablesale Kdar N8HD100 7.9 In. Heavy Duty Standard Cable Ties, Natural - Pack Of 100","Free Returns ✓ Free Shipping✓. Unbeatablesale Kdar N8HD100 7.9 In. Heavy Duty Standard Cable Ties, Natural - Pack Of 100- Labeling Supplies at SHEIN.",19.13,19.13,USD,TRUE,Multicolor,one-size,US,us.shein.com,3,77,77,,Home & Living,Labeling Supplies,Unbeatablesale,TRUE,TRUE,1,Multicolor
"1pc Unisex Children & Adults Rhinestone Studded Belt, Punk Fashion Rivet Leather Belt For Jeans, Jackets, Millennium Punk, Hip Hop, Cosplay, Halloween","Free Returns ✓ Free Shipping✓. 1pc Unisex Children & Adults Rhinestone Studded Belt, Punk Fashion Rivet Leather Belt For Jeans, Jackets, Millennium Punk, Hip Hop, Cosplay, Halloween- Kids Belts & Suspenders at SHEIN.",3.6,3.1,USD,TRUE,Black,90,US,us.shein.com,12,78,78,,Kids,Kids Belts & Suspenders,SHEIN,TRUE,TRUE,0.8611111111111112,Green
Unbeatablesale T Black Halter - 800-1100 Lbs - Medium,"Free Returns ✓ Free Shipping✓. Unbeatablesale T Black Halter - 800-1100 Lbs - Medium- Pet Collars, Leashes & Harnesses Sets at SHEIN.",48.12,48.12,USD,TRUE,Multicolor,one-size,US,us.shein.com,3,79,79,,Pet Supplies,"Pet Collars, Leashes & Harnesses Sets",Unbeatablesale,TRUE,TRUE,1,Multicolor
"1set Butterfly Girl Digit Oil Painting Kit, Art Painting Set For Bedroom Decor And Wall Art, Simple And Fun Painting Hobby, Best Gift For Friend, 40*50CM","Free Returns ✓ Free Shipping✓. 1set Butterfly Girl Digit Oil Painting Kit, Art Painting Set For Bedroom Decor And Wall Art, Simple And Fun Painting Hobby, Best Gift For Friend, 40*50CM- Paint By Number & Accessories at SHEIN.",6.4,6.2,USD,TRUE,Apricot,40*50,US,us.shein.com,5,80,80,,Home & Living,Paint By Number & Accessories,SHEIN,FALSE,TRUE,0.96875,Orange
Swimming Pool Cover Protector Dustproof Waterproof Paddling Pool Cover 10,Free Returns ✓ Free Shipping✓. Swimming Pool Cover Protector Dustproof Waterproof Paddling Pool Cover 10- Other (Swim Gear) at SHEIN.,59.99,30.99,USD,TRUE,Blue,M,US,us.shein.com,9,81,81,,Sports & Outdoor,Other (Swim Gear),SHEIN,TRUE,FALSE,0.516586097682947,Blue
Asics Women's Gel Kayano 30 Running Shoes In Blue Denim,Free Returns ✓ Free Shipping✓. Asics Women's Gel Kayano 30 Running Shoes In Blue Denim- Women's Running Shoes at SHEIN.,162.75,162.75,USD,TRUE,Blue Denim,US 11,US,us.shein.com,6,82,82,,Sports & Outdoor,Women's Running Shoes,Asics,FALSE,TRUE,1,Blue
Kapuluan Coconut Oil Jar 2oz And Coconut Pulling Oil Tropical Breeze Flavor 8oz,Free Returns ✓ Free Shipping✓. Kapuluan Coconut Oil Jar 2oz And Coconut Pulling Oil Tropical Breeze Flavor 8oz- Mouthwash at SHEIN.,27,24.99,USD,TRUE,Multicolor,one-size,US,us.shein.com,4,83,83,,Beauty & Health,Mouthwash,SHEIN,TRUE,TRUE,0.9255555555555555,Multicolor
20pcs Flower Design Hair Claw Boho,Free Returns ✓ Free Shipping✓. 20pcs Flower Design Hair Claw Boho- Hair Claws at SHEIN.,1.6,1.6,USD,TRUE,Gold,one-size,US,us.shein.com,7,84,84,,Apparel Accessories,Hair Claws,SHEIN,TRUE,TRUE,1,Gold
Syncfun 28 Pcs Valentine 28 Mochi Squishy Filled Heart Toys And Cards,Free Returns ✓ Free Shipping✓. Syncfun 28 Pcs Valentine 28 Mochi Squishy Filled Heart Toys And Cards- Fidget Toys for Teenager at SHEIN.,24.8,18.8,USD,TRUE,Multicolor,one-size,US,us.shein.com,10,85,85,,Toys & Games,Fidget Toys for Teenager,SHEIN,TRUE,TRUE,0.7580645161290323,Multicolor
20pcs Cute Cartoon Pink Hair Clip For Women,Free Returns ✓ Free Shipping✓. 20pcs Cute Cartoon Pink Hair Clip For Women- Hair Clips at SHEIN.,3.8,3.6,USD,TRUE,Multicolor,one-size,US,us.shein.com,8,86,86,,Apparel Accessories,Hair Clips,SHEIN,TRUE,TRUE,0.9473684210526316,Multicolor
20pcs Random Color Hair Claw Boho,Free Returns ✓ Free Shipping✓. 20pcs Random Color Hair Claw Boho- Hair Claws at SHEIN.,1.4,1.4,USD,TRUE,Multicolor,one-size,US,us.shein.com,4,87,87,,Apparel Accessories,Hair Claws,SHEIN,TRUE,TRUE,1,Multicolor
20pcs Cute Cartoon Pink Hair Clips For Women,Free Returns ✓ Free Shipping✓. 20pcs Cute Cartoon Pink Hair Clips For Women- Hair Clips at SHEIN.,3.2,2.56,USD,TRUE,Multicolor,one-size,US,us.shein.com,7,88,88,,Apparel Accessories,Hair Clips,SHEIN,TRUE,TRUE,0.7999999999999999,Multicolor
20PCS Women's 3 Color Box Y2k Dopamine Color Pentagon Star Small Hairpin Bb Clip,Free Returns ✓ Free Shipping✓. 20PCS Women's 3 Color Box Y2k Dopamine Color Pentagon Star Small Hairpin Bb Clip- Hair Clips at SHEIN.,2.3,1.38,USD,TRUE,Pink Rabbit Box,one-size,US,us.shein.com,15,89,89,,Apparel Accessories,Hair Clips,SHEIN,TRUE,TRUE,0.6,Pink
"1pc Travel Portable Door Lock, Reliable Safety For Travel And Hotel Stays, Provides Extra Privacy And Security Against Unauthorized Entry For Homes, Hotels, And Apartments Travel Essentials School Back To School School Supplies Holiday Camping Holiday Essentials Vacation Accessories Mini Summer","Free Returns ✓ Free Shipping✓. 1pc Travel Portable Door Lock, Reliable Safety For Travel And Hotel Stays, Provides Extra Privacy And Security Against Unauthorized Entry For Homes, Hotels, And Apartments Travel Essentials School Back To School School Supplies Holiday Camping Holiday Essentials Vacation Accessories Mini Summer- Cipher Locks at SHEIN.",4,3.8,USD,TRUE,Multicolor,one-size,US,us.shein.com,4,90,90,,Bags & Luggage,Cipher Locks,SHEIN,TRUE,TRUE,0.95,Multicolor
"Unbeatablesale 36 In. Spiral Eucalyptus Vine Artificial Flower Leaf,; Burgundy","Free Returns ✓ Free Shipping✓. Unbeatablesale 36 In. Spiral Eucalyptus Vine Artificial Flower Leaf,; Burgundy- Artificial Grass at SHEIN.",24.5,24.5,USD,TRUE,Multicolor,one-size,US,us.shein.com,3,91,91,,Sports & Outdoor,Artificial Grass,Unbeatablesale,FALSE,TRUE,1,Multicolor
"1PC Silk Roses Vine Artificial Flowers Fake Green Leaf Plants Valentine's Day Bride Bouquet For Autumn Decorations Wedding Vase For Home Dining Room Bedroom Decorations, Festival Birthday Party Accessories, Outdoor Garden Decorations","Free Returns ✓ Free Shipping✓. 1PC Silk Roses Vine Artificial Flowers Fake Green Leaf Plants Valentine's Day Bride Bouquet For Autumn Decorations Wedding Vase For Home Dining Room Bedroom Decorations, Festival Birthday Party Accessories, Outdoor Garden Decorations- Artificial Flowers at SHEIN.",2.7,2.6,USD,FALSE,Red,1PC,US,us.shein.com,4,92,92,,Home & Living,Artificial Flowers,SHEIN,TRUE,TRUE,0.9629629629629629,Red
Fossil Women's Harlow Linear Texture Gold-Tone Stainless Steel Chain Necklace,Free Returns ✓ Free Shipping✓. Fossil Women's Harlow Linear Texture Gold-Tone Stainless Steel Chain Necklace- Women Pendant Necklaces at SHEIN.,54.25,54.25,USD,TRUE,Gold,Small/Medium,US,us.shein.com,3,93,93,,Jewelry & Watches,Women Pendant Necklaces,Fossil,TRUE,TRUE,1,Gold
Judy Blue HIGH WAIST STRAIGHT LEG JEAN,Free Returns ✓ Free Shipping✓. Judy Blue HIGH WAIST STRAIGHT LEG JEAN- Women Jeans at SHEIN.,78,55,USD,TRUE,Medium Blue,18w,US,us.shein.com,3,94,94,,Women Apparel,Women Jeans,SHEIN,TRUE,TRUE,0.7051282051282051,Blue
"Summer Orange Juice Drink Scented Candle - Candle Gift Set, Smokeless Candle, Healthy & , Orange Juice Fragrance Candle To Bring Vitality & Freshness To Your Space","Free Returns ✓ Free Shipping✓. Summer Orange Juice Drink Scented Candle - Candle Gift Set, Smokeless Candle, Healthy & , Orange Juice Fragrance Candle To Bring Vitality & Freshness To Your Space- Jar Candles at SHEIN.",9,8.7,USD,TRUE,Burnt Orange,9*9*10cm,US,us.shein.com,15,95,95,,Home & Living,Jar Candles,SHEIN,FALSE,TRUE,0.9666666666666666,Orange
10pcs Student Cartoon Pencil Writing Wooden Pencil With Rubber Head Exam Learning Prize (Random Style),Free Returns ✓ Free Shipping✓. 10pcs Student Cartoon Pencil Writing Wooden Pencil With Rubber Head Exam Learning Prize (Random Style)- Kids Writing Tools at SHEIN.,2.3,2.3,USD,TRUE,Multicolor,one-size,US,us.shein.com,16,96,96,,Toys & Games,Kids Writing Tools,SHEIN,TRUE,TRUE,1,Multicolor
"JENNIFER 24 Inches Of Natural Layered Long Curly Hair With Fringe Wig, Specially Designed For Girls A Beautiful Wig, Suitable For Women Festival Cosplay Friends Party Daily Wear","Free Returns ✓ Free Shipping✓. JENNIFER 24 Inches Of Natural Layered Long Curly Hair With Fringe Wig, Specially Designed For Girls A Beautiful Wig, Suitable For Women Festival Cosplay Friends Party Daily Wear- Synthetic Woven Wigs at SHEIN.",14.6,12.7,USD,TRUE,Black,24 inch,US,us.shein.com,22,97,97,,Beauty & Health,Synthetic Woven Wigs,SHEIN,TRUE,TRUE,0.8698630136986301,Green
"20pcs Furniture Chair Leg Protectors, Silicone Chair Leg Covers, Anti-Slip Chair Leg Pads","Free Returns ✓ Free Shipping✓. 20pcs Furniture Chair Leg Protectors, Silicone Chair Leg Covers, Anti-Slip Chair Leg Pads- Edge Protection at SHEIN.",2.2,2.1,USD,TRUE,White,one-size,US,us.shein.com,10,98,98,,Home & Living,Edge Protection,SHEIN,TRUE,TRUE,0.9545454545454545,White
New Student Pencil Case Ins Large Capacity Simple Front Window Pencil Case Girl Cosmetic Bag Storage Bag Pencil Case,Free Returns ✓ Free Shipping✓. New Student Pencil Case Ins Large Capacity Simple Front Window Pencil Case Girl Cosmetic Bag Storage Bag Pencil Case- Pencil Bags at SHEIN.,4.3,2.15,USD,TRUE,Multicolor,Pink,US,us.shein.com,10,99,99,,Office & School Supplies,Pencil Bags,SHEIN,TRUE,TRUE,0.5,Multicolor
Paris Hilton Just Me For Men 3.4 Oz EDT Spray,Free Returns ✓ Free Shipping✓. Paris Hilton Just Me For Men 3.4 Oz EDT Spray- Perfume at SHEIN.,48.66,37.69,USD,TRUE,Green,3.4oz,US,us.shein.com,4,100,100,,Beauty & Health,Perfume,Paris Hilton,TRUE,TRUE,0.7745581586518702,Green
"Jepeak Jepeak Decorative Throw Pillow Covers Pack Of 4 Chenille Pillowcases Cozy Modern Concise Square Cushion Covers For Sofa Couch Bedroom Home Decor, 24x24 Inch","Free Returns ✓ Free Shipping✓. Jepeak Jepeak Decorative Throw Pillow Covers Pack Of 4 Chenille Pillowcases Cozy Modern Concise Square Cushion Covers For Sofa Couch Bedroom Home Decor, 24x24 Inch- Cushion Cover at SHEIN.",42,30.2,USD,TRUE,DimGrey,60*60,US,us.shein.com,18,101,101,,Home Textile,Cushion Cover,Jepeak,TRUE,TRUE,0.719047619047619,Grey
Instantly Upgrade Your Look With 24pcs Short Square Black White French Style Asymmetrical Stripe Graffiti Elegant Floral Solid Color Glitter 3D Star Bling Pearl Heart Rhinestone Decor Full Cover Fake Press On Nail Kit Suitable For Daily Will Give Your Look A Hot,Free Returns ✓ Free Shipping✓. Instantly Upgrade Your Look With 24pcs Short Square Black White French Style Asymmetrical Stripe Graffiti Elegant Floral Solid Color Glitter 3D Star Bling Pearl Heart Rhinestone Decor Full Cover Fake Press On Nail Kit Suitable For Daily Will Give Your Look A Hot- Press On False Nails at SHEIN.,2.1,1.8,USD,TRUE,Black and White,Square,US,us.shein.com,15,102,102,,Beauty & Health,Press On False Nails,SHEIN,FALSE,TRUE,0.8571428571428571,Black
"20Pcs Pretty Girl Series DIY Charms For Shoe Key Chain Sandals Beach Bags, PVC Shoe Charms For Clogs Premium Quality Popular Decorations Accessories Great Gifts For Christmas, Birthday, Party","Free Returns ✓ Free Shipping✓. 20Pcs Pretty Girl Series DIY Charms For Shoe Key Chain Sandals Beach Bags, PVC Shoe Charms For Clogs Premium Quality Popular Decorations Accessories Great Gifts For Christmas, Birthday, Party- Fittings DIY & Tools at SHEIN.",2.2,2.1,USD,TRUE,Multicolor,20Pcs,US,us.shein.com,9,103,103,,Apparel Accessories,Fittings DIY & Tools,SHEIN,TRUE,TRUE,0.9545454545454545,Multicolor
"14pcs Pink Hair Beads Accessories For Braids,Star Pearl Small Bear Design Hair Rings Decorations,Women Hair Accessories For Hair And Dreadlocks. Cute","Free Returns ✓ Free Shipping✓. 14pcs Pink Hair Beads Accessories For Braids,Star Pearl Small Bear Design Hair Rings Decorations,Women Hair Accessories For Hair And Dreadlocks. Cute- Hair Clips at SHEIN.",1.5,1.4,USD,TRUE,Pink,one-size,US,us.shein.com,7,104,104,,Apparel Accessories,Hair Clips,SHEIN,TRUE,FALSE,0.9333333333333332,Brown
"ROMWE Fairycore 10pcs Fall Star & Moon Hand-Painted False Nails + 3pcs Double-Sided Adhesive, Removable Manicure Stickers, High Gloss Colorful Nail Art, Fit For Holiday Party, Dance & Daily Wear","Free Returns ✓ Free Shipping✓. ROMWE Fairycore 10pcs Fall Star & Moon Hand-Painted False Nails + 3pcs Double-Sided Adhesive, Removable Manicure Stickers, High Gloss Colorful Nail Art, Fit For Holiday Party, Dance & Daily Wear- Press On False Nails at SHEIN.",7.2,6.3,USD,TRUE,Multicolor,M,US,us.shein.com,4,105,105,,Beauty & Health,Press On False Nails,ROMWE,TRUE,TRUE,0.875,Multicolor
Unbeatablesale Super Talent FNX512MORM NGFF DX3 512GB M.2 SATA3 Solid State Drive,Free Returns ✓ Free Shipping✓. Unbeatablesale Super Talent FNX512MORM NGFF DX3 512GB M.2 SATA3 Solid State Drive- Computer & Office Accessories at SHEIN.,48.79,48.79,USD,TRUE,Multicolor,one-size,US,us.shein.com,3,106,106,,Office & School Supplies,Computer & Office Accessories,Unbeatablesale,TRUE,TRUE,1,Multicolor
30pcs-2024 Graduation Cap Gift Box Graduation Party Favors Box Candy Treat Box With Gold Tassel - Class Of 2024 Congrats Grad Centerpieces For Table Graduation Party Decorations 2024 - Black Gold,Free Returns ✓ Free Shipping✓. 30pcs-2024 Graduation Cap Gift Box Graduation Party Favors Box Candy Treat Box With Gold Tassel - Class Of 2024 Congrats Grad Centerpieces For Table Graduation Party Decorations 2024 - Black Gold- Gift Wrap Boxes at SHEIN.,7.3,7.1,USD,TRUE,Multicolor,30pcs Graduation Candy Box,US,us.shein.com,4,107,107,,Home & Living,Gift Wrap Boxes,SHEIN,TRUE,TRUE,0.9726027397260274,Multicolor
Unbeatablesale 2066-11x14-GC 11 X 14 In. Sidewalk Cafe Poster Print By Van Gogh,Free Returns ✓ Free Shipping✓. Unbeatablesale 2066-11x14-GC 11 X 14 In. Sidewalk Cafe Poster Print By Van Gogh- Posters & Prints at SHEIN.,10.67,10.67,USD,TRUE,Multicolor,one-size,US,us.shein.com,3,108,108,,Home & Living,Posters & Prints,Unbeatablesale,TRUE,FALSE,1,Multicolor
Infant Anti-Fall Pillow Head Protector Toddler Walking Safety Pad,Free Returns ✓ Free Shipping✓. Infant Anti-Fall Pillow Head Protector Toddler Walking Safety Pad- Baby Safety Harnesses & Leashes at SHEIN.,17.4,11.31,USD,TRUE,Multicolor,Elephant Anti-fall Pillow,US,us.shein.com,8,109,109,,Baby,Baby Safety Harnesses & Leashes,SHEIN,FALSE,TRUE,0.6500000000000001,Multicolor
Tape In Hair Extensions Synthetic Hair 24 Inches 10pcs 55g/Pack Straight Hair Superior Quality Synthetic Extensions,Free Returns ✓ Free Shipping✓. Tape In Hair Extensions Synthetic Hair 24 Inches 10pcs 55g/Pack Straight Hair Superior Quality Synthetic Extensions- Synthetic Extensions at SHEIN.,7,3.5,USD,TRUE,Black,24 inch,US,us.shein.com,8,110,110,,Beauty & Health,Synthetic Extensions,SHEIN,TRUE,TRUE,0.5,Green
"Casual Solid Color Shoulder Bag, New Fashionable Minimalist Crossbody Handbag","Free Returns ✓ Free Shipping✓. Casual Solid Color Shoulder Bag, New Fashionable Minimalist Crossbody Handbag- Women Top Handle Bags at SHEIN.",10.5,6.83,USD,FALSE,Black,one-size,US,us.shein.com,9,111,111,,Bags & Luggage,Women Top Handle Bags,SHEIN,FALSE,TRUE,0.6504761904761904,Green
Marc Jacobs Women's Handbag WHITE H009L01SP21140-2,Free Returns ✓ Free Shipping✓. Marc Jacobs Women's Handbag WHITE H009L01SP21140-2- Women Top Handle Bags at SHEIN.,504.16,381.5,USD,TRUE,White,TU,US,us.shein.com,5,112,112,,Bags & Luggage,Women Top Handle Bags,Marc Jacobs,TRUE,TRUE,0.7567042208822595,White
"JAKEHOE Multi-Purpose Fabric Stain Remover, Gentle Cleaning For Stubborn Grease And Dirt","Free Returns ✓ Free Shipping✓. JAKEHOE Multi-Purpose Fabric Stain Remover, Gentle Cleaning For Stubborn Grease And Dirt- Clothes, Carpets and Leather Cleaners, Bleaches & Softeners at SHEIN.",3.5,3.4,USD,TRUE,Multicolor,one-size,US,us.shein.com,10,113,113,,Home & Living,"Clothes, Carpets and Leather Cleaners, Bleaches & Softeners",SHEIN,TRUE,TRUE,0.9714285714285714,Multicolor
"1pc/3pcs 10mm Cute Flower Silicone Straw Caps, Reusable Straw Dust Plugs For 30oz & 40oz Tumblers, Valentine's Day Gift School Supplies,Back To School","Free Returns ✓ Free Shipping✓. 1pc/3pcs 10mm Cute Flower Silicone Straw Caps, Reusable Straw Dust Plugs For 30oz & 40oz Tumblers, Valentine's Day Gift School Supplies,Back To School- Straw at SHEIN.",1.9,1.8,USD,TRUE,Rice Flower 3 Pieces,10mm,US,us.shein.com,4,114,114,,Home & Living,Straw,SHEIN,FALSE,TRUE,0.9473684210526316,Yellow
Unbeatablesale 15-1900-2424-608 PVC Board 24 X 24 In. - Dark Blue - 1 Piece,Free Returns ✓ Free Shipping✓. Unbeatablesale 15-1900-2424-608 PVC Board 24 X 24 In. - Dark Blue - 1 Piece- Whiteboard at SHEIN.,26.69,26.69,USD,TRUE,Multicolor,one-size,US,us.shein.com,3,115,115,,Office & School Supplies,Whiteboard,Unbeatablesale,TRUE,FALSE,1,Multicolor
Unbeatablesale Summer Games Large,Free Returns ✓ Free Shipping✓. Unbeatablesale Summer Games Large- Bird Toys at SHEIN.,20.93,20.93,USD,TRUE,Multicolor,one-size,US,us.shein.com,3,116,116,,Pet Supplies,Bird Toys,Unbeatablesale,TRUE,TRUE,1,Multicolor
"12pcs/Set Red ""I Love You"" Letter Balloons Set, Includes Romantic Red Heart Balloons, 16 Inch ""I Love You"" Foil Letter Balloons, For Valentine's Day, Proposal, Wedding Party Decor, Home Decor, Bridal Shower, Special Romantic Night, Anniversary, Birthday Party Decoration","Free Returns ✓ Free Shipping✓. 12pcs/Set Red ""I Love You"" Letter Balloons Set, Includes Romantic Red Heart Balloons, 16 Inch ""I Love You"" Foil Letter Balloons, For Valentine's Day, Proposal, Wedding Party Decor, Home Decor, Bridal Shower, Special Romantic Night, Anniversary, Birthday Party Decoration- Decorative Balloons at SHEIN.",2.8,2.7,USD,TRUE,Multicolor,one-size,US,us.shein.com,12,117,117,,Home & Living,Decorative Balloons,SHEIN,TRUE,TRUE,0.9642857142857144,Multicolor
"1pc Unisex Square Color Changing Polarized Sunglasses, UV Protection For Driving, Fishing","Free Returns ✓ Free Shipping✓. 1pc Unisex Square Color Changing Polarized Sunglasses, UV Protection For Driving, Fishing- Sports Glasses at SHEIN.",3.6,2.74,USD,TRUE,Black,one-size,US,us.shein.com,6,118,118,,Sports & Outdoor,Sports Glasses,SHEIN,TRUE,TRUE,0.7611111111111112,Green
Unbeatablesale TDI Brands 31-2052 Dewit Dutch Transplant Spade,Free Returns ✓ Free Shipping✓. Unbeatablesale TDI Brands 31-2052 Dewit Dutch Transplant Spade- Gardening Tools at SHEIN.,158.02,158.02,USD,TRUE,Multicolor,one-size,US,us.shein.com,3,119,119,,Home & Living,Gardening Tools,Unbeatablesale,TRUE,TRUE,1,Multicolor
"Juli Kids Ski Goggles,Interchangeable Double Layer Spherical Lens,OTG Anti-Fog Snowboard Skate Snow Goggles Age 4-16 4300","Free Returns ✓ Free Shipping✓. Juli Kids Ski Goggles,Interchangeable Double Layer Spherical Lens,OTG Anti-Fog Snowboard Skate Snow Goggles Age 4-16 4300- Kids Sports Goggles at SHEIN.",39.99,29.99,USD,FALSE,C2 Blue Frame/Blue Lens,one-size,US,us.shein.com,10,120,120,,Kids,Kids Sports Goggles,SHEIN,TRUE,TRUE,0.7499374843710926,Blue
1pc Tulle Bow Headpiece Minimalist Wedding Veil Hair Accessory Witch,Free Returns ✓ Free Shipping✓. 1pc Tulle Bow Headpiece Minimalist Wedding Veil Hair Accessory Witch- Bridal Veils at SHEIN.,5.1,4.9,USD,TRUE,White,one-size,US,us.shein.com,12,121,121,,Apparel Accessories,Bridal Veils,SHEIN,TRUE,TRUE,0.9607843137254903,White
Jewellery Pop Beads Kid Toy  Gift 248 Pieces DIY Fashion Beads Set For Necklace Bracelet Art Crafts Motor Skill Training Toy For Girls 3+,Free Returns ✓ Free Shipping✓. Jewellery Pop Beads Kid Toy  Gift 248 Pieces DIY Fashion Beads Set For Necklace Bracelet Art Crafts Motor Skill Training Toy For Girls 3+- Kids Abacuses at SHEIN.,14.4,14.4,USD,TRUE,Jewellery Pop Beads,248PCS,US,us.shein.com,23,122,122,,Toys & Games,Kids Abacuses,SHEIN,TRUE,TRUE,1,Multicolor
20ft * 8ft Light Pink Sheer Chiffon Backdrop Curtain For Parties 4 Panels 5*8ft Wrinkle Free Slight Glimmer Backdrop Drapes For Birthday Wedding Photo Photography Backgrounds,Free Returns ✓ Free Shipping✓. 20ft * 8ft Light Pink Sheer Chiffon Backdrop Curtain For Parties 4 Panels 5*8ft Wrinkle Free Slight Glimmer Backdrop Drapes For Birthday Wedding Photo Photography Backgrounds- Party Backdrops at SHEIN.,65.8,45.16,USD,TRUE,Pink,4Pcs-5ft x 8ft,US,us.shein.com,10,123,123,,Home & Living,Party Backdrops,SHEIN,TRUE,TRUE,0.686322188449848,Brown
20pcs Solid Hair Claw,Free Returns ✓ Free Shipping✓. 20pcs Solid Hair Claw- Hair Claws at SHEIN.,1.4,1.18,USD,TRUE,Black,one-size,US,us.shein.com,5,124,124,,Apparel Accessories,Hair Claws,SHEIN,TRUE,TRUE,0.8428571428571429,Green
"1 Set Of Socket Wrenches, Multifunctional Manual Tool Kit For Driving, Chrome Vanadium Steel, Professional Mechanical Car Motorcycle Bicycle Repair Tool, Durable Metal Shell 46-Piece Professional Socket Set - Durable 1/4 Inch Drive Ratchet Wrench Kit With Metric Sockets For Automotive Repair, Household Tasks, And DIY Projects - Includes Storage Case And Heavy-Duty Metal Construction","Free Returns ✓ Free Shipping✓. 1 Set Of Socket Wrenches, Multifunctional Manual Tool Kit For Driving, Chrome Vanadium Steel, Professional Mechanical Car Motorcycle Bicycle Repair Tool, Durable Metal Shell 46-Piece Professional Socket Set - Durable 1/4 Inch Drive Ratchet Wrench Kit With Metric Sockets For Automotive Repair, Household Tasks, And DIY Projects - Includes Storage Case And Heavy-Duty Metal Construction- Hand Tool Sets at SHEIN.",19.8,19.8,USD,TRUE,Multicolor,Red 46,US,us.shein.com,20,125,125,,Tools & Home Improvement,Hand Tool Sets,SHEIN,TRUE,TRUE,1,Multicolor
"1pc Unframed Glittery High-Glossy Fabric Rectangle Contemporary Canvas Poster - Reusable, Pre-Pasted, Multi-Surface Installation - Universe Spaceship UFO Painting, Starry Night Sky Artwork For Bedroom, Office, Living Room, Wall Decor, Home And Dormitory Decoration","Free Returns ✓ Free Shipping✓. 1pc Unframed Glittery High-Glossy Fabric Rectangle Contemporary Canvas Poster - Reusable, Pre-Pasted, Multi-Surface Installation - Universe Spaceship UFO Painting, Starry Night Sky Artwork For Bedroom, Office, Living Room, Wall Decor, Home And Dormitory Decoration- Decorative Painting & Calligraphy at SHEIN.",5,2.5,USD,TRUE,As Pic,50×100cm/frameless,US,us.shein.com,9,126,126,,Home & Living,Decorative Painting & Calligraphy,SHEIN,TRUE,TRUE,0.5,default
Women's Fashionable Versatile Retro-Style Pendant Multilayer Necklace,Free Returns ✓ Free Shipping✓. Women's Fashionable Versatile Retro-Style Pendant Multilayer Necklace- Women Layered Necklaces at SHEIN.,1.6,1.6,USD,FALSE,Multicolor,one-size,US,us.shein.com,7,127,127,,Jewelry & Watches,Women Layered Necklaces,SHEIN,TRUE,TRUE,1,Multicolor
Unbeatablesale KB WR1345 48 X 32 X 12 In. Wine Rack - Black,Free Returns ✓ Free Shipping✓. Unbeatablesale KB WR1345 48 X 32 X 12 In. Wine Rack - Black- Bars & Wine Cabinets at SHEIN.,227.62,227.62,USD,TRUE,Multicolor,one-size,US,us.shein.com,3,128,128,,Tools & Home Improvement,Bars & Wine Cabinets,Unbeatablesale,TRUE,TRUE,1,Multicolor
"1 Set Vintage Palace-Style British Floral Coffee Cup & Saucer Set, High-End Ceramic Coffee Cup & Saucer, French Afternoon Tea Dessert Cup & Saucer, Exquisite Gift Cup","Free Returns ✓ Free Shipping✓. 1 Set Vintage Palace-Style British Floral Coffee Cup & Saucer Set, High-End Ceramic Coffee Cup & Saucer, French Afternoon Tea Dessert Cup & Saucer, Exquisite Gift Cup- Mugs at SHEIN.",15.6,15.1,USD,TRUE,Multicolor,one-size,US,us.shein.com,12,129,129,,Home & Living,Mugs,SHEIN,TRUE,TRUE,0.967948717948718,Multicolor
"DAZY 1PC Pink Color Solid Wide Headband, Classy Look, Elegent, For Casual And Daily Use","Free Returns ✓ Free Shipping✓. DAZY 1PC Pink Color Solid Wide Headband, Classy Look, Elegent, For Casual And Daily Use- Headbands at SHEIN.",1.7,0.97,USD,TRUE,Dusty Pink,one-size,US,us.shein.com,9,130,130,,Apparel Accessories,Headbands,DAZY,TRUE,TRUE,0.5705882352941176,Pink
32 Large Wooden Floral Shapes - Craft Wood Decorations & Embellishments,Free Returns ✓ Free Shipping✓. 32 Large Wooden Floral Shapes - Craft Wood Decorations & Embellishments- Wooden Diy Base & Board at SHEIN.,4.7,4.5,USD,TRUE,As the Picture0,32 Pcs,US,us.shein.com,7,131,131,,Home & Living,Wooden Diy Base & Board,SHEIN,FALSE,TRUE,0.9574468085106382,default
"Jepeak Jepeak Pack Of 4 Rhombus Textured Throw Pillow Covers Cushion Cases, Burlap Linen Decorative Pillow Covers For Sofa Couch Bed Home Decor, 20x20 Inch","Free Returns ✓ Free Shipping✓. Jepeak Jepeak Pack Of 4 Rhombus Textured Throw Pillow Covers Cushion Cases, Burlap Linen Decorative Pillow Covers For Sofa Couch Bed Home Decor, 20x20 Inch- Cushion Cover at SHEIN.",36.4,26.2,USD,TRUE,Coffee Brown,50*50,US,us.shein.com,22,132,132,,Home Textile,Cushion Cover,Jepeak,TRUE,TRUE,0.7197802197802198,Brown
"1PC Silk Roses Vine Artificial Flowers Fake Green Leaf Plants Valentine's Day Bride Bouquet For Autumn Decorations Wedding Vase For Home Dining Room Bedroom Decorations, Festival Birthday Party Accessories, Outdoor Garden Decorations","Free Returns ✓ Free Shipping✓. 1PC Silk Roses Vine Artificial Flowers Fake Green Leaf Plants Valentine's Day Bride Bouquet For Autumn Decorations Wedding Vase For Home Dining Room Bedroom Decorations, Festival Birthday Party Accessories, Outdoor Garden Decorations- Artificial Flowers at SHEIN.",2.4,1.85,USD,TRUE,Red + Champagne,1PC,US,us.shein.com,4,133,133,,Home & Living,Artificial Flowers,SHEIN,TRUE,TRUE,0.7708333333333334,Red
"Unbeatablesale Tape Logic T933220012PK 0.50 In. X 60 Yards 2200 Masking Tape, Natural - Pack Of 12","Free Returns ✓ Free Shipping✓. Unbeatablesale Tape Logic T933220012PK 0.50 In. X 60 Yards 2200 Masking Tape, Natural - Pack Of 12- Masking Tape at SHEIN.",37.83,37.83,USD,TRUE,Multicolor,one-size,US,us.shein.com,3,134,134,,Office & School Supplies,Masking Tape,Unbeatablesale,FALSE,TRUE,1,Multicolor
Women's Glitter Strappy Wrapped Wedge Heel Platform Sandals,Free Returns ✓ Free Shipping✓. Women's Glitter Strappy Wrapped Wedge Heel Platform Sandals- Women Platforms & Wedge Sandals at SHEIN.,39.95,39.95,USD,TRUE,Rose Gold,US8.5,US,us.shein.com,4,135,135,,Shoes,Women Platforms & Wedge Sandals,SHEIN,TRUE,TRUE,1,Gold
"10pcs Unique Halloween Skull-Shaped Candy Packaging Bags - Laser-Cut, Cross-Border Special, Yin Yang Ziplock Design, Ghost Festival Party Favors, Spooky Gift Idea","Free Returns ✓ Free Shipping✓. 10pcs Unique Halloween Skull-Shaped Candy Packaging Bags - Laser-Cut, Cross-Border Special, Yin Yang Ziplock Design, Ghost Festival Party Favors, Spooky Gift Idea- Wrapping & Packaging at SHEIN.",1.7,1.6,USD,TRUE,Multicolor,10pcs,US,us.shein.com,12,136,136,,Home & Living,Wrapping & Packaging,SHEIN,TRUE,TRUE,0.9411764705882354,Multicolor
Internet Celebrity PU Iridescent Laser Makeup Bag Ins Single Letter Embroidery Wash Bag Travel Portable Pillow Shaped Storage Bag,Free Returns ✓ Free Shipping✓. Internet Celebrity PU Iridescent Laser Makeup Bag Ins Single Letter Embroidery Wash Bag Travel Portable Pillow Shaped Storage Bag- Makeup Bags at SHEIN.,4.2,3.7,USD,TRUE,Baby Blue,Light Blue a,US,us.shein.com,9,137,137,,Beauty & Health,Makeup Bags,SHEIN,FALSE,TRUE,0.8809523809523809,Blue
Unbeatablesale 300 Pc. Snap Ring Assortment,Free Returns ✓ Free Shipping✓. Unbeatablesale 300 Pc. Snap Ring Assortment- Car Replacement Parts at SHEIN.,32.43,32.43,USD,TRUE,Multicolor,one-size,US,us.shein.com,3,138,138,,Automotive,Car Replacement Parts,Unbeatablesale,TRUE,TRUE,1,Multicolor
Unbeatablesale Jiallo 72468 12 X 3.25 In. Round Basket,Free Returns ✓ Free Shipping✓. Unbeatablesale Jiallo 72468 12 X 3.25 In. Round Basket- Dispensing Bottles & Storage Bottles at SHEIN.,55.16,55.16,USD,TRUE,Multicolor,one-size,US,us.shein.com,3,139,139,,Home & Living,Dispensing Bottles & Storage Bottles,Unbeatablesale,TRUE,TRUE,1,Multicolor
Unbeatablesale Jackson Professional Tools 027-1838200 Promotional Manure Fork,Free Returns ✓ Free Shipping✓. Unbeatablesale Jackson Professional Tools 027-1838200 Promotional Manure Fork- Garden Power Tool Accessories at SHEIN.,73.2,73.2,USD,TRUE,Multicolor,one-size,US,us.shein.com,3,140,140,,Tools & Home Improvement,Garden Power Tool Accessories,Unbeatablesale,TRUE,TRUE,1,Multicolor
Unbeatablesale Tape Logic HLT157 0.88 In. Black Loop Individual Tape Dots - Pack Of 900,Free Returns ✓ Free Shipping✓. Unbeatablesale Tape Logic HLT157 0.88 In. Black Loop Individual Tape Dots - Pack Of 900- Adhesive Fastener Tape at SHEIN.,67.09,67.09,USD,TRUE,Multicolor,one-size,US,us.shein.com,3,141,141,,Home & Living,Adhesive Fastener Tape,Unbeatablesale,TRUE,TRUE,1,Multicolor
"Tactical Car Seat Back Storage Bag, Universal Car Rear Seat Protector, Upgraded 8 Cup Holder, Tool Accessory Storage Bag, Excellent Gift For Men","Free Returns ✓ Free Shipping✓. Tactical Car Seat Back Storage Bag, Universal Car Rear Seat Protector, Upgraded 8 Cup Holder, Tool Accessory Storage Bag, Excellent Gift For Men- Other Storage at SHEIN.",13.5,12.6,USD,TRUE,Green,one-size,US,us.shein.com,5,142,142,,Bags & Luggage,Other Storage,SHEIN,TRUE,TRUE,0.9333333333333333,Green
Imperial Imperial The Oglethorpe Tonal Camo Cap (Light Grey),Free Returns ✓ Free Shipping✓. Imperial Imperial The Oglethorpe Tonal Camo Cap (Light Grey)- Men Baseball Cap at SHEIN.,34,26.99,USD,TRUE,Grey,one-size,US,us.shein.com,2,143,143,,Apparel Accessories,Men Baseball Cap,Imperial,TRUE,TRUE,0.7938235294117646,Grey
Unbeatablesale Jenlis OFN0014 16 X 16 In. Fish In Towel With Carabiner,Free Returns ✓ Free Shipping✓. Unbeatablesale Jenlis OFN0014 16 X 16 In. Fish In Towel With Carabiner- Towel Bars at SHEIN.,15.99,15.99,USD,TRUE,Multicolor,one-size,US,us.shein.com,3,144,144,,Home & Living,Towel Bars,Unbeatablesale,TRUE,TRUE,1,Multicolor
1PC PumpkinHalloween Metal Frame Pattern Cutting Die For Paper Card Scrapbooking Greeting Card Album Crafts Decorative Metal Cutting Die.,Free Returns ✓ Free Shipping✓. 1PC PumpkinHalloween Metal Frame Pattern Cutting Die For Paper Card Scrapbooking Greeting Card Album Crafts Decorative Metal Cutting Die.- Cutting Dies at SHEIN.,2.2,2.1,USD,TRUE,Silver,one-size,US,us.shein.com,7,145,145,,Home & Living,Cutting Dies,SHEIN,TRUE,TRUE,0.9545454545454545,Silver
"30pcs/Set Cleaning Effervescent Tablets, Suitable For Toilet Tank, Floor, Bathroom Indoor Cleaning, Travel Accessories","Free Returns ✓ Free Shipping✓. 30pcs/Set Cleaning Effervescent Tablets, Suitable For Toilet Tank, Floor, Bathroom Indoor Cleaning, Travel Accessories- Other Commercial Cleaning Supplies at SHEIN.",1.6,0.8,USD,TRUE,Multicolor,A Purple,US,us.shein.com,17,146,146,,Home & Living,Other Commercial Cleaning Supplies,SHEIN,TRUE,TRUE,0.5,Multicolor
"Unbeatablesale Kdar GR11SD100 11.8 In. Standard Duty Cable Ties, Green - Pack Of 100","Free Returns ✓ Free Shipping✓. Unbeatablesale Kdar GR11SD100 11.8 In. Standard Duty Cable Ties, Green - Pack Of 100- Labeling Supplies at SHEIN.",19.29,19.29,USD,TRUE,Green,one-size,US,us.shein.com,3,147,147,,Home & Living,Labeling Supplies,Unbeatablesale,TRUE,TRUE,1,Green
1pc Unisex Fashionable Minimalist Trouser Chain For Dress Decoration Halloween,Free Returns ✓ Free Shipping✓. 1pc Unisex Fashionable Minimalist Trouser Chain For Dress Decoration Halloween- Women Pants Chain at SHEIN.,1.3,1.2,USD,TRUE,Silver,one-size,US,us.shein.com,2,148,148,,Apparel Accessories,Women Pants Chain,SHEIN,TRUE,FALSE,0.923076923076923,Silver
"34pcs/Set Astronaut Space Theme Balloon Kit, Mini Astronaut Rocket Foil Balloons + Cake Toppers For Birthday Party Decorations","Free Returns ✓ Free Shipping✓. 34pcs/Set Astronaut Space Theme Balloon Kit, Mini Astronaut Rocket Foil Balloons + Cake Toppers For Birthday Party Decorations- Decorative Balloons at SHEIN.",6.6,5.61,USD,TRUE,Multicolor,one-size,US,us.shein.com,4,149,149,,Home & Living,Decorative Balloons,SHEIN,FALSE,TRUE,0.8500000000000001,Multicolor
"31 Pieces/Set Of Black, White, Blue, Confetti Latex Balloons, Wedding Decoration, Birthday Party Decoration, Anniversary Decoration, Graduation Decoration, Holiday Decoration, Father's Day Decoration, Indoor And Outdoor Decoration, Home Decoration, Room Decoration","Free Returns ✓ Free Shipping✓. 31 Pieces/Set Of Black, White, Blue, Confetti Latex Balloons, Wedding Decoration, Birthday Party Decoration, Anniversary Decoration, Graduation Decoration, Holiday Decoration, Father's Day Decoration, Indoor And Outdoor Decoration, Home Decoration, Room Decoration- Decorative Balloons at SHEIN.",2.8,2.7,USD,TRUE,Multicolor,one-size,US,us.shein.com,5,150,150,,Home & Living,Decorative Balloons,SHEIN,TRUE,TRUE,0.9642857142857144,Multicolor
Unbeatablesale 14K Yellow Gold Two-Tone Diamond-Cut 15 Pendant,Free Returns ✓ Free Shipping✓. Unbeatablesale 14K Yellow Gold Two-Tone Diamond-Cut 15 Pendant- Pendants at SHEIN.,88.22,88.22,USD,TRUE,Gold,one-size,US,us.shein.com,3,151,151,,Jewelry & Watches,Pendants,Unbeatablesale,TRUE,TRUE,1,Gold
36pcs/Lot Extenda-Bond Mini Blue Lace Wig Tape Double Sided Adhesive Hair Tape For Lace Wigs/Wigs,Free Returns ✓ Free Shipping✓. 36pcs/Lot Extenda-Bond Mini Blue Lace Wig Tape Double Sided Adhesive Hair Tape For Lace Wigs/Wigs- Wig Tools at SHEIN.,3.5,2.43,USD,TRUE,Blue,36pcs,US,us.shein.com,17,152,152,,Beauty & Health,Wig Tools,SHEIN,TRUE,TRUE,0.6942857142857144,Blue
10pcs Gold Satin Chair Sashes Bows Silk Chair Ribbon Ties For Wedding Banquet Party Hotel Event Decorations,Free Returns ✓ Free Shipping✓. 10pcs Gold Satin Chair Sashes Bows Silk Chair Ribbon Ties For Wedding Banquet Party Hotel Event Decorations- Sashes at SHEIN.,11.2,9.95,USD,TRUE,Gold,15x275cm,US,us.shein.com,11,153,153,,Home Textile,Sashes,SHEIN,TRUE,TRUE,0.8883928571428571,Gold
"20pcs/Set Travel Organisers, Shoe Bags, Packing Bags, Storage Drawstring Bags","Free Returns ✓ Free Shipping✓. 20pcs/Set Travel Organisers, Shoe Bags, Packing Bags, Storage Drawstring Bags- Storage Bags at SHEIN.",8.2,7.83,USD,TRUE,White,20pcs/pack,US,us.shein.com,10,154,154,,Home & Living,Storage Bags,SHEIN,TRUE,TRUE,0.9548780487804879,White
10pcs Sage Green Satin Chair Sashes Hotel Party Banquet Chair Tie Knots Birthday Event Wedding Decoration Chair Ribbon Bows,Free Returns ✓ Free Shipping✓. 10pcs Sage Green Satin Chair Sashes Hotel Party Banquet Chair Tie Knots Birthday Event Wedding Decoration Chair Ribbon Bows- Sashes at SHEIN.,11.3,10.92,USD,TRUE,Sage Green,15x275cm,US,us.shein.com,7,155,155,,Home Textile,Sashes,SHEIN,TRUE,TRUE,0.9663716814159291,Green
"20pcs/Pack, Brown Zafu Cushion Pattern Paper Napkins, 13x13inch, Tree-Free Pulp Birthday Party Restaurant Tea Shop Home Decor Tissues","Free Returns ✓ Free Shipping✓. 20pcs/Pack, Brown Zafu Cushion Pattern Paper Napkins, 13x13inch, Tree-Free Pulp Birthday Party Restaurant Tea Shop Home Decor Tissues- Disposable Napkins at SHEIN.",2.6,2.5,USD,TRUE,Brown,one-size,US,us.shein.com,12,156,156,,Home & Living,Disposable Napkins,SHEIN,TRUE,TRUE,0.9615384615384615,Brown
"1pc Unisex Bicycle Chain Leather Bracelet, Trendy Motorcycle Style Genuine Leather Wristband","Free Returns ✓ Free Shipping✓. 1pc Unisex Bicycle Chain Leather Bracelet, Trendy Motorcycle Style Genuine Leather Wristband- Men Bracelets at SHEIN.",5.4,2.7,USD,TRUE,Black,one-size,US,us.shein.com,4,157,157,,Men,Men Bracelets,SHEIN,TRUE,TRUE,0.5,Green
"20pcs  Halloween Elastic Bat Wall Climbing Toys, Stretchable Soft Rubber Bats, Telescopic Trick Or Treat Party Gifts, Halloween Novelty Gifts, Teen And Adult Party Decorations (Color Random)","Free Returns ✓ Free Shipping✓. 20pcs  Halloween Elastic Bat Wall Climbing Toys, Stretchable Soft Rubber Bats, Telescopic Trick Or Treat Party Gifts, Halloween Novelty Gifts, Teen And Adult Party Decorations (Color Random)- Fidget Toys for Teenager at SHEIN.",4.6,4.6,USD,TRUE,Multicolor,one-size,US,us.shein.com,12,158,158,,Toys & Games,Fidget Toys for Teenager,SHEIN,TRUE,FALSE,1,Multicolor
Unbeatablesale Kalalou CCG1308 12.5 X 40 In. Vertical Fish Mirror With Rope Hanger,Free Returns ✓ Free Shipping✓. Unbeatablesale Kalalou CCG1308 12.5 X 40 In. Vertical Fish Mirror With Rope Hanger- Decorative Mirrors at SHEIN.,157.95,157.95,USD,TRUE,Multicolor,one-size,US,us.shein.com,3,159,159,,Home & Living,Decorative Mirrors,Unbeatablesale,TRUE,TRUE,1,Multicolor
10pcs Random Style Milk Chocolate Shaped Pendant For Necklace Or Earrings,Free Returns ✓ Free Shipping✓. 10pcs Random Style Milk Chocolate Shaped Pendant For Necklace Or Earrings- Jewelry Making Charms at SHEIN.,2.5,2.5,USD,TRUE,Multicolor,one-size,US,us.shein.com,3,160,160,,Jewelry & Watches,Jewelry Making Charms,SHEIN,FALSE,TRUE,1,Multicolor
"1pc Triangle Pet Sunglasses, Suitable For Cats And Small Dogs, Personality Accessory For Photography And Outdoor Use","Free Returns ✓ Free Shipping✓. 1pc Triangle Pet Sunglasses, Suitable For Cats And Small Dogs, Personality Accessory For Photography And Outdoor Use- Pet Glasses at SHEIN.",1.4,1.26,USD,TRUE,Pink,one-size,US,us.shein.com,18,161,161,,Pet Supplies,Pet Glasses,SHEIN,TRUE,TRUE,0.9,Brown
Unbeatablesale Irwin Vise-Grip 586-20R 9 Inch Vise-Grip Locking Cha,Free Returns ✓ Free Shipping✓. Unbeatablesale Irwin Vise-Grip 586-20R 9 Inch Vise-Grip Locking Cha- Pliers at SHEIN.,44.44,44.44,USD,TRUE,Multicolor,one-size,US,us.shein.com,3,162,162,,Tools & Home Improvement,Pliers,Unbeatablesale,TRUE,TRUE,1,Multicolor
Unbeatablesale Suntime ST-CO3-PIP-SCWCLOCK Pittsburgh Panthers Soccer Wall Clock,Free Returns ✓ Free Shipping✓. Unbeatablesale Suntime ST-CO3-PIP-SCWCLOCK Pittsburgh Panthers Soccer Wall Clock- Other Sports Accessories at SHEIN.,48.05,48.05,USD,TRUE,Multicolor,one-size,US,us.shein.com,3,163,163,,Sports & Outdoor,Other Sports Accessories,Unbeatablesale,TRUE,TRUE,1,Multicolor
"Plaid Pattern Pom Decor Shoulder Tote Bag Handbags For Women, Shoulder Tote Bag Purse Top Handle Hobo Handbag, Large Capacity Purse Satchel Fashionable Tote Bag School Gift, Retro Crossbody Purse Hiking Back Pack Travel BagsLightweight,Portable,Large Capacity, Suitable For Teen Girls Women College Students, Perfect For Back To School,College,Middle School, High School","Free Returns ✓ Free Shipping✓. Plaid Pattern Pom Decor Shoulder Tote Bag Handbags For Women, Shoulder Tote Bag Purse Top Handle Hobo Handbag, Large Capacity Purse Satchel Fashionable Tote Bag School Gift, Retro Crossbody Purse Hiking Back Pack Travel BagsLightweight,Portable,Large Capacity, Suitable For Teen Girls Women College Students, Perfect For Back To School,College,Middle School, High School- Women Tote Bags at SHEIN.",9.9,9.3,USD,TRUE,Multicolor,one-size,US,us.shein.com,10,164,164,,Bags & Luggage,Women Tote Bags,SHEIN,FALSE,TRUE,0.9393939393939394,Multicolor
"34pcs/Set Valentine's Day I Love You Balloons Set, 16"" Gold I LOVE YOU & Cheers For Love Foil Balloons And Red Latex Balloons, 500pcs Red Rose Petals Romantic Decoration For Valentine, Anniversary, Wedding, Engagement, Birthday Party","Free Returns ✓ Free Shipping✓. 34pcs/Set Valentine's Day I Love You Balloons Set, 16"" Gold I LOVE YOU & Cheers For Love Foil Balloons And Red Latex Balloons, 500pcs Red Rose Petals Romantic Decoration For Valentine, Anniversary, Wedding, Engagement, Birthday Party- Decorative Balloons at SHEIN.",5.5,5.3,USD,TRUE,Multicolor,one-size,US,us.shein.com,16,165,165,,Home & Living,Decorative Balloons,SHEIN,TRUE,TRUE,0.9636363636363636,Multicolor
"30pcs Container Set, Food Storage Container With Lid, Airtight, Leak Proof, Easy To Lock, And Plastic Container Set Without Bisphenol A, Used For Grains, Nuts, Flour, And Rice, Kitchen Organizer And Storage Room, Kitchen Accessories","Free Returns ✓ Free Shipping✓. 30pcs Container Set, Food Storage Container With Lid, Airtight, Leak Proof, Easy To Lock, And Plastic Container Set Without Bisphenol A, Used For Grains, Nuts, Flour, And Rice, Kitchen Organizer And Storage Room, Kitchen Accessories- Food Dispensers at SHEIN.",48,31.23,USD,TRUE,Black and White,30pcs,US,us.shein.com,21,166,166,,Home & Living,Food Dispensers,SHEIN,TRUE,TRUE,0.650625,Black
"10pcs Mystery Party Queen Lace Mask, Unstructured Masquerade Mask, Sexy Venetian Carnival Eye Mask","Free Returns ✓ Free Shipping✓. 10pcs Mystery Party Queen Lace Mask, Unstructured Masquerade Mask, Sexy Venetian Carnival Eye Mask- Costume Eyewear at SHEIN.",4.8,3.68,USD,TRUE,Black,one-size,US,us.shein.com,19,167,167,,Apparel Accessories,Costume Eyewear,SHEIN,TRUE,TRUE,0.7666666666666667,Green
"30pcs Anniversary Decorative Balloon Set, Happy Anniversary Banner, Heart Shaped Balloons, For Wedding Bride Gift Party, Anniversary Celebration Decorations","Free Returns ✓ Free Shipping✓. 30pcs Anniversary Decorative Balloon Set, Happy Anniversary Banner, Heart Shaped Balloons, For Wedding Bride Gift Party, Anniversary Celebration Decorations- Decorative Balloons at SHEIN.",5.9,5.7,USD,TRUE,Multicolor,one-size,US,us.shein.com,18,168,168,,Home & Living,Decorative Balloons,SHEIN,TRUE,TRUE,0.9661016949152542,Multicolor
"New Spring & Summer Traditional Chinese Style Hair Clip With Glazed Ceramic Flower, Pearl & Tassel Decor, For Costume Performance","Free Returns ✓ Free Shipping✓. New Spring & Summer Traditional Chinese Style Hair Clip With Glazed Ceramic Flower, Pearl & Tassel Decor, For Costume Performance- Hair Clips at SHEIN.",3,2.55,USD,TRUE,Multicolor,Pink,US,us.shein.com,10,169,169,,Apparel Accessories,Hair Clips,SHEIN,TRUE,TRUE,0.85,Multicolor
"1 Set Of 4 Reusable Magic Books, Arabic Alphabet Children's Writing Board, Word Practice Books, Calligraphy Practice Toys.","Free Returns ✓ Free Shipping✓. 1 Set Of 4 Reusable Magic Books, Arabic Alphabet Children's Writing Board, Word Practice Books, Calligraphy Practice Toys.- Kids Diaries, Journals, & Notebooks at SHEIN.",4.9,4.9,USD,TRUE,Multicolor,One Set (without Pen),US,us.shein.com,11,170,170,,Toys & Games,"Kids Diaries, Journals, & Notebooks",SHEIN,TRUE,TRUE,1,Multicolor
Unbeatablesale Jed Pool Tools 00-330 4 Way Pool Test Kit Refill For No.486,Free Returns ✓ Free Shipping✓. Unbeatablesale Jed Pool Tools 00-330 4 Way Pool Test Kit Refill For No.486- Swimming Pools at SHEIN.,30.15,30.15,USD,TRUE,Multicolor,one-size,US,us.shein.com,3,171,171,,Sports & Outdoor,Swimming Pools,Unbeatablesale,TRUE,FALSE,1,Multicolor
"20pcs Dragon Whistle For Christmas Party To Make Fun Of Creative Blow Rolls, Party Props","Free Returns ✓ Free Shipping✓. 20pcs Dragon Whistle For Christmas Party To Make Fun Of Creative Blow Rolls, Party Props- Noise Makers at SHEIN.",1.8,1.8,USD,TRUE,Multicolor,Random Color-20pcs,US,us.shein.com,12,172,172,,Home & Living,Noise Makers,SHEIN,TRUE,TRUE,1,Multicolor
"36 Pack Kraft Christmas Greeting Cards With Envelopes Bulk Box Set, 6 Winter Holiday Designs (4x6 In)","Free Returns ✓ Free Shipping✓. 36 Pack Kraft Christmas Greeting Cards With Envelopes Bulk Box Set, 6 Winter Holiday Designs (4x6 In)- Invitations Cards & Letters at SHEIN.",24.99,14.99,USD,TRUE,Brown,one-size,US,us.shein.com,9,173,173,,Home & Living,Invitations Cards & Letters,SHEIN,TRUE,TRUE,0.5998399359743898,Brown
Unbeatablesale Tape Logic PL435 10 X 12 In. 2 Mil Poly Red Packing List Enclosed Envelopes,Free Returns ✓ Free Shipping✓. Unbeatablesale Tape Logic PL435 10 X 12 In. 2 Mil Poly Red Packing List Enclosed Envelopes- Paper Envelopes at SHEIN.,98.53,98.53,USD,TRUE,Red,one-size,US,us.shein.com,3,174,174,,Office & School Supplies,Paper Envelopes,Unbeatablesale,TRUE,TRUE,1,Red
"1 Small Fresh Style Turquoise Imitation Pearl, Small Gold Bead Split Bead String Rice Bead Adjustable Bracelet, Women's Vacation Daily Girlfriend Multifunctional Gift Jewelry","Free Returns ✓ Free Shipping✓. 1 Small Fresh Style Turquoise Imitation Pearl, Small Gold Bead Split Bead String Rice Bead Adjustable Bracelet, Women's Vacation Daily Girlfriend Multifunctional Gift Jewelry- Women Beaded Bracelets at SHEIN.",3.6,3.6,USD,TRUE,Multicolor,one-size,US,us.shein.com,10,175,175,,Jewelry & Watches,Women Beaded Bracelets,SHEIN,TRUE,TRUE,1,Multicolor
"Karinear Electric Cooktop 30 Inch, 8400w 5 Burners Electric Stove Top, Countertop & Built-In Ceramic Cooktop With Glass Protection Metal Frame, Multifunctional Cooktop For 220-240v, Hard Wire, No Plug","Free Returns ✓ Free Shipping✓. Karinear Electric Cooktop 30 Inch, 8400w 5 Burners Electric Stove Top, Countertop & Built-In Ceramic Cooktop With Glass Protection Metal Frame, Multifunctional Cooktop For 220-240v, Hard Wire, No Plug- Hot Plates at SHEIN.",299.2,221.4,USD,TRUE,Black,220V-240V,US,us.shein.com,10,176,176,,Home Appliances,Hot Plates,SHEIN,TRUE,TRUE,0.7399732620320856,Green
"2025 Space Cat Calendar, 12-Month Spiral Calendar Space Cat Wall Calendar","Free Returns ✓ Free Shipping✓. 2025 Space Cat Calendar, 12-Month Spiral Calendar Space Cat Wall Calendar- Notebooks at SHEIN.",5.8,5.8,USD,TRUE,Multicolor,1pc,US,us.shein.com,12,177,177,,Office & School Supplies,Notebooks,SHEIN,TRUE,FALSE,1,Multicolor
1PC Powdered Sugar Shaker Duster Stainless Steel Spice Sifter With Lid Seasoning Jar For Pepper Coffee Powder BBQ Spice  Salt Sugar Shaker Outdoor Camping & Kitchen Supplies,Free Returns ✓ Free Shipping✓. 1PC Powdered Sugar Shaker Duster Stainless Steel Spice Sifter With Lid Seasoning Jar For Pepper Coffee Powder BBQ Spice  Salt Sugar Shaker Outdoor Camping & Kitchen Supplies- Salt Cellars & Servers at SHEIN.,2.3,2.2,USD,TRUE,Silver,1PC Powder Can,US,us.shein.com,19,178,178,,Home & Living,Salt Cellars & Servers,SHEIN,TRUE,TRUE,0.9565217391304349,Silver
"1PC Multifunctional Silicone Kitchen Sink Mat-Sink Organizer, Faucet Splash Protection And Dry Mat, Folding And Easy To Clean, Suitable For Kitchen, Bathroom, Farmhouse, RV","Free Returns ✓ Free Shipping✓. 1PC Multifunctional Silicone Kitchen Sink Mat-Sink Organizer, Faucet Splash Protection And Dry Mat, Folding And Easy To Clean, Suitable For Kitchen, Bathroom, Farmhouse, RV- Drying Mat & Dish Drying Mat at SHEIN.",7.4,6.75,USD,TRUE,Multicolor,Black,US,us.shein.com,10,179,179,,Home & Living,Drying Mat & Dish Drying Mat,SHEIN,TRUE,TRUE,0.9121621621621621,Multicolor
20pcs Floral Pattern Waterproof Temporary Tattoos,Free Returns ✓ Free Shipping✓. 20pcs Floral Pattern Waterproof Temporary Tattoos- Temporary Tattoos at SHEIN.,3.5,3.1,USD,TRUE,Multicolor,20pcsHua-,US,us.shein.com,7,180,180,,Beauty & Health,Temporary Tattoos,SHEIN,TRUE,TRUE,0.8857142857142858,Multicolor
Unbeatablesale Juvenile Bowl Commercial Quality Toilet Seat- White,Free Returns ✓ Free Shipping✓. Unbeatablesale Juvenile Bowl Commercial Quality Toilet Seat- White- Toilet Seat Covers at SHEIN.,61.57,61.57,USD,FALSE,White,one-size,US,us.shein.com,3,181,181,,Home & Living,Toilet Seat Covers,Unbeatablesale,TRUE,TRUE,1,White
Clarins Hydrating Gentle Foaming Cleanser 125ml Rinse Off Normal To Dry Skin,Free Returns ✓ Free Shipping✓. Clarins Hydrating Gentle Foaming Cleanser 125ml Rinse Off Normal To Dry Skin- Cleansers at SHEIN.,35,32,USD,TRUE,Yellow,125ml,US,us.shein.com,4,182,182,,Beauty & Health,Cleansers,Clarins,TRUE,TRUE,0.9142857142857143,Yellow
"10pcs Mini Cowboy Hats, Brown Resin, 1.81-Inch, Party Decor Accessories, Doll Ornament, Game Cake Topper, Bottle Decor, DIY Crafts","Free Returns ✓ Free Shipping✓. 10pcs Mini Cowboy Hats, Brown Resin, 1.81-Inch, Party Decor Accessories, Doll Ornament, Game Cake Topper, Bottle Decor, DIY Crafts- Cake Toppers at SHEIN.",2.3,1.77,USD,TRUE,Brown,A,US,us.shein.com,14,183,183,,Home & Living,Cake Toppers,SHEIN,TRUE,TRUE,0.7695652173913043,Brown
1 Set Of Skull Halloween Pumpkin Decorative Figurines Design Ghost Festival Resin Crafts,Free Returns ✓ Free Shipping✓. 1 Set Of Skull Halloween Pumpkin Decorative Figurines Design Ghost Festival Resin Crafts- Halloween Party Supplies at SHEIN.,11.8,11.4,USD,TRUE,Multicolor,White Skull Hat,US,us.shein.com,23,184,184,,Home & Living,Halloween Party Supplies,SHEIN,TRUE,TRUE,0.9661016949152542,Multicolor
"36-Piece Set Of Wooden Boards For Crafts -30*30cm - 2mm Thick Plywood With Smooth Surface - Square Wooden Boards For Laser Cutting, Wood Burning, Architectural Models, Staining","Free Returns ✓ Free Shipping✓. 36-Piece Set Of Wooden Boards For Crafts -30*30cm - 2mm Thick Plywood With Smooth Surface - Square Wooden Boards For Laser Cutting, Wood Burning, Architectural Models, Staining- Wooden Diy Base & Board at SHEIN.",56.6,54.6,USD,TRUE,Apricot,36pcs,US,us.shein.com,13,185,185,,Home & Living,Wooden Diy Base & Board,SHEIN,TRUE,TRUE,0.9646643109540636,Orange
1PC Plus Size Sexy Lingerie Body Stocking Hollow Out See Through Cover Bodystocking Without Underwear Valentine's Day Women's Swimwear & Clothing Swimsuit,Free Returns ✓ Free Shipping✓. 1PC Plus Size Sexy Lingerie Body Stocking Hollow Out See Through Cover Bodystocking Without Underwear Valentine's Day Women's Swimwear & Clothing Swimsuit- Plus Size Sexy Lingerie at SHEIN.,4.79,2.4,USD,TRUE,Black,one-size,US,us.shein.com,4,186,186,,Underwear & Sleepwear,Plus Size Sexy Lingerie,SHEIN,TRUE,TRUE,0.5010438413361169,Green
Unbeatablesale Jacks 78 Miniature Tail Wrap,Free Returns ✓ Free Shipping✓. Unbeatablesale Jacks 78 Miniature Tail Wrap- Horse Grooming & Bathing Supplies at SHEIN.,17.55,17.55,USD,TRUE,Multicolor,one-size,US,us.shein.com,3,187,187,,Pet Supplies,Horse Grooming & Bathing Supplies,Unbeatablesale,FALSE,TRUE,1,Multicolor
"Hummingbird Houses For Outside Hanging, Natural Grass Hanging Bird Hut, Hand Woven Hummingbird Nest, Large Wren Finch Bird House For Garden Window Outdoor Home Decoration, 1 Pack","Free Returns ✓ Free Shipping✓. Hummingbird Houses For Outside Hanging, Natural Grass Hanging Bird Hut, Hand Woven Hummingbird Nest, Large Wren Finch Bird House For Garden Window Outdoor Home Decoration, 1 Pack- Bird Houses & Nests at SHEIN.",6,5.95,USD,TRUE,Brown,M,US,us.shein.com,11,188,188,,Pet Supplies,Bird Houses & Nests,SHEIN,FALSE,TRUE,0.9916666666666667,Brown
"10pcs One-Way Check Valves, Suitable For Aquarium Air Pumps & Fish Tank Accessories, ABS Material, Non-Electrically Operated, Wear-Resistant Unidirectional Valve For Fuel, Gas, Liquid, Air, Chemical Industry, Blue Color","Free Returns ✓ Free Shipping✓. 10pcs One-Way Check Valves, Suitable For Aquarium Air Pumps & Fish Tank Accessories, ABS Material, Non-Electrically Operated, Wear-Resistant Unidirectional Valve For Fuel, Gas, Liquid, Air, Chemical Industry, Blue Color- Tank & Accessories at SHEIN.",2.6,1.3,USD,TRUE,Blue,one-size,US,us.shein.com,5,189,189,,Pet Supplies,Tank & Accessories,SHEIN,TRUE,TRUE,0.5,Blue
1PC It's Never Too Late For A Plot Twist Sticker | Waterproof Vinyl Sticker For Book Lovers | Literary Decal For Laptop & Water Bottle | Unique Gifts For Readers & Teachers | Bookworm Stickers & Reading Accessories,Free Returns ✓ Free Shipping✓. 1PC It's Never Too Late For A Plot Twist Sticker | Waterproof Vinyl Sticker For Book Lovers | Literary Decal For Laptop & Water Bottle | Unique Gifts For Readers & Teachers | Bookworm Stickers & Reading Accessories- Stickers at SHEIN.,1.3,1.06,USD,TRUE,Multicolor,3 Inches,US,us.shein.com,11,190,190,,Home & Living,Stickers,SHEIN,TRUE,TRUE,0.8153846153846154,Multicolor
"TV Stand For 75 Inch TV, 70"" Entertainment Center For 75+ Inch TV With LED Storage TV Cabinet With 4 Glass Doors, LED TV Stands For Living Room, Bedroom, Grey","Free Returns ✓ Free Shipping✓. TV Stand For 75 Inch TV, 70"" Entertainment Center For 75+ Inch TV With LED Storage TV Cabinet With 4 Glass Doors, LED TV Stands For Living Room, Bedroom, Grey- Television Stands & Entertainment Centers at SHEIN.",709.99,185.99,USD,TRUE,Brown,one-size,US,us.shein.com,11,191,191,,Tools & Home Improvement,Television Stands & Entertainment Centers,SHEIN,TRUE,TRUE,0.2619614360765644,Brown
"Unbeatablesale K-Cliffs LM215 Navy Heavy Duty Cargo Duffle Gear Equipment Travel Bag, Navy","Free Returns ✓ Free Shipping✓. Unbeatablesale K-Cliffs LM215 Navy Heavy Duty Cargo Duffle Gear Equipment Travel Bag, Navy- Travel Duffel Bags at SHEIN.",38.69,38.69,USD,TRUE,Multicolor,one-size,US,us.shein.com,3,192,192,,Bags & Luggage,Travel Duffel Bags,Unbeatablesale,TRUE,TRUE,1,Multicolor
"KINGO 30 Inch Gray Wood Garin Wall-Mounted Bathroom Vanity And Sink Combo, Bathroom Cabinet With 2 Drawers, Bathroom Vanities With Ceramic Sink","Free Returns ✓ Free Shipping✓. KINGO 30 Inch Gray Wood Garin Wall-Mounted Bathroom Vanity And Sink Combo, Bathroom Cabinet With 2 Drawers, Bathroom Vanities With Ceramic Sink- Bathroom Furniture Sets at SHEIN.",371.8,263.9,USD,TRUE,Gray wood grain,30 in. W * 18 in. D * 24 in. H,US,us.shein.com,5,193,193,,Tools & Home Improvement,Bathroom Furniture Sets,SHEIN,TRUE,TRUE,0.7097902097902097,Grey
"15.6 Lightweight Business Laptop Computer, Intel N100 Processor (Up To 3.4GHz), 8GB RAM, 256GB SSD, FHD IPS (1920x1080) Backlit Keyboard, Fingerprint, 2 Years Warranty, WiFi 6, BT 5.2, Win 11(RoseGold)","Free Returns ✓ Free Shipping✓. 15.6 Lightweight Business Laptop Computer, Intel N100 Processor (Up To 3.4GHz), 8GB RAM, 256GB SSD, FHD IPS (1920x1080) Backlit Keyboard, Fingerprint, 2 Years Warranty, WiFi 6, BT 5.2, Win 11(RoseGold)- Laptops at SHEIN.",340.3,238.2,USD,FALSE,Silver,256GB,US,us.shein.com,9,194,194,,Electronics,Laptops,SHEIN,TRUE,TRUE,0.6999706141639729,Silver
"Jepeak Jepeak Decorative Throw Pillow Covers Cases, Pack Of 4 Chenille Cozy Modern Concise Square Cushion Covers For Sofa Couch Bedroom Home Decor, 16x16 Inch","Free Returns ✓ Free Shipping✓. Jepeak Jepeak Decorative Throw Pillow Covers Cases, Pack Of 4 Chenille Cozy Modern Concise Square Cushion Covers For Sofa Couch Bedroom Home Decor, 16x16 Inch- Cushion Cover at SHEIN.",32.2,23.2,USD,TRUE,Beige,40*40,US,us.shein.com,18,195,195,,Home Textile,Cushion Cover,Jepeak,TRUE,TRUE,0.7204968944099378,White
"Unbeatablesale TCpop90x156-WhiteP11 Polyester Poplin Rectangular Tablecloth, White - 90 X 156 In.","Free Returns ✓ Free Shipping✓. Unbeatablesale TCpop90x156-WhiteP11 Polyester Poplin Rectangular Tablecloth, White - 90 X 156 In.- Other Party Accessories at SHEIN.",35.46,35.46,USD,TRUE,White,one-size,US,us.shein.com,3,196,196,,Home & Living,Other Party Accessories,Unbeatablesale,TRUE,TRUE,1,White
"Humidifiers For Bedroom, 4L Humidifier For Large Room, Top Fill  Cool Mist Humidifiers For Nursery, Home & Plants, Quiet Air Humidifier With LED Lights, Auto Shut-Off & Easy To Clean","Free Returns ✓ Free Shipping✓. Humidifiers For Bedroom, 4L Humidifier For Large Room, Top Fill  Cool Mist Humidifiers For Nursery, Home & Plants, Quiet Air Humidifier With LED Lights, Auto Shut-Off & Easy To Clean- Kitchen Air Purifier at SHEIN.",36.8,26.6,USD,TRUE,White,4-liter,US,us.shein.com,11,197,197,,Home & Living,Kitchen Air Purifier,SHEIN,TRUE,TRUE,0.7228260869565218,White
Synthetic Heat Resistant Front Lace Wig With Baby Hair 13*4 Extra Long Black Straight Hair 34 Inches Daily Use Women's Wigs Natural And Beautiful High Quality Synthetic Soft Beginner Friendly Wigs,Free Returns ✓ Free Shipping✓. Synthetic Heat Resistant Front Lace Wig With Baby Hair 13*4 Extra Long Black Straight Hair 34 Inches Daily Use Women's Wigs Natural And Beautiful High Quality Synthetic Soft Beginner Friendly Wigs- Synthetic Lace Wigs at SHEIN.,34.4,30,USD,FALSE,Black,34 inch,US,us.shein.com,11,198,198,,Beauty & Health,Synthetic Lace Wigs,SHEIN,TRUE,TRUE,0.872093023255814,Green
"JAKEHOE Latex Paint Remover, Easily Cleans Renovation Residue, Removes Putty Powder, Oil-Based Paint, Cleaning Agent","Free Returns ✓ Free Shipping✓. JAKEHOE Latex Paint Remover, Easily Cleans Renovation Residue, Removes Putty Powder, Oil-Based Paint, Cleaning Agent- Glass Cleaner at SHEIN.",4.7,4.6,USD,TRUE,Multicolor,one-size,US,us.shein.com,12,199,199,,Home & Living,Glass Cleaner,SHEIN,TRUE,TRUE,0.978723404255319,Multicolor
"Unbeatablesale Kdar RD4ULD100 4 In. Ultra Light Duty Cable Ties, Red - Pack Of 100","Free Returns ✓ Free Shipping✓. Unbeatablesale Kdar RD4ULD100 4 In. Ultra Light Duty Cable Ties, Red - Pack Of 100- Labeling Supplies at SHEIN.",13.42,13.42,USD,TRUE,Red,one-size,US,us.shein.com,3,200,200,,Home & Living,Labeling Supplies,Unbeatablesale,TRUE,TRUE,1,Red
"Unbeatablesale Kalalou NKE1006 9 X 30 In. Wire Trees, Brass - Set Of 3","Free Returns ✓ Free Shipping✓. Unbeatablesale Kalalou NKE1006 9 X 30 In. Wire Trees, Brass - Set Of 3- Wall Decoration at SHEIN.",229.95,229.95,USD,TRUE,Multicolor,one-size,US,us.shein.com,3,201,201,,Home & Living,Wall Decoration,Unbeatablesale,TRUE,TRUE,1,Multicolor
"Unbeatablesale PIX North America B26 29 In. FHP Rubber V-Belt, Black","Free Returns ✓ Free Shipping✓. Unbeatablesale PIX North America B26 29 In. FHP Rubber V-Belt, Black- Tool Cases at SHEIN.",15.26,15.26,USD,TRUE,Multicolor,one-size,US,us.shein.com,3,202,202,,Tools & Home Improvement,Tool Cases,Unbeatablesale,TRUE,FALSE,1,Multicolor
Unbeatablesale Jiallo 11750 Credit Card Holder RFID Blocking Aluminum Business Card Holder Pop-Up Card Case,Free Returns ✓ Free Shipping✓. Unbeatablesale Jiallo 11750 Credit Card Holder RFID Blocking Aluminum Business Card Holder Pop-Up Card Case- Binders at SHEIN.,16.92,16.92,USD,TRUE,Red,one-size,US,us.shein.com,3,203,203,,Office & School Supplies,Binders,Unbeatablesale,TRUE,TRUE,1,Red
1 pair of diameter 12cm women's white super large exaggerated minimalism round big earrings prom party nightclub dance earrings for friends gifts Y2K style,Free Returns ✓ Free Shipping✓. 1 pair of diameter 12cm women's white super large exaggerated minimalism round big earrings prom party nightclub dance earrings for friends gifts Y2K style- Women Hoop Earrings at SHEIN.,1.3,1.3,USD,TRUE,White,one-size,US,us.shein.com,5,204,204,,Jewelry & Watches,Women Hoop Earrings,SHEIN,TRUE,TRUE,1,White
"2024 New Elegant Velvet Bow Knot & Tassel Dangle Earrings, Fashionable Women Long Drop Earrings","Free Returns ✓ Free Shipping✓. 2024 New Elegant Velvet Bow Knot & Tassel Dangle Earrings, Fashionable Women Long Drop Earrings- Women Dangle Earrings at SHEIN.",1.7,1.7,USD,TRUE,Silver,one-size,US,us.shein.com,14,205,205,,Jewelry & Watches,Women Dangle Earrings,SHEIN,TRUE,TRUE,1,Silver
"304 Stainless Steel Food Clip, Korean Style Barbecue Clip, Household Steak Clip, Kitchen Tool, Buffet Bread Clip","Free Returns ✓ Free Shipping✓. 304 Stainless Steel Food Clip, Korean Style Barbecue Clip, Household Steak Clip, Kitchen Tool, Buffet Bread Clip- Other Kitchen Tools at SHEIN.",2.5,2.4,USD,TRUE,Silver,one-size,US,us.shein.com,7,206,206,,Home & Living,Other Kitchen Tools,SHEIN,TRUE,TRUE,0.96,Silver
"1 Set Of 4pcs Strawberry Scented Candles, Wholesale Aromatherapy Candle Gift Box, Creative Birthday Gift, Handmade Decorative Candles","Free Returns ✓ Free Shipping✓. 1 Set Of 4pcs Strawberry Scented Candles, Wholesale Aromatherapy Candle Gift Box, Creative Birthday Gift, Handmade Decorative Candles- Scented Candles at SHEIN.",2.9,2.8,USD,TRUE,Red,one-size,US,us.shein.com,16,207,207,,Home & Living,Scented Candles,SHEIN,TRUE,TRUE,0.9655172413793103,Red
Nike Women's Flex Experience Run 11 Next Nature Running Sneakers From Finish Line,Free Returns ✓ Free Shipping✓. Nike Women's Flex Experience Run 11 Next Nature Running Sneakers From Finish Line- Women's Running Shoes at SHEIN.,85.29,85.29,USD,TRUE,Black/ Gray/ White,36.5,US,us.shein.com,14,208,208,,Sports & Outdoor,Women's Running Shoes,Nike,FALSE,TRUE,1,Black
"New Solid Color Street Casual Shoulder Bag, Fashionable Simple Clutch Bag, Crossbody Bag","Free Returns ✓ Free Shipping✓. New Solid Color Street Casual Shoulder Bag, Fashionable Simple Clutch Bag, Crossbody Bag- Women Top Handle Bags at SHEIN.",11.9,8.93,USD,TRUE,White,one-size,US,us.shein.com,5,209,209,,Bags & Luggage,Women Top Handle Bags,SHEIN,TRUE,TRUE,0.7504201680672269,White
"35pcs Colorful Pentagram Embroidered Patches, Small Sized Star Embroidery Stickers Suitable For Halloween, Holidays, Party, Glass, Gift Box, Birthday Gift Decoration","Free Returns ✓ Free Shipping✓. 35pcs Colorful Pentagram Embroidered Patches, Small Sized Star Embroidery Stickers Suitable For Halloween, Holidays, Party, Glass, Gift Box, Birthday Gift Decoration- Garment Decoration Excipients at SHEIN.",4.7,4.5,USD,TRUE,Multicolor,35 Color Stars-35 Styles Full Set-self-adhesive,US,us.shein.com,18,210,210,,Home & Living,Garment Decoration Excipients,SHEIN,FALSE,TRUE,0.9574468085106382,Multicolor
10pcs Burgundy Satin Chair Sashes Hotel Party Banquet Birthday Event Wedding Decoration Chair Ribbon Bow Ties,Free Returns ✓ Free Shipping✓. 10pcs Burgundy Satin Chair Sashes Hotel Party Banquet Birthday Event Wedding Decoration Chair Ribbon Bow Ties- Sashes at SHEIN.,11.3,11.3,USD,TRUE,Burgundy,15x275cm,US,us.shein.com,10,211,211,,Home Textile,Sashes,SHEIN,TRUE,TRUE,1,Red
"1 Roll Disposable Collar Pads, Anti-Sweat Shirt Collar Protector, Cap Brim Sweat Absorbing Sticker, Anti-Stain Collar Stickers, Transparent Jewelry Metal Glue, Upgraded Clear Gel Liquid Fabric Glue","Free Returns ✓ Free Shipping✓. 1 Roll Disposable Collar Pads, Anti-Sweat Shirt Collar Protector, Cap Brim Sweat Absorbing Sticker, Anti-Stain Collar Stickers, Transparent Jewelry Metal Glue, Upgraded Clear Gel Liquid Fabric Glue- Tape at SHEIN.",2.4,2.3,USD,TRUE,White,1 Roll,US,us.shein.com,16,212,212,,Home & Living,Tape,SHEIN,TRUE,TRUE,0.9583333333333333,White
Unbeatablesale K904 Tan Seam-Fil 1 Oz. Tube,Free Returns ✓ Free Shipping✓. Unbeatablesale K904 Tan Seam-Fil 1 Oz. Tube- Caulking Guns at SHEIN.,24.56,24.56,USD,TRUE,Multicolor,one-size,US,us.shein.com,3,213,213,,Tools & Home Improvement,Caulking Guns,Unbeatablesale,TRUE,TRUE,1,Multicolor
20pcs Mixed Assorted Color Star Shaped Side Clip Hair Accessories,Free Returns ✓ Free Shipping✓. 20pcs Mixed Assorted Color Star Shaped Side Clip Hair Accessories- Hair Clips at SHEIN.,1.7,1.2,USD,TRUE,Multicolor,Star Pink Series Dark Light 20,US,us.shein.com,7,214,214,,Apparel Accessories,Hair Clips,SHEIN,TRUE,TRUE,0.7058823529411764,Multicolor
20pcs Solid Color Party Bubble Tube For Party,Free Returns ✓ Free Shipping✓. 20pcs Solid Color Party Bubble Tube For Party- Noise Makers at SHEIN.,2.9,2.23,USD,TRUE,White,one-size,US,us.shein.com,3,215,215,,Home & Living,Noise Makers,SHEIN,TRUE,TRUE,0.7689655172413793,White
The North Face Inferno NF0A52DL1U5 Sleeping Bag Unisex Yellow Nylon Zip BG227,Free Returns ✓ Free Shipping✓. The North Face Inferno NF0A52DL1U5 Sleeping Bag Unisex Yellow Nylon Zip BG227- Sleeping Bags at SHEIN.,790,790,USD,TRUE,Yellow,one-size,US,us.shein.com,7,216,216,,Sports & Outdoor,Sleeping Bags,The North Face,TRUE,TRUE,1,Yellow
Unbeatablesale K Tool International KTI27118 3/8 Inch Drive Standard 6 Point Chrome Socket 18mm,Free Returns ✓ Free Shipping✓. Unbeatablesale K Tool International KTI27118 3/8 Inch Drive Standard 6 Point Chrome Socket 18mm- Sockets at SHEIN.,18.88,18.88,USD,TRUE,Multicolor,one-size,US,us.shein.com,3,217,217,,Tools & Home Improvement,Sockets,Unbeatablesale,TRUE,TRUE,1,Multicolor
1 Piece Stainless Steel Adjustable Metal Snake Bracelet,Free Returns ✓ Free Shipping✓. 1 Piece Stainless Steel Adjustable Metal Snake Bracelet- Women Bangles at SHEIN.,2.5,2.43,USD,TRUE,Yellow Gold,one-size,US,us.shein.com,8,218,218,,Jewelry & Watches,Women Bangles,SHEIN,TRUE,TRUE,0.9720000000000001,Gold
Unbeatablesale Hy-Ko Products KB352-BKT Matching Plastic Wrist & Whistle Ring- 20 Pieces,Free Returns ✓ Free Shipping✓. Unbeatablesale Hy-Ko Products KB352-BKT Matching Plastic Wrist & Whistle Ring- 20 Pieces- Keyrings & Keychains at SHEIN.,44.49,44.49,USD,TRUE,Multicolor,one-size,US,us.shein.com,3,219,219,,Apparel Accessories,Keyrings & Keychains,Unbeatablesale,TRUE,TRUE,1,Multicolor
Unbeatablesale Jacks 20119-5-1-4 German Silver Low Port Weymouth Bit - 5.25 In.,Free Returns ✓ Free Shipping✓. Unbeatablesale Jacks 20119-5-1-4 German Silver Low Port Weymouth Bit - 5.25 In.- Horse Grooming & Bathing Supplies at SHEIN.,47.78,47.78,USD,TRUE,Silver,one-size,US,us.shein.com,3,220,220,,Pet Supplies,Horse Grooming & Bathing Supplies,Unbeatablesale,TRUE,TRUE,1,Silver
"New Arrival Small Handbags For Women 2022 Trendy Korean Style Fashion Crossbody Bags, Elegant Shoulder & Top Handle Bags Large Capacity Solid Color Mini Tote","Free Returns ✓ Free Shipping✓. New Arrival Small Handbags For Women 2022 Trendy Korean Style Fashion Crossbody Bags, Elegant Shoulder & Top Handle Bags Large Capacity Solid Color Mini Tote- Women Top Handle Bags at SHEIN.",9.6,7.1,USD,TRUE,Gold,one-size,US,us.shein.com,9,221,221,,Bags & Luggage,Women Top Handle Bags,SHEIN,TRUE,TRUE,0.7395833333333333,Gold
"In-Ear Earbuds Earphones Compatible With Iphone/Ipad Lightning Connector Wired Headphones With Remote To Control Music, Phone Calls, And Volume","Free Returns ✓ Free Shipping✓. In-Ear Earbuds Earphones Compatible With Iphone/Ipad Lightning Connector Wired Headphones With Remote To Control Music, Phone Calls, And Volume- Wired Earphone at SHEIN.",5.6,5.6,USD,TRUE,White,Lightning,US,us.shein.com,6,222,222,,Cell Phones & Accessories,Wired Earphone,SHEIN,TRUE,TRUE,1,White
"1pc Turquoise Bead & Seashell Necklace, Handmade Bohemian Style Jewelry For Women","Free Returns ✓ Free Shipping✓. 1pc Turquoise Bead & Seashell Necklace, Handmade Bohemian Style Jewelry For Women- Women Beaded Necklaces at SHEIN.",1.5,1.28,USD,TRUE,Multicolor,one-size,US,us.shein.com,13,223,223,,Jewelry & Watches,Women Beaded Necklaces,SHEIN,TRUE,FALSE,0.8533333333333334,Multicolor
"1 Set Spooky Skull Decanter, Suitable For Whiskey, Wine, Brandy, Gothic Skeleton Beverage Dispenser, Halloween, Party, Decorative Drink Cup","Free Returns ✓ Free Shipping✓. 1 Set Spooky Skull Decanter, Suitable For Whiskey, Wine, Brandy, Gothic Skeleton Beverage Dispenser, Halloween, Party, Decorative Drink Cup- Bar Measures at SHEIN.",38,32.3,USD,TRUE,Clear,750ml+80ml*2,US,us.shein.com,6,224,224,,Home & Living,Bar Measures,SHEIN,TRUE,TRUE,0.8499999999999999,White
1PC Palmtop Maze Balance Ball,Free Returns ✓ Free Shipping✓. 1PC Palmtop Maze Balance Ball- Other Games & Accessories at SHEIN.,1.4,1.4,USD,TRUE,Multicolor Random,one-size,US,us.shein.com,8,225,225,,Toys & Games,Other Games & Accessories,SHEIN,TRUE,TRUE,1,Multicolor
"Unbeatablesale Sunpentown SCW-80M 103W Commercial Rice Warmer NSF Certified, Stianless Steel - 80 Cups","Free Returns ✓ Free Shipping✓. Unbeatablesale Sunpentown SCW-80M 103W Commercial Rice Warmer NSF Certified, Stianless Steel - 80 Cups- Pressure Cookers at SHEIN.",175.21,175.21,USD,TRUE,Multicolor,one-size,US,us.shein.com,3,226,226,,Home & Living,Pressure Cookers,Unbeatablesale,TRUE,TRUE,1,Multicolor
"30pcs/Pack  Copper Muslim Hijab Pins, Scarf Clips For Daily Use","Free Returns ✓ Free Shipping✓. 30pcs/Pack  Copper Muslim Hijab Pins, Scarf Clips For Daily Use- Women Scarves Accessories at SHEIN.",2.4,2.3,USD,TRUE,White,one-size,US,us.shein.com,6,227,227,,Apparel Accessories,Women Scarves Accessories,SHEIN,TRUE,TRUE,0.9583333333333333,White
"Jepeak Jepeak Decorative Linen Throw Pillow Covers Cushion Cases, Pack Of 4 Rustic Woven Textured Pillow Covers For Sofa Bed Couch, 18x18 Inch","Free Returns ✓ Free Shipping✓. Jepeak Jepeak Decorative Linen Throw Pillow Covers Cushion Cases, Pack Of 4 Rustic Woven Textured Pillow Covers For Sofa Bed Couch, 18x18 Inch- Cushion Cover at SHEIN.",33.6,24.2,USD,TRUE,Blackish Green,45*45,US,us.shein.com,16,228,228,,Home Textile,Cushion Cover,Jepeak,TRUE,TRUE,0.7202380952380951,Green
"Unbeatablesale 1 Qt. Screw-On Poultry Waterer Base,; Yellow","Free Returns ✓ Free Shipping✓. Unbeatablesale 1 Qt. Screw-On Poultry Waterer Base,; Yellow- Bird Feeders & Animal Husbandry at SHEIN.",9.1,9.1,USD,TRUE,Yellow,one-size,US,us.shein.com,3,229,229,,Home & Living,Bird Feeders & Animal Husbandry,Unbeatablesale,TRUE,TRUE,1,Yellow
"20pcs Vivid Resin Cute Cartoon Bear Nail Art Decorations - Creative Craft For Women & Girls - Suitable For DIY Nail Art, Scrapbooking, Jewelry Making","Free Returns ✓ Free Shipping✓. 20pcs Vivid Resin Cute Cartoon Bear Nail Art Decorations - Creative Craft For Women & Girls - Suitable For DIY Nail Art, Scrapbooking, Jewelry Making- DIY Kits at SHEIN.",1.9,1.9,USD,FALSE,Brown,View Image,US,us.shein.com,14,230,230,,Jewelry & Watches,DIY Kits,SHEIN,TRUE,TRUE,1,Brown
Supreme Supreme | Supreme Stripe Flannel Zip Up Shirt,Free Returns ✓ Free Shipping✓. Supreme Supreme | Supreme Stripe Flannel Zip Up Shirt- Men Shirts at SHEIN.,217.64,217.64,USD,FALSE,Brown,M,US,us.shein.com,3,231,231,,Men,Men Shirts,Supreme,TRUE,TRUE,1,Brown
"Unbeatablesale Jacks 10231-NV Lycra Helmet Cover, Navy","Free Returns ✓ Free Shipping✓. Unbeatablesale Jacks 10231-NV Lycra Helmet Cover, Navy- Safety Helmets at SHEIN.",22.53,22.53,USD,TRUE,Multicolor,one-size,US,us.shein.com,3,232,232,,Tools & Home Improvement,Safety Helmets,Unbeatablesale,TRUE,TRUE,1,Multicolor
"20pcs Adhesive Remover Wet Wipes, Clean Residue-Free Cleaning Wet Tissues, Portable","Free Returns ✓ Free Shipping✓. 20pcs Adhesive Remover Wet Wipes, Clean Residue-Free Cleaning Wet Tissues, Portable- Wet Wipes at SHEIN.",2.7,2.46,USD,TRUE,Yellow,one-size,US,us.shein.com,12,233,233,,Home & Living,Wet Wipes,SHEIN,TRUE,TRUE,0.911111111111111,Yellow
Unbeatablesale Kellogg Plastics 49317 0.125 In. Holiday  Christmas Indoor  Outdoor LED- Multi Color - Cone,Free Returns ✓ Free Shipping✓. Unbeatablesale Kellogg Plastics 49317 0.125 In. Holiday  Christmas Indoor  Outdoor LED- Multi Color - Cone- Christmas Party Supplies at SHEIN.,20.17,20.17,USD,TRUE,Multicolor,one-size,US,us.shein.com,3,234,234,,Home & Living,Christmas Party Supplies,Unbeatablesale,TRUE,TRUE,1,Multicolor
"In The Dark Blanket For Birthday Gifts,Soft Cozy Warm Fuzzy Throw Blanket All Seasons Glowing Blankets","Free Returns ✓ Free Shipping✓. In The Dark Blanket For Birthday Gifts,Soft Cozy Warm Fuzzy Throw Blanket All Seasons Glowing Blankets- Sofa Blankets, Throw Blankets & Nap Blankets at SHEIN.",15.2,11,USD,TRUE,Light Grey,50*60inc,US,us.shein.com,12,235,235,,Home Textile,"Sofa Blankets, Throw Blankets & Nap Blankets",SHEIN,TRUE,TRUE,0.7236842105263158,Grey
"35pcs Bubble Wands, Heart-Shaped Wedding Gifts For Guests Birthday Party Decoration Happy Wedding Bridal Favors, Without Water","Free Returns ✓ Free Shipping✓. 35pcs Bubble Wands, Heart-Shaped Wedding Gifts For Guests Birthday Party Decoration Happy Wedding Bridal Favors, Without Water- Other Party Favors at SHEIN.",5.3,5.1,USD,TRUE,White,one-size,US,us.shein.com,10,236,236,,Home & Living,Other Party Favors,SHEIN,TRUE,TRUE,0.9622641509433962,White
10pcs Metal Demon Eyes Pendant Hair Ring Y2K Style Cute Fashion Decorative Open Hair Extensions Hollow Hair Ring Suitable For Daily Use Halloween Accessories Suitable For Women Daily Wear Gifts For Friends And Family Men Women Universal Sweet Cool Hot Punk Cold,Free Returns ✓ Free Shipping✓. 10pcs Metal Demon Eyes Pendant Hair Ring Y2K Style Cute Fashion Decorative Open Hair Extensions Hollow Hair Ring Suitable For Daily Use Halloween Accessories Suitable For Women Daily Wear Gifts For Friends And Family Men Women Universal Sweet Cool Hot Punk Cold- Hair Clips at SHEIN.,1.4,1.05,USD,TRUE,Multicolor,Gold 10pcs,US,us.shein.com,10,237,237,,Apparel Accessories,Hair Clips,SHEIN,TRUE,TRUE,0.7500000000000001,Multicolor
Unbeatablesale Kathy Ireland Ingenue Dining Room Chair Slipcover Cobalt,Free Returns ✓ Free Shipping✓. Unbeatablesale Kathy Ireland Ingenue Dining Room Chair Slipcover Cobalt- Dining Chairs at SHEIN.,21.95,21.95,USD,TRUE,Multicolor,one-size,US,us.shein.com,3,238,238,,Tools & Home Improvement,Dining Chairs,Unbeatablesale,TRUE,TRUE,1,Multicolor
"1.1m Extendable Metal Tripod With E-Type Phone Clip Holder, Portable Outdoor Photography Tripod For Live Streaming And Shooting","Free Returns ✓ Free Shipping✓. 1.1m Extendable Metal Tripod With E-Type Phone Clip Holder, Portable Outdoor Photography Tripod For Live Streaming And Shooting- Selfiestick & Tripod Head at SHEIN.",10.5,10.5,USD,TRUE,Black,one-size,US,us.shein.com,13,239,239,,Cell Phones & Accessories,Selfiestick & Tripod Head,SHEIN,TRUE,TRUE,1,Green
"10pcs Upgraded Commercial Style Drawer Slide Kits With Roller Stops, Fits Dresser, Nightstand And Most Furniture Drawers","Free Returns ✓ Free Shipping✓. 10pcs Upgraded Commercial Style Drawer Slide Kits With Roller Stops, Fits Dresser, Nightstand And Most Furniture Drawers- Slides at SHEIN.",17.1,17.1,USD,TRUE,Multicolor,10pcs,US,us.shein.com,7,240,240,,Tools & Home Improvement,Slides,SHEIN,TRUE,TRUE,1,Multicolor
"Unbeatablesale Hyperco 185A0850 2.25 In. ID X 5 In. Coil Over Spring - Blue Powdercoated,; 850 Lbs","Free Returns ✓ Free Shipping✓. Unbeatablesale Hyperco 185A0850 2.25 In. ID X 5 In. Coil Over Spring - Blue Powdercoated,; 850 Lbs- Car Replacement Parts at SHEIN.",107.64,107.64,USD,TRUE,Multicolor,one-size,US,us.shein.com,3,241,241,,Automotive,Car Replacement Parts,Unbeatablesale,TRUE,TRUE,1,Multicolor
"JJS Modern Round Nesting Coffee Table Set Of 2, Large Living Room Accent Tables, Stacking Sofa End Side Table Cocktail Table With Metal Frame, Marble And Black…","Free Returns ✓ Free Shipping✓. JJS Modern Round Nesting Coffee Table Set Of 2, Large Living Room Accent Tables, Stacking Sofa End Side Table Cocktail Table With Metal Frame, Marble And Black…- Coffee Tables at SHEIN.",129.99,105.99,USD,TRUE,RusticBrown/Black,one-size,US,us.shein.com,16,242,242,,Tools & Home Improvement,Coffee Tables,SHEIN,TRUE,TRUE,0.8153704131087005,Black
20pcs Women's Cute Blue Cartoon Hair Clips,Free Returns ✓ Free Shipping✓. 20pcs Women's Cute Blue Cartoon Hair Clips- Hair Clips at SHEIN.,3,2.9,USD,TRUE,Multicolor,one-size,US,us.shein.com,7,243,243,,Apparel Accessories,Hair Clips,SHEIN,TRUE,TRUE,0.9666666666666667,Multicolor
14.5 Inch Baby Girl Doll Clothes Accessories Set African American Washable Realistic Silicone Dolls With Cute Dresses Sunglass Camera And Shoes For Halloween Gifts,Free Returns ✓ Free Shipping✓. 14.5 Inch Baby Girl Doll Clothes Accessories Set African American Washable Realistic Silicone Dolls With Cute Dresses Sunglass Camera And Shoes For Halloween Gifts- Kids Clothing Accessory Sets at SHEIN.,31.4,23.9,USD,TRUE,Multicolor,one-size,US,us.shein.com,18,244,244,,Toys & Games,Kids Clothing Accessory Sets,SHEIN,TRUE,TRUE,0.7611464968152866,Multicolor
Unbeatablesale JED 8084261 20 In. Pro Wall Brush,Free Returns ✓ Free Shipping✓. Unbeatablesale JED 8084261 20 In. Pro Wall Brush- Swimming Pools at SHEIN.,22.14,22.14,USD,TRUE,Multicolor,one-size,US,us.shein.com,3,245,245,,Sports & Outdoor,Swimming Pools,Unbeatablesale,TRUE,TRUE,1,Multicolor
"35pcs Kids Pencil Grips [No-Poke, Shockproof] Random Color, Suitable For Various Pencils","Free Returns ✓ Free Shipping✓. 35pcs Kids Pencil Grips [No-Poke, Shockproof] Random Color, Suitable For Various Pencils- Kids Writing Tools at SHEIN.",1.6,1.6,USD,TRUE,Multicolor,one-size,US,us.shein.com,6,246,246,,Toys & Games,Kids Writing Tools,SHEIN,TRUE,FALSE,1,Multicolor
"33in/83cm White Soft Umbrella, Photography Light Reflector Softbox","Free Returns ✓ Free Shipping✓. 33in/83cm White Soft Umbrella, Photography Light Reflector Softbox- Photo Studio at SHEIN.",4.5,4.5,USD,TRUE,White,33 Inch,US,us.shein.com,9,247,247,,Electronics,Photo Studio,SHEIN,TRUE,TRUE,1,White
"My Hero Academia Takara Tomy - My Hero Academia - Izuku Midoriya 1/4 PVC Figure (MHA)  [COLLECTABLES] Figure, Collectible","Free Returns ✓ Free Shipping✓. My Hero Academia Takara Tomy - My Hero Academia - Izuku Midoriya 1/4 PVC Figure (MHA)  [COLLECTABLES] Figure, Collectible- Statue, Maquette & Bust Action Figures at SHEIN.",317.68,317.68,USD,TRUE,Multicolor,one-size,US,us.shein.com,2,248,248,,Toys & Games,"Statue, Maquette & Bust Action Figures",My Hero Academia,TRUE,TRUE,1,Multicolor
"Jepeak Jepeak Pack Of 4 Rhombus Textured Throw Pillow Covers Cushion Cases, Burlap Linen Decorative Pillow Covers For Sofa Couch Bed Home Decor, 24x24 Inch","Free Returns ✓ Free Shipping✓. Jepeak Jepeak Pack Of 4 Rhombus Textured Throw Pillow Covers Cushion Cases, Burlap Linen Decorative Pillow Covers For Sofa Couch Bed Home Decor, 24x24 Inch- Cushion Cover at SHEIN.",39.2,28.2,USD,TRUE,Blue-Green,60*60,US,us.shein.com,22,249,249,,Home Textile,Cushion Cover,Jepeak,TRUE,TRUE,0.7193877551020407,Teal
"Ray-Ban Sunglasses, RB4068 60","Free Returns ✓ Free Shipping✓. Ray-Ban Sunglasses, RB4068 60- Women Sunglasses at SHEIN.",184.96,184.96,USD,TRUE,HAVANA/PINK GRADIENT BROWN,60mm,US,us.shein.com,13,250,250,,Apparel Accessories,Women Sunglasses,Ray-Ban,TRUE,TRUE,1,Brown
30pcs/Set Halloween Spider Keychain Set Include 10 Spider Keychains 10 Thank You Cards 10 Organza Gift Bags For Halloween Party Trick Or Treat Favors,Free Returns ✓ Free Shipping✓. 30pcs/Set Halloween Spider Keychain Set Include 10 Spider Keychains 10 Thank You Cards 10 Organza Gift Bags For Halloween Party Trick Or Treat Favors- Other Party Favors at SHEIN.,6.6,6.4,USD,TRUE,Multicolor,A,US,us.shein.com,9,251,251,,Home & Living,Other Party Favors,SHEIN,TRUE,TRUE,0.9696969696969698,Multicolor
Tom Ford TOM FORD | Gray Classic Fit Briefs,Free Returns ✓ Free Shipping✓. Tom Ford TOM FORD | Gray Classic Fit Briefs- Men Briefs at SHEIN.,78.42,78.42,USD,TRUE,Default,XXL,US,us.shein.com,4,252,252,,Underwear & Sleepwear,Men Briefs,Tom Ford,FALSE,TRUE,1,Default
1 Roll 10 Meters Green Leaf Willow Leaf Garland Decorative Simulated Green Plant DIY Handmade Wreath Material,Free Returns ✓ Free Shipping✓. 1 Roll 10 Meters Green Leaf Willow Leaf Garland Decorative Simulated Green Plant DIY Handmade Wreath Material- Artificial Vertical Vines at SHEIN.,1.4,1.3,USD,TRUE,Green,one-size,US,us.shein.com,9,253,253,,Home & Living,Artificial Vertical Vines,SHEIN,FALSE,FALSE,0.9285714285714286,Green
20PCS Women's 3 Color Box Y2k Dopamine Color Pentagon Star Small Hairpin Bb Clip,Free Returns ✓ Free Shipping✓. 20PCS Women's 3 Color Box Y2k Dopamine Color Pentagon Star Small Hairpin Bb Clip- Hair Clips at SHEIN.,2.1,2,USD,TRUE,Strawberry Box,one-size,US,us.shein.com,15,254,254,,Apparel Accessories,Hair Clips,SHEIN,TRUE,TRUE,0.9523809523809523,Pink
Unbeatablesale TRANSDAPT 9064 Oil Drain Plug,Free Returns ✓ Free Shipping✓. Unbeatablesale TRANSDAPT 9064 Oil Drain Plug- Car Replacement Parts at SHEIN.,27.82,27.82,USD,TRUE,Multicolor,one-size,US,us.shein.com,3,255,255,,Automotive,Car Replacement Parts,Unbeatablesale,TRUE,TRUE,1,Multicolor
"IDsarah For IPhone 12 Pro Max Case With Build-In Kickstand,Heavy Duty Protection Shockproof Anti-Scratch Slim Fit Protective Sturdy Case Hard Cover For IPhone 12 Pro Max 6.7 Inch,Purple/Pink H,Blue/Sapphire Blue,Red,Black,Light Blue/Pink","Free Returns ✓ Free Shipping✓. IDsarah For IPhone 12 Pro Max Case With Build-In Kickstand,Heavy Duty Protection Shockproof Anti-Scratch Slim Fit Protective Sturdy Case Hard Cover For IPhone 12 Pro Max 6.7 Inch,Purple/Pink H,Blue/Sapphire Blue,Red,Black,Light Blue/Pink- Stand Phone Case at SHEIN.",12.7,8.6,USD,TRUE,Purple,iPhone 12 Pro Max,US,us.shein.com,15,256,256,,Cell Phones & Accessories,Stand Phone Case,SHEIN,TRUE,TRUE,0.6771653543307087,Purple
Couples TPU Black & Silver Car Anti-Drop Key Case + For Chevrolet Malibu XI/Corvette/Cruze/Trax/Sail Exclusive Use,Free Returns ✓ Free Shipping✓. Couples TPU Black & Silver Car Anti-Drop Key Case + For Chevrolet Malibu XI/Corvette/Cruze/Trax/Sail Exclusive Use- Car Key Case at SHEIN.,2.3,2.3,USD,TRUE,Black,one-size,US,us.shein.com,15,257,257,,Automotive,Car Key Case,SHEIN,TRUE,TRUE,1,Green
Marni Women's Handbag WHITE BMMP0068Q0P386000W12,Free Returns ✓ Free Shipping✓. Marni Women's Handbag WHITE BMMP0068Q0P386000W12- Women Top Handle Bags at SHEIN.,859.08,570.89,USD,TRUE,White,TU,US,us.shein.com,4,258,258,,Bags & Luggage,Women Top Handle Bags,Marni,TRUE,TRUE,0.6645364808865297,White
"1pc Travel Storage Bag, TPU Bread Bag With Buckle, Reusable  TPU Bread Bag With Lovely Pattern, Suitable For Grocery Shopping, Bread & Other Food Storage","Free Returns ✓ Free Shipping✓. 1pc Travel Storage Bag, TPU Bread Bag With Buckle, Reusable  TPU Bread Bag With Lovely Pattern, Suitable For Grocery Shopping, Bread & Other Food Storage- Kitchen Bags at SHEIN.",6.3,6.1,USD,TRUE,Beige,one-size,US,us.shein.com,9,259,259,,Home & Living,Kitchen Bags,SHEIN,TRUE,TRUE,0.9682539682539683,White
"20pcs Creative Horse & Flower Printed Disposable Paper Napkins For Party, Festival Decorations","Free Returns ✓ Free Shipping✓. 20pcs Creative Horse & Flower Printed Disposable Paper Napkins For Party, Festival Decorations- Disposable Napkins at SHEIN.",3.1,3,USD,TRUE,Multicolor,33*33 Horse,US,us.shein.com,7,260,260,,Home & Living,Disposable Napkins,SHEIN,TRUE,FALSE,0.967741935483871,Multicolor
"20pcs Transparent Circular Acrylic Blanks Ornaments, 5cm Clear Acrylic Circular Disc Decorative Blanks With Holes For Christmas Tree Hanging Decoration, Carving, Painting, And DIY Crafts","Free Returns ✓ Free Shipping✓. 20pcs Transparent Circular Acrylic Blanks Ornaments, 5cm Clear Acrylic Circular Disc Decorative Blanks With Holes For Christmas Tree Hanging Decoration, Carving, Painting, And DIY Crafts- Festival Decor at SHEIN.",3.1,3,USD,TRUE,Clear,20pcs,US,us.shein.com,10,261,261,,Home & Living,Festival Decor,SHEIN,TRUE,TRUE,0.967741935483871,White
304 Stainless Steel Oil Pot European Dustproof And Insect Proof Oil Pot Kitchen Soy Sauce Vinegar Bottle Seasoning Bottle Large Capacity,Free Returns ✓ Free Shipping✓. 304 Stainless Steel Oil Pot European Dustproof And Insect Proof Oil Pot Kitchen Soy Sauce Vinegar Bottle Seasoning Bottle Large Capacity- Oil Sprayer & Oil Reservoirs at SHEIN.,16.3,15.7,USD,TRUE,Silver,9cm*15cm,US,us.shein.com,8,262,262,,Home & Living,Oil Sprayer & Oil Reservoirs,SHEIN,FALSE,TRUE,0.9631901840490796,Silver
1PC Rustic Horse Grave Marker: Metal Sign With Stake - Perfect Memorial Decor For Ranches And Gardens,Free Returns ✓ Free Shipping✓. 1PC Rustic Horse Grave Marker: Metal Sign With Stake - Perfect Memorial Decor For Ranches And Gardens- Decorative Garden Stakes at SHEIN.,6.5,6.3,USD,TRUE,Black,TY4845,US,us.shein.com,9,263,263,,Home & Living,Decorative Garden Stakes,SHEIN,TRUE,TRUE,0.9692307692307692,Green
Unbeatablesale Jgoodin P11456R-V00-Z Womens Elaina White Gold Rhodium Stainless Steel Z Initial Necklace,Free Returns ✓ Free Shipping✓. Unbeatablesale Jgoodin P11456R-V00-Z Womens Elaina White Gold Rhodium Stainless Steel Z Initial Necklace- Women Pendant Necklaces at SHEIN.,12.91,12.91,USD,TRUE,Gold,one-size,US,us.shein.com,3,264,264,,Jewelry & Watches,Women Pendant Necklaces,Unbeatablesale,TRUE,FALSE,1,Gold
Unbeatablesale Intensity N3220603XLG Men Football Practice Jersey Maroon - Extra Large,Free Returns ✓ Free Shipping✓. Unbeatablesale Intensity N3220603XLG Men Football Practice Jersey Maroon - Extra Large- Men Football Uniforms at SHEIN.,22.34,22.34,USD,TRUE,Multicolor,one-size,US,us.shein.com,3,265,265,,Sports & Outdoor,Men Football Uniforms,Unbeatablesale,TRUE,TRUE,1,Multicolor
"Ray-Ban Jr | Child Sunglasses, RB9093 (Ages 7-10)","Free Returns ✓ Free Shipping✓. Ray-Ban Jr | Child Sunglasses, RB9093 (Ages 7-10)- Women Sunglasses at SHEIN.",90.23,90.23,USD,TRUE,Transparent Pink,45mm,US,us.shein.com,13,266,266,,Apparel Accessories,Women Sunglasses,Ray-Ban,TRUE,FALSE,1,Pink
"10pcs Mini Halloween Cauldron Black Water Pitcher Candy Buckets, Flame Pattern, For Halloween & St.Patrick's Day Party Home Room Decoration Halloween Party","Free Returns ✓ Free Shipping✓. 10pcs Mini Halloween Cauldron Black Water Pitcher Candy Buckets, Flame Pattern, For Halloween & St.Patrick's Day Party Home Room Decoration Halloween Party- Sugar & Creamer Pots at SHEIN.",9.8,9.5,USD,TRUE,Black,10pcs,US,us.shein.com,12,267,267,,Home & Living,Sugar & Creamer Pots,SHEIN,TRUE,TRUE,0.9693877551020408,Green
"30ml Facial Serum With Salicylic Acid, Centella Asiatica Extract, Hydrating & Brightening Facial Essence, Nourishing & Repairing Facial Care, Suitable For Face & Neck","Free Returns ✓ Free Shipping✓. 30ml Facial Serum With Salicylic Acid, Centella Asiatica Extract, Hydrating & Brightening Facial Essence, Nourishing & Repairing Facial Care, Suitable For Face & Neck- Serums & Facial Treatment at SHEIN.",2.5,2.2,USD,TRUE,Burgundy,30ml,US,us.shein.com,9,268,268,,Beauty & Health,Serums & Facial Treatment,SHEIN,TRUE,TRUE,0.8800000000000001,Red
"1 Roll Of Cherry Blossom Shelf Liners, Washable Refrigerator Mats, Waterproof, Oil And Stain Resistant Cuttable Drawer Pads, Non-Slip Refrigerator Liners, Freezer Lid Pads, Glass Shelves, Cupboards, Cabinets, Household Kitchen Items","Free Returns ✓ Free Shipping✓. 1 Roll Of Cherry Blossom Shelf Liners, Washable Refrigerator Mats, Waterproof, Oil And Stain Resistant Cuttable Drawer Pads, Non-Slip Refrigerator Liners, Freezer Lid Pads, Glass Shelves, Cupboards, Cabinets, Household Kitchen Items- Kitchen Cabinet Parts & Accessories at SHEIN.",4.6,4.6,USD,TRUE,Sakura Refrigerator Mat,1 Roll_17.7inchX47.2inch,US,us.shein.com,8,269,269,,Tools & Home Improvement,Kitchen Cabinet Parts & Accessories,SHEIN,TRUE,TRUE,1,Pink
KAHI - Wrinkle Bounce Multi Balm (9g) | K-Beauty Vegan Anti-Aging Moisturizing Balm For Hydration,Free Returns ✓ Free Shipping✓. KAHI - Wrinkle Bounce Multi Balm (9g) | K-Beauty Vegan Anti-Aging Moisturizing Balm For Hydration- Moisturizers at SHEIN.,22.99,20.99,USD,TRUE,Multicolor,9 g,US,us.shein.com,11,270,270,,Beauty & Health,Moisturizers,SHEIN,TRUE,TRUE,0.9130056546324489,Multicolor
"K-Pop Adult Costume Wig | Cosplay, Costume, & Leisure Wig | Brown Hair Color","Free Returns ✓ Free Shipping✓. K-Pop Adult Costume Wig | Cosplay, Costume, & Leisure Wig | Brown Hair Color- Costume Facial Hair & Wigs at SHEIN.",12.69,12.69,USD,TRUE,Multicolor,one-size,US,us.shein.com,2,271,271,,Apparel Accessories,Costume Facial Hair & Wigs,SHEIN,FALSE,TRUE,1,Multicolor
1PC Mountain Bicycle Wheel Truing Stand Bike Rims Adjustment Tools MTB Bike Wheel Hub Straightener Holder Cycling Maintenance Tools,Free Returns ✓ Free Shipping✓. 1PC Mountain Bicycle Wheel Truing Stand Bike Rims Adjustment Tools MTB Bike Wheel Hub Straightener Holder Cycling Maintenance Tools- Tool Parts at SHEIN.,17.5,17.5,USD,TRUE,Yellow,one-size,US,us.shein.com,23,272,272,,Tools & Home Improvement,Tool Parts,SHEIN,TRUE,TRUE,1,Yellow
"1 Roll Daisy Shelf Liner For Kitchen Cabinets,Non-Adhesive Drawer Liner,Non-Slip Refrigerator Liner,EVA Waterproof Fridge Pad Cupboard Mat Easy Placemats.","Free Returns ✓ Free Shipping✓. 1 Roll Daisy Shelf Liner For Kitchen Cabinets,Non-Adhesive Drawer Liner,Non-Slip Refrigerator Liner,EVA Waterproof Fridge Pad Cupboard Mat Easy Placemats.- Drawer Liner at SHEIN.",2.3,1.15,USD,TRUE,Multicolor,30*100cm,US,us.shein.com,7,273,273,,Home & Living,Drawer Liner,SHEIN,TRUE,TRUE,0.5,Multicolor
Summer Flip Flop Welcome Door Sign - Contemporary Style Hanging Wall Ornament - General Fit For Indoor & Outdoor Garden Decor - Manufactured Wood With Rope - No Electricity Or Feathers Required,Free Returns ✓ Free Shipping✓. Summer Flip Flop Welcome Door Sign - Contemporary Style Hanging Wall Ornament - General Fit For Indoor & Outdoor Garden Decor - Manufactured Wood With Rope - No Electricity Or Feathers Required- Decorative Hanging Ornaments at SHEIN.,3.4,2.72,USD,TRUE,Multicolor,A Shoe Pendant,US,us.shein.com,18,274,274,,Home & Living,Decorative Hanging Ornaments,SHEIN,TRUE,FALSE,0.8,Multicolor
"Casual Solid Color Shoulder Bag, New Arrival Street Fashion Simple Crossbody Square Handbag","Free Returns ✓ Free Shipping✓. Casual Solid Color Shoulder Bag, New Arrival Street Fashion Simple Crossbody Square Handbag- Women Top Handle Bags at SHEIN.",11.1,10.4,USD,TRUE,Pink,one-size,US,us.shein.com,10,275,275,,Bags & Luggage,Women Top Handle Bags,SHEIN,TRUE,TRUE,0.936936936936937,Brown
"1PC Mini Simulation Ping Pong Key Chain, Creative Mini Ping Pong Car Key Chain Pendant, Sports Fans Small Gifts","Free Returns ✓ Free Shipping✓. 1PC Mini Simulation Ping Pong Key Chain, Creative Mini Ping Pong Car Key Chain Pendant, Sports Fans Small Gifts- Sports Bag Charms at SHEIN.",2.3,2.1,USD,TRUE,Multicolor,Random Color,US,us.shein.com,17,276,276,,Sports & Outdoor,Sports Bag Charms,SHEIN,FALSE,TRUE,0.9130434782608696,Multicolor
"Unbeatablesale Jeco HD-HAVS069 Ceramic Vase, Gold Color","Free Returns ✓ Free Shipping✓. Unbeatablesale Jeco HD-HAVS069 Ceramic Vase, Gold Color- Vases at SHEIN.",35.48,35.48,USD,TRUE,Gold,one-size,US,us.shein.com,3,277,277,,Home & Living,Vases,Unbeatablesale,TRUE,TRUE,1,Gold
1 Set Fashion Doll Airplane Accessories Dream Vehicle Trip Pilot Princess Doll Pink Color Playset Including Traveling Suitcase And Puppy Pet For 3 Years Old Kids And Up Toys (Color Box)Perfect Gift For Kids Perfect,Free Returns ✓ Free Shipping✓. 1 Set Fashion Doll Airplane Accessories Dream Vehicle Trip Pilot Princess Doll Pink Color Playset Including Traveling Suitcase And Puppy Pet For 3 Years Old Kids And Up Toys (Color Box)Perfect Gift For Kids Perfect- Kids Vehicles at SHEIN.,27.4,27.4,USD,TRUE,Hot Pink,Travel Plane,US,us.shein.com,9,278,278,,Toys & Games,Kids Vehicles,SHEIN,TRUE,TRUE,1,Pink
"Jepeak Jepeak Pack Of 4 Rhombus Textured Throw Pillow Covers Cushion Cases, Burlap Linen Decorative Pillow Covers For Sofa Couch Bed Home Decor, 16x24 Inch","Free Returns ✓ Free Shipping✓. Jepeak Jepeak Pack Of 4 Rhombus Textured Throw Pillow Covers Cushion Cases, Burlap Linen Decorative Pillow Covers For Sofa Couch Bed Home Decor, 16x24 Inch- Cushion Cover at SHEIN.",36.4,26.2,USD,TRUE,Blue-Green,40*60,US,us.shein.com,22,279,279,,Home Textile,Cushion Cover,Jepeak,TRUE,TRUE,0.7197802197802198,Teal
10pcs Pink Satin Chair Bows Hotel Party Banquet Chair Tie Knots Birthday Event Wedding Decoration Chair Ribbon Sashes,Free Returns ✓ Free Shipping✓. 10pcs Pink Satin Chair Bows Hotel Party Banquet Chair Tie Knots Birthday Event Wedding Decoration Chair Ribbon Sashes- Sashes at SHEIN.,11.7,11.7,USD,TRUE,Pink,15x275cm,US,us.shein.com,10,280,280,,Home Textile,Sashes,SHEIN,TRUE,TRUE,1,Brown
"Unbeatablesale Jacks PP1000-LB 3.5 In. X 5 Ft. Pony Polo Bandages, Light Blue","Free Returns ✓ Free Shipping✓. Unbeatablesale Jacks PP1000-LB 3.5 In. X 5 Ft. Pony Polo Bandages, Light Blue- Pet Health Care Tools at SHEIN.",19.8,19.8,USD,TRUE,Multicolor,one-size,US,us.shein.com,3,281,281,,Pet Supplies,Pet Health Care Tools,Unbeatablesale,TRUE,FALSE,1,Multicolor
"30x40cm Adult Diamond Painting Kits, DIY 5D Full Round Diamond Art Painting Kits, Diamond Painting Flower Gifts Home Wall Decor","Free Returns ✓ Free Shipping✓. 30x40cm Adult Diamond Painting Kits, DIY 5D Full Round Diamond Art Painting Kits, Diamond Painting Flower Gifts Home Wall Decor- DIY Diamond Painting & Accessories at SHEIN.",3.7,3.6,USD,TRUE,Multicolor,30*40,US,us.shein.com,13,282,282,,Home & Living,DIY Diamond Painting & Accessories,SHEIN,TRUE,TRUE,0.9729729729729729,Multicolor
"Unbeatablesale 14 X 20 In. Rondeau Placemats,; Paprika - Set Of 4","Free Returns ✓ Free Shipping✓. Unbeatablesale 14 X 20 In. Rondeau Placemats,; Paprika - Set Of 4- Pet Placemats at SHEIN.",29.39,29.39,USD,TRUE,Multicolor,one-size,US,us.shein.com,3,283,283,,Pet Supplies,Pet Placemats,Unbeatablesale,TRUE,TRUE,1,Multicolor
"30pcs Mixed Transparent Tulip & Sunflower 5-Petal Flower Resin Accessories DIY Hair Clips, Phone Cases, Shoe Decorations (ABS Resin)","Free Returns ✓ Free Shipping✓. 30pcs Mixed Transparent Tulip & Sunflower 5-Petal Flower Resin Accessories DIY Hair Clips, Phone Cases, Shoe Decorations (ABS Resin)- Fittings DIY & Tools at SHEIN.",2,1.9,USD,TRUE,Multicolor,one-size,US,us.shein.com,15,284,284,,Apparel Accessories,Fittings DIY & Tools,SHEIN,TRUE,TRUE,0.95,Multicolor
Jack Daniels Black And Grey Hat,Free Returns ✓ Free Shipping✓. Jack Daniels Black And Grey Hat- Men Baseball Cap at SHEIN.,48.99,48.99,USD,TRUE,Black,one-size,US,us.shein.com,2,285,285,,Apparel Accessories,Men Baseball Cap,SHEIN,TRUE,TRUE,1,Green
"Unbeatablesale Jacks 1289-WH Cotton Lead Rope With Bull Snap, White","Free Returns ✓ Free Shipping✓. Unbeatablesale Jacks 1289-WH Cotton Lead Rope With Bull Snap, White- Standard Leashes at SHEIN.",21.72,21.72,USD,TRUE,White,one-size,US,us.shein.com,3,286,286,,Pet Supplies,Standard Leashes,Unbeatablesale,TRUE,TRUE,1,White
"1 Set Of Halloween Spider, Horror Scene Decoration Spider Silk, Indoor And Outdoor Horror Halloween Decoration Spider Silk, 20g Spider Silk Plus 2 Spiders","Free Returns ✓ Free Shipping✓. 1 Set Of Halloween Spider, Horror Scene Decoration Spider Silk, Indoor And Outdoor Horror Halloween Decoration Spider Silk, 20g Spider Silk Plus 2 Spiders- Halloween Party Supplies at SHEIN.",2.7,2.6,USD,TRUE,White,one-size,US,us.shein.com,8,287,287,,Home & Living,Halloween Party Supplies,SHEIN,TRUE,TRUE,0.9629629629629629,White
Unbeatablesale KD 16082 Screw Hole Cover In Black,Free Returns ✓ Free Shipping✓. Unbeatablesale KD 16082 Screw Hole Cover In Black- Hanging Hardware at SHEIN.,21.63,21.63,USD,TRUE,Multicolor,one-size,US,us.shein.com,3,288,288,,Tools & Home Improvement,Hanging Hardware,Unbeatablesale,TRUE,TRUE,1,Multicolor
"20pcs Plastic Straws, Reusable Flexible Flower Shaped Straws For Party Drinks & Cocktails","Free Returns ✓ Free Shipping✓. 20pcs Plastic Straws, Reusable Flexible Flower Shaped Straws For Party Drinks & Cocktails- Disposable Kitchenware at SHEIN.",4.2,4.1,USD,TRUE,Multicolor,Twenty Random Straws,US,us.shein.com,13,289,289,,Home & Living,Disposable Kitchenware,SHEIN,TRUE,TRUE,0.976190476190476,Multicolor
"36 Pieces, 3D Black PVC Bat Halloween Decoration - Scary Decorative Prop For Bar Room, Wall Sticker - Great For Halloween Parties And Supplies, Weird Stuff","Free Returns ✓ Free Shipping✓. 36 Pieces, 3D Black PVC Bat Halloween Decoration - Scary Decorative Prop For Bar Room, Wall Sticker - Great For Halloween Parties And Supplies, Weird Stuff- Wall Decor & Stickers at SHEIN.",2,2,USD,TRUE,Multicolor,36 Pieces Black Bat,US,us.shein.com,13,290,290,,Home & Living,Wall Decor & Stickers,SHEIN,FALSE,TRUE,1,Multicolor
INSULATED CONNECTOR KIT CONNECTOR Electrical Crimp Connectors,Free Returns ✓ Free Shipping✓. INSULATED CONNECTOR KIT CONNECTOR Electrical Crimp Connectors- Wire Junction Boxes at SHEIN.,25.7,25.7,USD,TRUE,02C 270pcs,02C 270pcs,US,us.shein.com,20,291,291,,Tools & Home Improvement,Wire Junction Boxes,SHEIN,TRUE,TRUE,1,default
"Plaid Pattern Shoulder Tote Bag for Women, Top Handle Hobo Handbag Purse with Pendant, Large Capacity Purse Satchel Fashionable School Gift Crossbody Purse Travel Bags, Satchel Bag Vintage Laptop Handbags For Commuting & Going Out","Free Returns ✓ Free Shipping✓. Plaid Pattern Shoulder Tote Bag for Women, Top Handle Hobo Handbag Purse with Pendant, Large Capacity Purse Satchel Fashionable School Gift Crossbody Purse Travel Bags, Satchel Bag Vintage Laptop Handbags For Commuting & Going Out- Women Tote Bags at SHEIN.",9.3,8.7,USD,TRUE,Green,one-size,US,us.shein.com,8,292,292,,Bags & Luggage,Women Tote Bags,SHEIN,TRUE,TRUE,0.9354838709677418,Green
22 Inches Synthetic Hair Band Long Curly Body Wave Ponytail Clip With  Hair Extension Wrapping Ponytail Extension Hair  For Women Daily Used (Black+Blue)Heat Resistant Fiber Synthetic Ponytail,Free Returns ✓ Free Shipping✓. 22 Inches Synthetic Hair Band Long Curly Body Wave Ponytail Clip With  Hair Extension Wrapping Ponytail Extension Hair  For Women Daily Used (Black+Blue)Heat Resistant Fiber Synthetic Ponytail- Synthetic Extensions at SHEIN.,4.4,3.8,USD,TRUE,Blue Highlight,22 inch,US,us.shein.com,19,293,293,,Beauty & Health,Synthetic Extensions,SHEIN,TRUE,TRUE,0.8636363636363635,Blue
2024 New - Battle People Toy - Children's Toy - Interactive Toy - Battle Game Toy - Knockdown People - Parent-Child Battle Mini Game Console - Birthday Gift - Easter Gift - Halloween Gift - Christmas Gift - Perfect Gift - Gift - Children's Toy,Free Returns ✓ Free Shipping✓. 2024 New - Battle People Toy - Children's Toy - Interactive Toy - Battle Game Toy - Knockdown People - Parent-Child Battle Mini Game Console - Birthday Gift - Easter Gift - Halloween Gift - Christmas Gift - Perfect Gift - Gift - Children's Toy- Kids Interactive Games at SHEIN.,2.2,2.2,USD,TRUE,Multicolor,Battle Villain,US,us.shein.com,14,294,294,,Toys & Games,Kids Interactive Games,SHEIN,TRUE,TRUE,1,Multicolor
"20pcs Halloween Ghost & Pumpkin Lollipop Decorative Cards, Party Supplies","Free Returns ✓ Free Shipping✓. 20pcs Halloween Ghost & Pumpkin Lollipop Decorative Cards, Party Supplies- Other Party Favors at SHEIN.",1.8,1.67,USD,TRUE,Multicolor,20PCS,US,us.shein.com,6,295,295,,Home & Living,Other Party Favors,SHEIN,TRUE,TRUE,0.9277777777777777,Multicolor
20PCS Miniature Halloween Figurines Skulls Heads Terrifying Resin Micro Skeleton Ornament Halloween Prank Props Trick Toy Favors Crafts For DIY Halloween Crafts Bar Home Party Bonsai Landscape Decor,Free Returns ✓ Free Shipping✓. 20PCS Miniature Halloween Figurines Skulls Heads Terrifying Resin Micro Skeleton Ornament Halloween Prank Props Trick Toy Favors Crafts For DIY Halloween Crafts Bar Home Party Bonsai Landscape Decor- Festival Decor at SHEIN.,4.1,4,USD,TRUE,Multicolor,20pcs,US,us.shein.com,8,296,296,,Home & Living,Festival Decor,SHEIN,TRUE,TRUE,0.9756097560975611,Multicolor
Unbeatablesale Tape Logic PL438 4 .5 X 5 .5 In. 2 Mil Poly Red Documents Enclosed Envelopes,Free Returns ✓ Free Shipping✓. Unbeatablesale Tape Logic PL438 4 .5 X 5 .5 In. 2 Mil Poly Red Documents Enclosed Envelopes- Paper Envelopes at SHEIN.,39.85,39.85,USD,TRUE,Red,one-size,US,us.shein.com,3,297,297,,Office & School Supplies,Paper Envelopes,Unbeatablesale,TRUE,TRUE,1,Red
"1pc Transparent Round Stamp Tool, DIY Handmade Circular Stamp Embossing Tool","Free Returns ✓ Free Shipping✓. 1pc Transparent Round Stamp Tool, DIY Handmade Circular Stamp Embossing Tool- Embossing Tools at SHEIN.",13.9,13.4,USD,TRUE,Transparent,23x23x1cm,US,us.shein.com,14,298,298,,Home & Living,Embossing Tools,SHEIN,TRUE,TRUE,0.9640287769784173,White
"20OZ Cute Halloween Skull Printing Insulated Cup Double Walled Vacuum Insulated Stainless Steel Water Bottle Premium Summer Drink Ware Portable Handy Flask Travel Mug Iced Coffee Cup For Outdoor Camping, Hiking, Driving, Travel, Perfect Gift Idea","Free Returns ✓ Free Shipping✓. 20OZ Cute Halloween Skull Printing Insulated Cup Double Walled Vacuum Insulated Stainless Steel Water Bottle Premium Summer Drink Ware Portable Handy Flask Travel Mug Iced Coffee Cup For Outdoor Camping, Hiking, Driving, Travel, Perfect Gift Idea- Insulated Water Bottles for Outdoor at SHEIN.",16.3,10.2,USD,TRUE,Multicolor,20 OZ,US,us.shein.com,8,299,299,,Sports & Outdoor,Insulated Water Bottles for Outdoor,SHEIN,TRUE,TRUE,0.6257668711656441,Multicolor
"1PC Jellyfish Thickened Baby Water Pad For Crawling And Training ,Comfortable Cushion For ,Promotes Sensory Development And Coordination Halloween Decoration","Free Returns ✓ Free Shipping✓. 1PC Jellyfish Thickened Baby Water Pad For Crawling And Training ,Comfortable Cushion For ,Promotes Sensory Development And Coordination Halloween Decoration- Kids Interactive Games at SHEIN.",5.2,5.2,USD,TRUE,Baby Blue,one-size,US,us.shein.com,20,300,300,,Toys & Games,Kids Interactive Games,SHEIN,TRUE,TRUE,1,Blue
"Unbeatablesale 15 In. Wood Cutlery Tray Insert For Drawer - Maple, Birch","Free Returns ✓ Free Shipping✓. Unbeatablesale 15 In. Wood Cutlery Tray Insert For Drawer - Maple, Birch- Utility Shelves at SHEIN.",65.92,65.92,USD,TRUE,Multicolor,one-size,US,us.shein.com,3,301,301,,Home & Living,Utility Shelves,Unbeatablesale,TRUE,TRUE,1,Multicolor
"10pcs Mixed Color Bells, Pet Cat And Dog Bells, Houses, Garden Decorations","Free Returns ✓ Free Shipping✓. 10pcs Mixed Color Bells, Pet Cat And Dog Bells, Houses, Garden Decorations- Bells at SHEIN.",1.6,1.5,USD,TRUE,Multicolor,one-size,US,us.shein.com,11,302,302,,Home & Living,Bells,SHEIN,TRUE,TRUE,0.9375,Multicolor
"1 Set Of 10 Arabic Children's Bedtime Story Picture Books, Improving Children's Cognitive Abilities, Suitable For Office, School, Drawing, Students, Markers, Stationery, Boys, Girls, And School Supplies Halloween Decoration","Free Returns ✓ Free Shipping✓. 1 Set Of 10 Arabic Children's Bedtime Story Picture Books, Improving Children's Cognitive Abilities, Suitable For Office, School, Drawing, Students, Markers, Stationery, Boys, Girls, And School Supplies Halloween Decoration- Kids Diaries, Journals, & Notebooks at SHEIN.",7.4,5.92,USD,TRUE,Mint Green,one-size,US,us.shein.com,16,303,303,,Toys & Games,"Kids Diaries, Journals, & Notebooks",SHEIN,FALSE,TRUE,0.7999999999999999,Green
"1PC Simulated Plant/Knitted Sunflower, Suitable For Gift Giving, Placed In Study, Bedroom, Etc","Free Returns ✓ Free Shipping✓. 1PC Simulated Plant/Knitted Sunflower, Suitable For Gift Giving, Placed In Study, Bedroom, Etc- Artificial Plants at SHEIN.",3.2,2.02,USD,TRUE,Multicolor,1PC (knitted Sunflower) Comes With a Small Pot,US,us.shein.com,6,304,304,,Home & Living,Artificial Plants,SHEIN,TRUE,TRUE,0.63125,Multicolor
"Unbeatablesale Tape Logic T902P036PK 2 In. X 110 Yards - Packing List Enclosed Pre-Printed Carton Sealing Tape, Red & White - Pack Of 6","Free Returns ✓ Free Shipping✓. Unbeatablesale Tape Logic T902P036PK 2 In. X 110 Yards - Packing List Enclosed Pre-Printed Carton Sealing Tape, Red & White - Pack Of 6- Skateboard Grip Tape at SHEIN.",107.13,107.13,USD,TRUE,Red,one-size,US,us.shein.com,3,305,305,,Sports & Outdoor,Skateboard Grip Tape,Unbeatablesale,TRUE,TRUE,1,Red
Unbeatablesale Hydrocollator 00-1014 5 X 12 In. Half Size Moist Heat Pack,Free Returns ✓ Free Shipping✓. Unbeatablesale Hydrocollator 00-1014 5 X 12 In. Half Size Moist Heat Pack- Hot & Cold Therapies at SHEIN.,25.37,25.37,USD,TRUE,Multicolor,one-size,US,us.shein.com,3,306,306,,Home & Living,Hot & Cold Therapies,Unbeatablesale,TRUE,TRUE,1,Multicolor
"1pc Triangle Pull Flag, Colorful Paper Hanging Banner Decoration For Party","Free Returns ✓ Free Shipping✓. 1pc Triangle Pull Flag, Colorful Paper Hanging Banner Decoration For Party- Banners & Pennants at SHEIN.",1.8,1.37,USD,TRUE,Multicolor,one-size,US,us.shein.com,3,307,307,,Home & Living,Banners & Pennants,SHEIN,TRUE,TRUE,0.7611111111111112,Multicolor
"1 Set Of 6 Spanish Children's Recognition Flashcards To Improve Kids' Cognitive Ability And Visual Color Discrimination, For Use In Office, School, Drawing, Students, Markers, Stationery, Boys, Girls, And As School Supplies Halloween Decoration","Free Returns ✓ Free Shipping✓. 1 Set Of 6 Spanish Children's Recognition Flashcards To Improve Kids' Cognitive Ability And Visual Color Discrimination, For Use In Office, School, Drawing, Students, Markers, Stationery, Boys, Girls, And As School Supplies Halloween Decoration- Kids Diaries, Journals, & Notebooks at SHEIN.",9,9,USD,TRUE,Red,one-size,US,us.shein.com,6,308,308,,Toys & Games,"Kids Diaries, Journals, & Notebooks",SHEIN,TRUE,TRUE,1,Red
"Unbeatablesale Julia Teaspoon, Pack Of 12","Free Returns ✓ Free Shipping✓. Unbeatablesale Julia Teaspoon, Pack Of 12- Fondue Forks And Utensils at SHEIN.",39.11,39.11,USD,TRUE,Multicolor,one-size,US,us.shein.com,3,309,309,,Home & Living,Fondue Forks And Utensils,Unbeatablesale,TRUE,TRUE,1,Multicolor
Unbeatablesale Johnson Wax 00388 20 Count 1 Quart Freezer Bags,Free Returns ✓ Free Shipping✓. Unbeatablesale Johnson Wax 00388 20 Count 1 Quart Freezer Bags- Food Storage & Transport Tools at SHEIN.,20.67,20.67,USD,TRUE,Multicolor,one-size,US,us.shein.com,3,310,310,,Home & Living,Food Storage & Transport Tools,Unbeatablesale,FALSE,TRUE,1,Multicolor
"1PC-Natural Jute Rope 164 Feet Long Jute Rope For Crafts Gift Packaging Gardening Wedding Decorations, Christmas Decorations, Halloween Decorations","Free Returns ✓ Free Shipping✓. 1PC-Natural Jute Rope 164 Feet Long Jute Rope For Crafts Gift Packaging Gardening Wedding Decorations, Christmas Decorations, Halloween Decorations- Shredded Tissue Paper at SHEIN.",2,1.52,USD,TRUE,Khaki,1PC(50m/164ft),US,us.shein.com,11,311,311,,Home & Living,Shredded Tissue Paper,SHEIN,TRUE,TRUE,0.76,Brown
"IDsarah For IPhone 12 Pro Max Case With Build-In Kickstand,Heavy Duty Protection Shockproof Anti-Scratch Slim Fit Protective Sturdy Case Hard Cover For IPhone 12 Pro Max 6.7 Inch,Purple/Pink H,Blue/Sapphire Blue,Red,Black,Light Blue/Pink","Free Returns ✓ Free Shipping✓. IDsarah For IPhone 12 Pro Max Case With Build-In Kickstand,Heavy Duty Protection Shockproof Anti-Scratch Slim Fit Protective Sturdy Case Hard Cover For IPhone 12 Pro Max 6.7 Inch,Purple/Pink H,Blue/Sapphire Blue,Red,Black,Light Blue/Pink- Stand Phone Case at SHEIN.",12.7,8.6,USD,TRUE,Red,iPhone 12 Pro Max,US,us.shein.com,15,312,312,,Cell Phones & Accessories,Stand Phone Case,SHEIN,TRUE,TRUE,0.6771653543307087,Red
"Tabletop Mini Christmas Tree, 17.81"" Artificial Christmas Tree Miniature Pine Christmas Tree With Linen Base Perfect For Christmas Decorations, Home, Kitchen, Dining Table","Free Returns ✓ Free Shipping✓. Tabletop Mini Christmas Tree, 17.81"" Artificial Christmas Tree Miniature Pine Christmas Tree With Linen Base Perfect For Christmas Decorations, Home, Kitchen, Dining Table- Decorative Crafts at SHEIN.",16.3,15.7,USD,TRUE,White,one-size,US,us.shein.com,16,313,313,,Home & Living,Decorative Crafts,SHEIN,TRUE,TRUE,0.9631901840490796,White
"1pc Transparent Multi-Compartment Makeup Organizer Box, Desktop Multi-Function Storage Box For Cosmetic Brushes, Lipstick, Student Pen Holder","Free Returns ✓ Free Shipping✓. 1pc Transparent Multi-Compartment Makeup Organizer Box, Desktop Multi-Function Storage Box For Cosmetic Brushes, Lipstick, Student Pen Holder- Makeup Organizers at SHEIN.",5.2,2.6,USD,TRUE,Multicolor,Transparent Three-grid Style,US,us.shein.com,8,314,314,,Beauty & Health,Makeup Organizers,SHEIN,TRUE,TRUE,0.5,Multicolor
TPU Cherry Blossom Pink Couples Car Anti-Drop Key Cover Case For Chevrolet Malibu XI/Cavalier/Cruze/Trax/Sail Dedicated,Free Returns ✓ Free Shipping✓. TPU Cherry Blossom Pink Couples Car Anti-Drop Key Cover Case For Chevrolet Malibu XI/Cavalier/Cruze/Trax/Sail Dedicated- Car Key Case at SHEIN.,2.3,2.07,USD,TRUE,Pink,one-size,US,us.shein.com,15,315,315,,Automotive,Car Key Case,SHEIN,FALSE,TRUE,0.9,Brown
"30pcs New Artificial Christmas Pine Tree Branches, Berries, Christmas Fake Tree Branches, Red Berry Stems, Pine Needle Tree Wreath Xmas Winter Wonderland Festival Party Home Decoration","Free Returns ✓ Free Shipping✓. 30pcs New Artificial Christmas Pine Tree Branches, Berries, Christmas Fake Tree Branches, Red Berry Stems, Pine Needle Tree Wreath Xmas Winter Wonderland Festival Party Home Decoration- Festival Decor at SHEIN.",15,14.5,USD,TRUE,Multicolor,30pcs,US,us.shein.com,10,316,316,,Home & Living,Festival Decor,SHEIN,TRUE,TRUE,0.9666666666666667,Multicolor
"DAZY Simple Solid Color Headband, Suitable For Daily Wear","Free Returns ✓ Free Shipping✓. DAZY Simple Solid Color Headband, Suitable For Daily Wear- Headbands at SHEIN.",1.8,1.7,USD,TRUE,Black,one-size,US,us.shein.com,6,317,317,,Apparel Accessories,Headbands,DAZY,TRUE,TRUE,0.9444444444444444,Green
"Sun Protective Anti UV Summer Outdoor Ice Silk Sun Protection Neck Gaiter, Motorcycle Balaclava Face Mask For Cycling Ski Mask","Free Returns ✓ Free Shipping✓. Sun Protective Anti UV Summer Outdoor Ice Silk Sun Protection Neck Gaiter, Motorcycle Balaclava Face Mask For Cycling Ski Mask- Cycling Mask & Scarf at SHEIN.",2,1.2,USD,TRUE,Navy Blue,About 42cm*25cm,US,us.shein.com,2,318,318,,Sports & Outdoor,Cycling Mask & Scarf,SHEIN,TRUE,TRUE,0.6,Blue
"150PCS Pink Stickers Aesthetic Vinyl Stickers Decals Scrapbook, Journaling, Laptop, Bumper, Skateboard, Water Bottles, Computer, Phone","Free Returns ✓ Free Shipping✓. 150PCS Pink Stickers Aesthetic Vinyl Stickers Decals Scrapbook, Journaling, Laptop, Bumper, Skateboard, Water Bottles, Computer, Phone- Assorted Stickers at SHEIN.",3.5,3.5,USD,TRUE,Multicolor,one-size,US,us.shein.com,20,319,319,,Office & School Supplies,Assorted Stickers,SHEIN,TRUE,TRUE,1,Multicolor
1 Set B O Y Or G I R L Gender Reveal Voting Game Poster Board Genders Stickers B A B Y Gender Reveal Party Decoration B A B Y Shower Supplies,Free Returns ✓ Free Shipping✓. 1 Set B O Y Or G I R L Gender Reveal Voting Game Poster Board Genders Stickers B A B Y Gender Reveal Party Decoration B A B Y Shower Supplies- Party Backdrops at SHEIN.,3.5,3.3,USD,TRUE,Black,one-size,US,us.shein.com,8,320,320,,Home & Living,Party Backdrops,SHEIN,TRUE,TRUE,0.9428571428571428,Green
Unbeatablesale 14 X 2 X 20 In. Perimeter Tee For 8 Traditional Coffered Ceiling System,Free Returns ✓ Free Shipping✓. Unbeatablesale 14 X 2 X 20 In. Perimeter Tee For 8 Traditional Coffered Ceiling System- Wall Decoration at SHEIN.,44.06,44.06,USD,TRUE,Red,one-size,US,us.shein.com,3,321,321,,Home & Living,Wall Decoration,Unbeatablesale,TRUE,TRUE,1,Red
"32 Pieces Of Random Colors Children's Kitchen Toy Set, Kettle, Cooking Pot, Wok, Pressure Cooker, Knife Shovel Plate, Fruit Food, Suitable For Boys And Girls Educational Toys!","Free Returns ✓ Free Shipping✓. 32 Pieces Of Random Colors Children's Kitchen Toy Set, Kettle, Cooking Pot, Wok, Pressure Cooker, Knife Shovel Plate, Fruit Food, Suitable For Boys And Girls Educational Toys!- Kids Kitchen Playsets at SHEIN.",24.5,24.5,USD,TRUE,Multicolor,one-size,US,us.shein.com,17,322,322,,Toys & Games,Kids Kitchen Playsets,SHEIN,TRUE,TRUE,1,Multicolor
"20pcs Durable White Garden Labels: Reusable, Outdoor And Greenhouse Plant Markers","Free Returns ✓ Free Shipping✓. 20pcs Durable White Garden Labels: Reusable, Outdoor And Greenhouse Plant Markers- Food Packaging Tape & Stickers & Labels at SHEIN.",2.7,2.6,USD,TRUE,White,one-size,US,us.shein.com,12,323,323,,Home & Living,Food Packaging Tape & Stickers & Labels,SHEIN,TRUE,FALSE,0.9629629629629629,White
"1 Set Double-Sided Magnetic Dart Board Kit, Home Use Magnetic Dart Board Game With 4 Random Colored Darts,Adult Party Games Suitable For Halloween/Christmas/Thanksgiving","Free Returns ✓ Free Shipping✓. 1 Set Double-Sided Magnetic Dart Board Kit, Home Use Magnetic Dart Board Game With 4 Random Colored Darts,Adult Party Games Suitable For Halloween/Christmas/Thanksgiving- Dartboards at SHEIN.",10.9,9.6,USD,TRUE,Multicolor,one-size,US,us.shein.com,4,324,324,,Sports & Outdoor,Dartboards,SHEIN,TRUE,TRUE,0.8807339449541284,Multicolor
"1pc Transparent Razor Storage Box, Dustproof Razor Holder, Portable Travel Accessory Case","Free Returns ✓ Free Shipping✓. 1pc Transparent Razor Storage Box, Dustproof Razor Holder, Portable Travel Accessory Case- Commercial Personal Suppliers Storages at SHEIN.",1.7,1.36,USD,TRUE,Multicolor,Transparent Color - 1 Piece,US,us.shein.com,5,325,325,,Home & Living,Commercial Personal Suppliers Storages,SHEIN,TRUE,TRUE,0.8,Multicolor
1PC Moth Tarot Tapestry Retro Sun Rainbow Vintage Boho Wall Hanging Astrology Divination Star Room Bedroom Home Decor Cloth Gift,Free Returns ✓ Free Shipping✓. 1PC Moth Tarot Tapestry Retro Sun Rainbow Vintage Boho Wall Hanging Astrology Divination Star Room Bedroom Home Decor Cloth Gift- Decorative Tapestry at SHEIN.,3.2,2.72,USD,TRUE,Black,73*95,US,us.shein.com,13,326,326,,Home & Living,Decorative Tapestry,SHEIN,TRUE,TRUE,0.85,Green
1PC LED Solar Light Outdoor Dandelion Lights Garden Decoration String Lamp Courtyard IP65 Waterproof Solar Light Fairy Lamps,Free Returns ✓ Free Shipping✓. 1PC LED Solar Light Outdoor Dandelion Lights Garden Decoration String Lamp Courtyard IP65 Waterproof Solar Light Fairy Lamps- Lawn Lamps at SHEIN.,57.5,48.88,USD,TRUE,Black and White,Warm Light,US,us.shein.com,10,327,327,,Home & Living,Lawn Lamps,SHEIN,TRUE,TRUE,0.8500869565217392,Black
"Unbeatablesale 36 X 72 In. Cordless Solstice Vinyl Roll-Up Blind, Woodtone","Free Returns ✓ Free Shipping✓. Unbeatablesale 36 X 72 In. Cordless Solstice Vinyl Roll-Up Blind, Woodtone- Window Valance at SHEIN.",34.69,34.69,USD,TRUE,Multicolor,One-size,US,us.shein.com,3,328,328,,Home Textile,Window Valance,Unbeatablesale,TRUE,TRUE,1,Multicolor
"Interlocked Heart Stainless Steel Earrings, For Daily Wear","Free Returns ✓ Free Shipping✓. Interlocked Heart Stainless Steel Earrings, For Daily Wear- Women Dangle Earrings at SHEIN.",1.4,1.12,USD,TRUE,Silver,one-size,US,us.shein.com,8,329,329,,Jewelry & Watches,Women Dangle Earrings,SHEIN,TRUE,TRUE,0.8000000000000002,Silver
"1 Roll 60 Feet Decorative Straight Rolled Trim For Classroom & Office - Wooden Pattern Bulletin Border Trim, Colorful Craft Paper Decor For School Displays","Free Returns ✓ Free Shipping✓. 1 Roll 60 Feet Decorative Straight Rolled Trim For Classroom & Office - Wooden Pattern Bulletin Border Trim, Colorful Craft Paper Decor For School Displays- Assorted Stickers at SHEIN.",5.4,5.4,USD,FALSE,Multicolor,one-size,US,us.shein.com,12,330,330,,Office & School Supplies,Assorted Stickers,SHEIN,TRUE,TRUE,1,Multicolor
Street Style Plain Color Casual Shoulder Bag New Fashion Simple Handbag Crossbody Square Bag,Free Returns ✓ Free Shipping✓. Street Style Plain Color Casual Shoulder Bag New Fashion Simple Handbag Crossbody Square Bag- Women Top Handle Bags at SHEIN.,9.6,9,USD,TRUE,White,one-size,US,us.shein.com,11,331,331,,Bags & Luggage,Women Top Handle Bags,SHEIN,TRUE,TRUE,0.9375,White
Unbeatablesale Irion Pro Half Pipe Caulking Gun For Cartridges Up To 10.5 Oz,Free Returns ✓ Free Shipping✓. Unbeatablesale Irion Pro Half Pipe Caulking Gun For Cartridges Up To 10.5 Oz- Caulking Guns at SHEIN.,58.39,58.39,USD,TRUE,Multicolor,one-size,US,us.shein.com,3,332,332,,Tools & Home Improvement,Caulking Guns,Unbeatablesale,TRUE,TRUE,1,Multicolor
"140cm*100cm Warm Flannel Wearable Throw Blanket, Slouchy Office TV Blanket","Free Returns ✓ Free Shipping✓. 140cm*100cm Warm Flannel Wearable Throw Blanket, Slouchy Office TV Blanket- Wearable Blankets at SHEIN.",16.8,16.8,USD,TRUE,Dark Blue Check,140*100,US,us.shein.com,11,333,333,,Home Textile,Wearable Blankets,SHEIN,TRUE,TRUE,1,Blue
Anewsta Women's Casual Solid Color Hooded Short Sleeve Padded Coat For Winter,Free Returns ✓ Free Shipping✓. Anewsta Women's Casual Solid Color Hooded Short Sleeve Padded Coat For Winter- Women Winter Coats at SHEIN.,76.79,65.27,USD,TRUE,Black,one-size,US,us.shein.com,16,334,334,,Women Apparel,Women Winter Coats,Anewsta,TRUE,TRUE,0.8499804662065372,Green
Unbeatablesale 34 X 54 In. Piccadilly Floral Indoor & Outdoor Area Rug,Free Returns ✓ Free Shipping✓. Unbeatablesale 34 X 54 In. Piccadilly Floral Indoor & Outdoor Area Rug- Decorative Rugs at SHEIN.,72.21,72.21,USD,TRUE,Multicolor,one-size,US,us.shein.com,3,335,335,,Home & Living,Decorative Rugs,Unbeatablesale,TRUE,TRUE,1,Multicolor
Junsun Android 13 Car Radio Stereo For Hundai Santa Fe 2 2006 2007 2008 2009 2010 2011 2012 Car Auto Radio Built-In Wireless Carplay For Apple & Android Auto 9 Inch Automotive Multimedia Touch Screen 2GB RAM 32GB ROM Car Intelligent Systems Head Unit With GPS Navigation DSP Bluetooth,Free Returns ✓ Free Shipping✓. Junsun Android 13 Car Radio Stereo For Hundai Santa Fe 2 2006 2007 2008 2009 2010 2011 2012 Car Auto Radio Built-In Wireless Carplay For Apple & Android Auto 9 Inch Automotive Multimedia Touch Screen 2GB RAM 32GB ROM Car Intelligent Systems Head Unit With GPS Navigation DSP Bluetooth- Car Intelligence System at SHEIN.,148.6,105.5,USD,TRUE,WiFi 2+32GB,"9""",US,us.shein.com,22,336,336,,Automotive,Car Intelligence System,SHEIN,FALSE,TRUE,0.7099596231493943,default
"Unbeatablesale Intertape Polymer Group 761-F5039-05 72 X 100 6100 Tape, Tan","Free Returns ✓ Free Shipping✓. Unbeatablesale Intertape Polymer Group 761-F5039-05 72 X 100 6100 Tape, Tan- Masking Tape at SHEIN.",66.57,66.57,USD,TRUE,Multicolor,one-size,US,us.shein.com,3,337,337,,Office & School Supplies,Masking Tape,Unbeatablesale,TRUE,FALSE,1,Multicolor
Unbeatablesale Swan Votive Holder Pairs,Free Returns ✓ Free Shipping✓. Unbeatablesale Swan Votive Holder Pairs- Decorative Bowls & Plates at SHEIN.,28.23,28.23,USD,TRUE,Multicolor,one-size,US,us.shein.com,3,338,338,,Home & Living,Decorative Bowls & Plates,Unbeatablesale,TRUE,TRUE,1,Multicolor
1-Piece Synthetic Heat Resistant Straight Hair Middle Part No Bangs Wig Black 26 Inch Fully Machine Woven Daily Natural Realistic Wig,Free Returns ✓ Free Shipping✓. 1-Piece Synthetic Heat Resistant Straight Hair Middle Part No Bangs Wig Black 26 Inch Fully Machine Woven Daily Natural Realistic Wig- Synthetic Woven Wigs at SHEIN.,16,14,USD,TRUE,Black Brown,26 inch,US,us.shein.com,10,339,339,,Beauty & Health,Synthetic Woven Wigs,SHEIN,TRUE,TRUE,0.875,Brown
"1pc Ultra Thin Transparent Hard PC Case Compatible With Samsung Galaxy Z Flip 5 5G, Scratch Resistant","Free Returns ✓ Free Shipping✓. 1pc Ultra Thin Transparent Hard PC Case Compatible With Samsung Galaxy Z Flip 5 5G, Scratch Resistant- Basic Phone Cases at SHEIN.",2,2,USD,TRUE,Clear,Galaxy Z Flip5 5G,US,us.shein.com,10,340,340,,Cell Phones & Accessories,Basic Phone Cases,SHEIN,TRUE,TRUE,1,White
"1PC Punk Women's Belt Garter Belt, Adjustable Elastic Leather Women's Lingerie Accessories, Punk Party Leg Loop Belt","Free Returns ✓ Free Shipping✓. 1PC Punk Women's Belt Garter Belt, Adjustable Elastic Leather Women's Lingerie Accessories, Punk Party Leg Loop Belt- Women Harness Belts at SHEIN.",5.8,4.13,USD,TRUE,Black,one-size,US,us.shein.com,7,341,341,,Apparel Accessories,Women Harness Belts,SHEIN,TRUE,TRUE,0.7120689655172414,Green
"1 Set Eyeglasses Nosepads, Silicone Anti-Slip Glasses Temples Tip Covers, Adjustable Eyewear Hooks & Extenders For Adult & Sunglass","Free Returns ✓ Free Shipping✓. 1 Set Eyeglasses Nosepads, Silicone Anti-Slip Glasses Temples Tip Covers, Adjustable Eyewear Hooks & Extenders For Adult & Sunglass- Eyeglass Care at SHEIN.",2.2,2.2,USD,TRUE,Multicolor,14pcs Per Set,US,us.shein.com,6,342,342,,Home & Living,Eyeglass Care,SHEIN,TRUE,TRUE,1,Multicolor
Unbeatablesale 1.25 X 3.75 In. Clear Label Holder - Pack Of 250,Free Returns ✓ Free Shipping✓. Unbeatablesale 1.25 X 3.75 In. Clear Label Holder - Pack Of 250- Labeling Supplies at SHEIN.,39.1,39.1,USD,TRUE,Multicolor,one-size,US,us.shein.com,3,343,343,,Home & Living,Labeling Supplies,Unbeatablesale,TRUE,TRUE,1,Multicolor
Unbeatablesale Kaba L1-1004 Lockwood Lock Key Blank- Pack Of 10,Free Returns ✓ Free Shipping✓. Unbeatablesale Kaba L1-1004 Lockwood Lock Key Blank- Pack Of 10- Safe Accessories at SHEIN.,34.37,34.37,USD,FALSE,Multicolor,one-size,US,us.shein.com,3,344,344,,Tools & Home Improvement,Safe Accessories,Unbeatablesale,TRUE,TRUE,1,Multicolor
"Bandai Namco Tamashii Nations - Mobile Suit Gundam: The 08th MS Team - RX-79(G)EZ-8 GUNDAM EZ-8 Version A.N.I.M.E. - Bandai Spirits ROBOT SPIRITS  [COLLECTABLES] Figure, Collectible","Free Returns ✓ Free Shipping✓. Bandai Namco Tamashii Nations - Mobile Suit Gundam: The 08th MS Team - RX-79(G)EZ-8 GUNDAM EZ-8 Version A.N.I.M.E. - Bandai Spirits ROBOT SPIRITS  [COLLECTABLES] Figure, Collectible- Statue, Maquette & Bust Action Figures at SHEIN.",66.75,66.75,USD,TRUE,1810264,one-size,US,us.shein.com,2,345,345,,Toys & Games,"Statue, Maquette & Bust Action Figures",Bandai Namco,TRUE,TRUE,1,default
"Plaid Pattern Shoulder Tote Bag With Bag Charm Handbags for Women, Shoulder Tote Bag Purse Top Handle Hobo Handbag, Large Capacity Purse Satchel Fashionable Tote Bag School Gift, Retro Crossbody Purse Hiking Back pack Travel Bags","Free Returns ✓ Free Shipping✓. Plaid Pattern Shoulder Tote Bag With Bag Charm Handbags for Women, Shoulder Tote Bag Purse Top Handle Hobo Handbag, Large Capacity Purse Satchel Fashionable Tote Bag School Gift, Retro Crossbody Purse Hiking Back pack Travel Bags- Women Tote Bags at SHEIN.",10.7,8.03,USD,TRUE,Multicolor,one-size,US,us.shein.com,9,346,346,,Bags & Luggage,Women Tote Bags,SHEIN,TRUE,TRUE,0.7504672897196262,Multicolor
"1 Set Wooden Sudoku Game With 9 Grids - Includes Wooden Digits, Game Board And Storage Drawer, Comes With Puzzle Book - Challenging Brain Teaser For Adults And Children","Free Returns ✓ Free Shipping✓. 1 Set Wooden Sudoku Game With 9 Grids - Includes Wooden Digits, Game Board And Storage Drawer, Comes With Puzzle Book - Challenging Brain Teaser For Adults And Children- Kids Sudoku Puzzles at SHEIN.",13.7,13.7,USD,TRUE,Nine-grid Sudoku,Wooden Sudoku Game,US,us.shein.com,10,347,347,,Toys & Games,Kids Sudoku Puzzles,SHEIN,TRUE,TRUE,1,Black
"Unbeatablesale Tarifold Magneto Repositionable Adhesive Display Frames,; Silver - Letter Size","Free Returns ✓ Free Shipping✓. Unbeatablesale Tarifold Magneto Repositionable Adhesive Display Frames,; Silver - Letter Size- Office Adhesive Tape at SHEIN.",24.44,24.44,USD,TRUE,Silver,one-size,US,us.shein.com,3,348,348,,Office & School Supplies,Office Adhesive Tape,Unbeatablesale,TRUE,TRUE,1,Silver
1pc Turquoise Silver-Tone Metal U-Shape Vintage Western Style Hair Clip For Women,Free Returns ✓ Free Shipping✓. 1pc Turquoise Silver-Tone Metal U-Shape Vintage Western Style Hair Clip For Women- Women Hair Jewelry at SHEIN.,2.7,2.3,USD,TRUE,Silver,one-size,US,us.shein.com,14,349,349,,Jewelry & Watches,Women Hair Jewelry,SHEIN,TRUE,TRUE,0.8518518518518517,Silver
Unbeatablesale PAC Racing Springs PACPAC-R363 Valve Spring Retainers - C-M Steel - 7 Deg,Free Returns ✓ Free Shipping✓. Unbeatablesale PAC Racing Springs PACPAC-R363 Valve Spring Retainers - C-M Steel - 7 Deg- Car Replacement Parts at SHEIN.,104.35,104.35,USD,TRUE,Multicolor,one-size,US,us.shein.com,3,350,350,,Automotive,Car Replacement Parts,Unbeatablesale,TRUE,TRUE,1,Multicolor
Unbeatablesale K-S9840 0.5 X 6 Mm Brass Strips,Free Returns ✓ Free Shipping✓. Unbeatablesale K-S9840 0.5 X 6 Mm Brass Strips- Hanging Hardware at SHEIN.,19.35,19.35,USD,FALSE,Multicolor,one-size,US,us.shein.com,3,351,351,,Tools & Home Improvement,Hanging Hardware,Unbeatablesale,TRUE,TRUE,1,Multicolor
"Unbeatablesale TZ Case TC-06 LP Basic Beauty Case, Leopard","Free Returns ✓ Free Shipping✓. Unbeatablesale TZ Case TC-06 LP Basic Beauty Case, Leopard- Makeup Bags at SHEIN.",71.97,71.97,USD,TRUE,Multicolor,one-size,US,us.shein.com,3,352,352,,Beauty & Health,Makeup Bags,Unbeatablesale,TRUE,TRUE,1,Multicolor
"Juli Kids Ski Goggles,Interchangeable Double Layer Spherical Lens,OTG Anti-Fog Snowboard Skate Snow Goggles Age 4-16 4300","Free Returns ✓ Free Shipping✓. Juli Kids Ski Goggles,Interchangeable Double Layer Spherical Lens,OTG Anti-Fog Snowboard Skate Snow Goggles Age 4-16 4300- Kids Sports Goggles at SHEIN.",39.99,29.99,USD,FALSE,C4 Black Frame/Gold Lens,one-size,US,us.shein.com,10,353,353,,Kids,Kids Sports Goggles,SHEIN,TRUE,TRUE,0.7499374843710926,Blue
"Unbeatablesale 1 Qt. Screw-On Poultry Waterer Base,; Lime Green","Free Returns ✓ Free Shipping✓. Unbeatablesale 1 Qt. Screw-On Poultry Waterer Base,; Lime Green- Bird Feeders & Animal Husbandry at SHEIN.",9.49,9.49,USD,TRUE,Green,one-size,US,us.shein.com,3,354,354,,Home & Living,Bird Feeders & Animal Husbandry,Unbeatablesale,TRUE,TRUE,1,Green
"Unbeatablesale Tarifold P20061 9 X 12 In. Water-Resistant Repositionable Pocket, Clear - Pack Of 10","Free Returns ✓ Free Shipping✓. Unbeatablesale Tarifold P20061 9 X 12 In. Water-Resistant Repositionable Pocket, Clear - Pack Of 10- Labeling Supplies at SHEIN.",16.28,16.28,USD,FALSE,Multicolor,one-size,US,us.shein.com,3,355,355,,Home & Living,Labeling Supplies,Unbeatablesale,TRUE,TRUE,1,Multicolor
Kariban Womens/Ladies Pique Polo Shirt (Black),Free Returns ✓ Free Shipping✓. Kariban Womens/Ladies Pique Polo Shirt (Black)- Women's Sports Polos at SHEIN.,35,17.99,USD,TRUE,Black,XL,US,us.shein.com,2,356,356,,Sports & Outdoor,Women's Sports Polos,SHEIN,TRUE,TRUE,0.514,Green
"Unbeatablesale 215R Alternator Bracket For Small Block Chevy Long Water Pump, Right Hand Mid-Mount","Free Returns ✓ Free Shipping✓. Unbeatablesale 215R Alternator Bracket For Small Block Chevy Long Water Pump, Right Hand Mid-Mount- Car Replacement Parts at SHEIN.",73.16,73.16,USD,TRUE,Multicolor,one-size,US,us.shein.com,3,357,357,,Automotive,Car Replacement Parts,Unbeatablesale,TRUE,TRUE,1,Multicolor
Unbeatablesale International Concepts K05-30RT-6B 30 In. Round Top Pedestal Table With Counter Height White & Heather Gray,Free Returns ✓ Free Shipping✓. Unbeatablesale International Concepts K05-30RT-6B 30 In. Round Top Pedestal Table With Counter Height White & Heather Gray- Dining Tables at SHEIN.,335.59,335.59,USD,TRUE,White,one-size,US,us.shein.com,3,358,358,,Tools & Home Improvement,Dining Tables,Unbeatablesale,TRUE,TRUE,1,White
1PC Outdoor Multi-Use Knife BBQ Patio Cutting Steak Special Knife Cutting Barbecue Knife Cutting Chicken Wing Knife BBQ Special Knife Outdoor Cooking Special Knife,Free Returns ✓ Free Shipping✓. 1PC Outdoor Multi-Use Knife BBQ Patio Cutting Steak Special Knife Cutting Barbecue Knife Cutting Chicken Wing Knife BBQ Special Knife Outdoor Cooking Special Knife- Kitchen Knives at SHEIN.,5.8,4.93,USD,TRUE,Multicolor,one-size,US,us.shein.com,12,359,359,,Home & Living,Kitchen Knives,SHEIN,TRUE,TRUE,0.85,Multicolor
"International Harvester Logo Sticker - 5 Inch Vinyl Decal - Classic Red And Black Design For Trucks, Tractors, Laptops, Water Bottles, And More - Durable And Waterproof","Free Returns ✓ Free Shipping✓. International Harvester Logo Sticker - 5 Inch Vinyl Decal - Classic Red And Black Design For Trucks, Tractors, Laptops, Water Bottles, And More - Durable And Waterproof- Stickers at SHEIN.",1.5,1.4,USD,TRUE,Fire,5inch/12.7cm,US,us.shein.com,12,360,360,,Home & Living,Stickers,SHEIN,TRUE,TRUE,0.9333333333333332,Multicolor
1PC Negative Thoughts Sticker | Mental Health Awareness Decal | Normalize Therapy & Self Love | Let That Stuff Go | Perfect For Anxiety & PTSD Support | Trendy Design For Trauma Dumping & Intrusive Thoughts,Free Returns ✓ Free Shipping✓. 1PC Negative Thoughts Sticker | Mental Health Awareness Decal | Normalize Therapy & Self Love | Let That Stuff Go | Perfect For Anxiety & PTSD Support | Trendy Design For Trauma Dumping & Intrusive Thoughts- Stickers at SHEIN.,1.3,1.16,USD,TRUE,Multicolor,3 Inches,US,us.shein.com,11,361,361,,Home & Living,Stickers,SHEIN,TRUE,TRUE,0.8923076923076922,Multicolor
"JJS Modern Round Nesting Coffee Table Set Of 2, Large Living Room Accent Tables, Stacking Sofa End Side Table Cocktail Table With Metal Frame, Marble And Black…","Free Returns ✓ Free Shipping✓. JJS Modern Round Nesting Coffee Table Set Of 2, Large Living Room Accent Tables, Stacking Sofa End Side Table Cocktail Table With Metal Frame, Marble And Black…- Coffee Tables at SHEIN.",129.99,105.99,USD,TRUE,Marble/Gold,one-size,US,us.shein.com,14,362,362,,Tools & Home Improvement,Coffee Tables,SHEIN,TRUE,TRUE,0.8153704131087005,Gold
1PC Reader - Golf  Ball Marker With High Precision  Black Green Reading Aid Golf Accessories For Men Women,Free Returns ✓ Free Shipping✓. 1PC Reader - Golf  Ball Marker With High Precision  Black Green Reading Aid Golf Accessories For Men Women- Copyholders & Book Stands at SHEIN.,6.9,6.9,USD,TRUE,Green,one-size,US,us.shein.com,17,363,363,,Office & School Supplies,Copyholders & Book Stands,SHEIN,TRUE,TRUE,1,Green
1PC Natural Polished Crystal Witch Hat Carving Random Color Healing Reiki Stone Amethyst Opal Wizard Hat Handcrafts Halloween Gifts,Free Returns ✓ Free Shipping✓. 1PC Natural Polished Crystal Witch Hat Carving Random Color Healing Reiki Stone Amethyst Opal Wizard Hat Handcrafts Halloween Gifts- Healing Crystals at SHEIN.,4.2,3.6,USD,TRUE,3cm Random Color,Wizard Hat,US,us.shein.com,17,364,364,,Beauty & Health,Healing Crystals,SHEIN,TRUE,TRUE,0.8571428571428571,default
"Unbeatablesale Tac Shield TCSH T4510CY Universal Slim Line Admin Molle Pouch, Coyote","Free Returns ✓ Free Shipping✓. Unbeatablesale Tac Shield TCSH T4510CY Universal Slim Line Admin Molle Pouch, Coyote- Tactical Vest & Harness at SHEIN.",55.69,55.69,USD,TRUE,Multicolor,one-size,US,us.shein.com,3,365,365,,Sports & Outdoor,Tactical Vest & Harness,Unbeatablesale,TRUE,TRUE,1,Multicolor
"30pcs Gold Color Hair Scrunchies Set For Women, Y2K Punk Bohemian Accessories Hair Ties Decor, Party Gift","Free Returns ✓ Free Shipping✓. 30pcs Gold Color Hair Scrunchies Set For Women, Y2K Punk Bohemian Accessories Hair Ties Decor, Party Gift- Women Braid Rings at SHEIN.",1.5,1.5,USD,TRUE,Silver,one-size,US,us.shein.com,6,366,366,,Jewelry & Watches,Women Braid Rings,SHEIN,TRUE,TRUE,1,Silver
"20pcs Mini Beverage Bottle Figurines, Home Office Desk Decor, Miniature Accessories, Room Decoration, Home Decoration","Free Returns ✓ Free Shipping✓. 20pcs Mini Beverage Bottle Figurines, Home Office Desk Decor, Miniature Accessories, Room Decoration, Home Decoration- Kids Dress Up Sets at SHEIN.",3.3,3.3,USD,TRUE,Multicolor,20 Pcs,US,us.shein.com,7,367,367,,Toys & Games,Kids Dress Up Sets,SHEIN,TRUE,TRUE,1,Multicolor
1-Piece Synthetic Heat Resistant Straight Hair With Bangs Princess Cut Wine Gradient Ramp 28 Inch Fully Machine Woven Daily Natural Realistic Wig,Free Returns ✓ Free Shipping✓. 1-Piece Synthetic Heat Resistant Straight Hair With Bangs Princess Cut Wine Gradient Ramp 28 Inch Fully Machine Woven Daily Natural Realistic Wig- Synthetic Woven Wigs at SHEIN.,16,13.37,USD,TRUE,Ombre,28 inch,US,us.shein.com,11,368,368,,Beauty & Health,Synthetic Woven Wigs,SHEIN,TRUE,TRUE,0.835625,Brown
"20pcs Solid Color Bow Satin Hair Clips, Lace Elegant Hair Clips, Ballet Style Hair Clips, Suitable For Hairstyle, Cute Hair Accessories","Free Returns ✓ Free Shipping✓. 20pcs Solid Color Bow Satin Hair Clips, Lace Elegant Hair Clips, Ballet Style Hair Clips, Suitable For Hairstyle, Cute Hair Accessories- Hair Clips at SHEIN.",1.9,1.8,USD,TRUE,White,one-size,US,us.shein.com,20,369,369,,Apparel Accessories,Hair Clips,SHEIN,TRUE,TRUE,0.9473684210526316,White
"Sunflower Stem (Set Of 6) 23.5""H Polyester/Plastic","Free Returns ✓ Free Shipping✓. Sunflower Stem (Set Of 6) 23.5""H Polyester/Plastic- Artificial Flowers at SHEIN.",76.99,57.48,USD,TRUE,Black,one-size,US,us.shein.com,3,370,370,,Home & Living,Artificial Flowers,SHEIN,TRUE,TRUE,0.7465904662943239,Green
20PCS Women's 3 Color Box Y2k Dopamine Color Pentagon Star Small Hairpin Bb Clip,Free Returns ✓ Free Shipping✓. 20PCS Women's 3 Color Box Y2k Dopamine Color Pentagon Star Small Hairpin Bb Clip- Hair Clips at SHEIN.,2.3,2.2,USD,TRUE,Envelope Box,one-size,US,us.shein.com,15,371,371,,Apparel Accessories,Hair Clips,SHEIN,TRUE,TRUE,0.9565217391304349,default
"1PC Personalized DIY Custom Name Necklace Stainless Steel Jewelry Goth Ghost Brand  Women's Pendant Gold Accessories Halloween Gift, Customizable Name Simple Daily Style, Keychain, Gift Box And Other Gifts, Valentine's Day Gift, Birthday Gift, Mother's Day Gift, Daily Gift","Free Returns ✓ Free Shipping✓. 1PC Personalized DIY Custom Name Necklace Stainless Steel Jewelry Goth Ghost Brand  Women's Pendant Gold Accessories Halloween Gift, Customizable Name Simple Daily Style, Keychain, Gift Box And Other Gifts, Valentine's Day Gift, Birthday Gift, Mother's Day Gift, Daily Gift- Customized Fashion Engraved Necklaces at SHEIN.",6.3,6.3,USD,TRUE,Gold,one-size,US,us.shein.com,6,372,372,,Jewelry & Watches,Customized Fashion Engraved Necklaces,SHEIN,TRUE,TRUE,1,Gold
Synthetic Heat Resistant Front Lace Wig With Baby Hair 13*4 Extra Long Black Straight Hair 34 Inches Daily Use Women's Wigs Natural And Beautiful High Quality Synthetic Soft Beginner Friendly Wigs,Free Returns ✓ Free Shipping✓. Synthetic Heat Resistant Front Lace Wig With Baby Hair 13*4 Extra Long Black Straight Hair 34 Inches Daily Use Women's Wigs Natural And Beautiful High Quality Synthetic Soft Beginner Friendly Wigs- Synthetic Lace Wigs at SHEIN.,34.2,29.8,USD,TRUE,Black,34 inch,US,us.shein.com,11,373,373,,Beauty & Health,Synthetic Lace Wigs,SHEIN,TRUE,TRUE,0.871345029239766,Green
Unbeatablesale Irwin Vise-Grip 586-323S 3 Pc Original Locking Pliers Set C,Free Returns ✓ Free Shipping✓. Unbeatablesale Irwin Vise-Grip 586-323S 3 Pc Original Locking Pliers Set C- Pliers at SHEIN.,61.06,61.06,USD,TRUE,Multicolor,one-size,US,us.shein.com,3,374,374,,Tools & Home Improvement,Pliers,Unbeatablesale,TRUE,TRUE,1,Multicolor
"10pcs Vibrant Black Latex Birthday Balloons With Printed Letters - PerfectParty Decorations For Celebrating Special Moments - Durable, Inflatable,And Reusable","Free Returns ✓ Free Shipping✓. 10pcs Vibrant Black Latex Birthday Balloons With Printed Letters - PerfectParty Decorations For Celebrating Special Moments - Durable, Inflatable,And Reusable- Decorative Balloons at SHEIN.",1.8,1.53,USD,TRUE,Multicolor,one-size,US,us.shein.com,10,375,375,,Home & Living,Decorative Balloons,SHEIN,TRUE,TRUE,0.85,Multicolor
"1 Set Of 10 Non-Repetitive Large EVA Sticker Sheets, Made Of  And Odorless Materials, Suitable For Children's Handicraft DIY Sticker Artworks That Can Develop Their Hands-On And Thinking Skills, Appropriate For Children Aged 3 And Above, Great Preschool And Children's Day Gift Toy For Kids","Free Returns ✓ Free Shipping✓. 1 Set Of 10 Non-Repetitive Large EVA Sticker Sheets, Made Of  And Odorless Materials, Suitable For Children's Handicraft DIY Sticker Artworks That Can Develop Their Hands-On And Thinking Skills, Appropriate For Children Aged 3 And Above, Great Preschool And Children's Day Gift Toy For Kids- Kids Stickers & Collage at SHEIN.",5.5,5.5,USD,TRUE,Black,one-size,US,us.shein.com,8,376,376,,Toys & Games,Kids Stickers & Collage,SHEIN,TRUE,TRUE,1,Green
Unbeatablesale PIX North America A19 21 In. FHP Rubber V-Belt Black,Free Returns ✓ Free Shipping✓. Unbeatablesale PIX North America A19 21 In. FHP Rubber V-Belt Black- Tool Cases at SHEIN.,16.71,16.71,USD,TRUE,Multicolor,one-size,US,us.shein.com,3,377,377,,Tools & Home Improvement,Tool Cases,Unbeatablesale,FALSE,FALSE,1,Multicolor
Unbeatablesale Integra Bullet Tip Dry-Erase Whiteboard Markers,Free Returns ✓ Free Shipping✓. Unbeatablesale Integra Bullet Tip Dry-Erase Whiteboard Markers- Markers at SHEIN.,14.42,14.42,USD,TRUE,White,one-size,US,us.shein.com,3,378,378,,Office & School Supplies,Markers,Unbeatablesale,TRUE,FALSE,1,White
"Unbeatablesale 31 X 64 In. Cordless GII Morningstar 1 In. Mini Blind, Black","Free Returns ✓ Free Shipping✓. Unbeatablesale 31 X 64 In. Cordless GII Morningstar 1 In. Mini Blind, Black- Window Valance at SHEIN.",29.69,29.69,USD,TRUE,Multicolor,One-size,US,us.shein.com,3,379,379,,Home Textile,Window Valance,Unbeatablesale,TRUE,TRUE,1,Multicolor
"10pcs Muted Color Mini Travel Makeup Brush Set, Soft Bristle Eye Shadow Brushes","Free Returns ✓ Free Shipping✓. 10pcs Muted Color Mini Travel Makeup Brush Set, Soft Bristle Eye Shadow Brushes- Brushes Sets at SHEIN.",4,3.5,USD,TRUE,Multicolor,10 Brushes Simple Pack,US,us.shein.com,8,380,380,,Beauty & Health,Brushes Sets,SHEIN,TRUE,TRUE,0.875,Multicolor
"Unbeatablesale Jacks 397-GN Single Thick Lead Shank With 20 In. Brass Plated Chain, Green","Free Returns ✓ Free Shipping✓. Unbeatablesale Jacks 397-GN Single Thick Lead Shank With 20 In. Brass Plated Chain, Green- Standard Leashes at SHEIN.",20.45,20.45,USD,TRUE,Green,one-size,US,us.shein.com,3,381,381,,Pet Supplies,Standard Leashes,Unbeatablesale,TRUE,FALSE,1,Green
"32pcs Alloy Round Shape Earring Hoops For Jewelry Making, Diy Craft Art Accessories, Golden, Open Hoop, 20mm/30mm/40mm/50mm","Free Returns ✓ Free Shipping✓. 32pcs Alloy Round Shape Earring Hoops For Jewelry Making, Diy Craft Art Accessories, Golden, Open Hoop, 20mm/30mm/40mm/50mm- Jewelry Making Earring Findings at SHEIN.",2.8,2.8,USD,TRUE,Gold,one-size,US,us.shein.com,10,382,382,,Jewelry & Watches,Jewelry Making Earring Findings,SHEIN,TRUE,TRUE,1,Gold
"21Pcs Interchangeable Welcome Sign For Front Door With 4 Seasonal Wreaths And 14 Changeable Icons For Door Decor Rustic Round Wood Sign,Outdoor Seasonal Welcome Home Decorations Farmhouse Front Porch Decor","Free Returns ✓ Free Shipping✓. 21Pcs Interchangeable Welcome Sign For Front Door With 4 Seasonal Wreaths And 14 Changeable Icons For Door Decor Rustic Round Wood Sign,Outdoor Seasonal Welcome Home Decorations Farmhouse Front Porch Decor- Door Decorations at SHEIN.",25.4,23.9,USD,TRUE,Multicolor,19pcs,US,us.shein.com,6,383,383,,Home & Living,Door Decorations,SHEIN,TRUE,TRUE,0.9409448818897638,Multicolor
SHEIN VCAY 1 Solid Color Nylon Fashionable Versatile Simple Large Capacity Tote Bag,Free Returns ✓ Free Shipping✓. SHEIN VCAY 1 Solid Color Nylon Fashionable Versatile Simple Large Capacity Tote Bag- Women Tote Bags at SHEIN.,11.6,10.8,USD,FALSE,Beige,Medium,US,us.shein.com,8,384,384,,Bags & Luggage,Women Tote Bags,SHEIN,TRUE,FALSE,0.9310344827586208,White
Nike Jordan 13 Retro Low Bred GS 310811 027,Free Returns ✓ Free Shipping✓. Nike Jordan 13 Retro Low Bred GS 310811 027- Women Casual Athletic Shoes at SHEIN.,475.93,340.24,USD,TRUE,Black,240,US,us.shein.com,2,385,385,,Sports & Outdoor,Women Casual Athletic Shoes,Nike,TRUE,TRUE,0.7148950475910323,Green
Unbeatablesale Jacks 10477 Gel Curb Chain Guard,Free Returns ✓ Free Shipping✓. Unbeatablesale Jacks 10477 Gel Curb Chain Guard- Horse Grooming & Bathing Supplies at SHEIN.,22.01,22.01,USD,TRUE,Multicolor,one-size,US,us.shein.com,3,386,386,,Pet Supplies,Horse Grooming & Bathing Supplies,Unbeatablesale,FALSE,TRUE,1,Multicolor
1 Strand Approx. 160pcs 3mm Natural Black Quartz Faceted Beads For DIY Jewelry Making,Free Returns ✓ Free Shipping✓. 1 Strand Approx. 160pcs 3mm Natural Black Quartz Faceted Beads For DIY Jewelry Making- Beads at SHEIN.,1.8,1.8,USD,TRUE,Black,3mm,US,us.shein.com,8,387,387,,Jewelry & Watches,Beads,SHEIN,TRUE,TRUE,1,Green
14PCS Simulated Sea Life Toy Model Realistic Marine Ocean Animals Whale Shark Dolphin Turtle Octopus Toys For Kids Birthday Gifts Box,Free Returns ✓ Free Shipping✓. 14PCS Simulated Sea Life Toy Model Realistic Marine Ocean Animals Whale Shark Dolphin Turtle Octopus Toys For Kids Birthday Gifts Box- Kids Sea Animal Figure Toys at SHEIN.,9.3,9.3,USD,TRUE,Blue,one-size,US,us.shein.com,11,388,388,,Toys & Games,Kids Sea Animal Figure Toys,SHEIN,TRUE,TRUE,1,Blue
"Unbeatablesale PIX North America B55 58 In. FHP Rubber V-Belt, Black","Free Returns ✓ Free Shipping✓. Unbeatablesale PIX North America B55 58 In. FHP Rubber V-Belt, Black- Tool Cases at SHEIN.",18.11,18.11,USD,TRUE,Multicolor,one-size,US,us.shein.com,3,389,389,,Tools & Home Improvement,Tool Cases,Unbeatablesale,TRUE,TRUE,1,Multicolor
Jurassic Park Camo Logo Snapback Cap (Multicolored),Free Returns ✓ Free Shipping✓. Jurassic Park Camo Logo Snapback Cap (Multicolored)- Men Baseball Cap at SHEIN.,56,20.99,USD,TRUE,Multicolor,one-size,US,us.shein.com,3,390,390,,Apparel Accessories,Men Baseball Cap,SHEIN,TRUE,TRUE,0.37482142857142853,Multicolor
"1pc Transparent Waterproof Cosmetic Bag, Luggage Organizer Pouch For Travel, Unisex","Free Returns ✓ Free Shipping✓. 1pc Transparent Waterproof Cosmetic Bag, Luggage Organizer Pouch For Travel, Unisex- Makeup Bags at SHEIN.",2.8,2.8,USD,TRUE,Black,one-size,US,us.shein.com,5,391,391,,Home & Living,Makeup Bags,SHEIN,TRUE,TRUE,1,Green
Unbeatablesale Sunpentown 26 Lbs Capacity Rice Dispenser - SC-12,Free Returns ✓ Free Shipping✓. Unbeatablesale Sunpentown 26 Lbs Capacity Rice Dispenser - SC-12- Pressure Cookers at SHEIN.,63.52,63.52,USD,TRUE,Multicolor,one-size,US,us.shein.com,3,392,392,,Home & Living,Pressure Cookers,Unbeatablesale,FALSE,TRUE,1,Multicolor
30cm Doll Girl Toy Doll New Silk Suit Dress 8 Piece Set = 1 Piece Of Dalian Dress + 1 Necklace + 1 Crown + 2 Earrings + 1 Bag + 2 Pairs Of Shoes (Doll Not Included) Holiday Gift Toy,Free Returns ✓ Free Shipping✓. 30cm Doll Girl Toy Doll New Silk Suit Dress 8 Piece Set = 1 Piece Of Dalian Dress + 1 Necklace + 1 Crown + 2 Earrings + 1 Bag + 2 Pairs Of Shoes (Doll Not Included) Holiday Gift Toy- Kids Clothing Accessory Sets at SHEIN.,3.2,3.2,USD,TRUE,Multicolor,Pink,US,us.shein.com,21,393,393,,Toys & Games,Kids Clothing Accessory Sets,SHEIN,TRUE,TRUE,1,Multicolor
"Unbeatablesale Jacks 2128F-WH-L Ribbed Bell Boots With Fleece - White, Large","Free Returns ✓ Free Shipping✓. Unbeatablesale Jacks 2128F-WH-L Ribbed Bell Boots With Fleece - White, Large- Pet Shoes & Boots at SHEIN.",24.08,24.08,USD,TRUE,White,one-size,US,us.shein.com,3,394,394,,Pet Supplies,Pet Shoes & Boots,Unbeatablesale,TRUE,TRUE,1,White
Unbeatablesale Intensity N3220410MED Men Football Practice Jersey Navy - Medium,Free Returns ✓ Free Shipping✓. Unbeatablesale Intensity N3220410MED Men Football Practice Jersey Navy - Medium- Men Football Uniforms at SHEIN.,30.73,30.73,USD,TRUE,Multicolor,one-size,US,us.shein.com,3,395,395,,Sports & Outdoor,Men Football Uniforms,Unbeatablesale,TRUE,FALSE,1,Multicolor
SHEIN BAE Women's Dating & Valentine's Day Party Shoulder Bag,Free Returns ✓ Free Shipping✓. SHEIN BAE Women's Dating & Valentine's Day Party Shoulder Bag- Women Shoulder Bags at SHEIN.,9.5,5.7,USD,TRUE,Black,one-size,US,us.shein.com,7,396,396,,Bags & Luggage,Women Shoulder Bags,SHEIN,TRUE,TRUE,0.6000000000000001,Green
"1 Set Low-Profile Luxury Black Gold Signature Pen, Metal Ball Pen, High-End Business & Office Calligraphy Signing Pen, Unisex","Free Returns ✓ Free Shipping✓. 1 Set Low-Profile Luxury Black Gold Signature Pen, Metal Ball Pen, High-End Business & Office Calligraphy Signing Pen, Unisex- Gel Pens at SHEIN.",3.5,3.5,USD,TRUE,Black,one-size,US,us.shein.com,19,397,397,,Office & School Supplies,Gel Pens,SHEIN,TRUE,TRUE,1,Green
"36pcs Colorful Laser Fireworks Star Element Design Translucent PET Waterproof Stickers, Colorful Dream Series Art Supplies, Suitable For DIY Diary Scrapbook Album Mobile Phone Computer Water Cup Decoration (6 Pattern Designs)","Free Returns ✓ Free Shipping✓. 36pcs Colorful Laser Fireworks Star Element Design Translucent PET Waterproof Stickers, Colorful Dream Series Art Supplies, Suitable For DIY Diary Scrapbook Album Mobile Phone Computer Water Cup Decoration (6 Pattern Designs)- Assorted Stickers at SHEIN.",4.9,4.9,USD,TRUE,Multicolor,Colorful Light Fantasy Series 6 Models,US,us.shein.com,12,398,398,,Office & School Supplies,Assorted Stickers,SHEIN,TRUE,TRUE,1,Multicolor
"30pcs, Merry Christmas Wooden Letter Ornament - Perfect For Home Decor And Holiday Celebrations","Free Returns ✓ Free Shipping✓. 30pcs, Merry Christmas Wooden Letter Ornament - Perfect For Home Decor And Holiday Celebrations- Holiday Decoration Supplies at SHEIN.",4.6,4.4,USD,TRUE,Multicolor,Merry Christmas Wooden Sign 30pcs,US,us.shein.com,10,399,399,,Home & Living,Holiday Decoration Supplies,SHEIN,TRUE,TRUE,0.9565217391304349,Multicolor
"20pcs Pink Floral Carriage Shape Paper Napkins, ""Just Married"" Printed, Wedding Restaurant Hotel Party Decorative Napkins, Party Supplies","Free Returns ✓ Free Shipping✓. 20pcs Pink Floral Carriage Shape Paper Napkins, ""Just Married"" Printed, Wedding Restaurant Hotel Party Decorative Napkins, Party Supplies- Disposable Napkins at SHEIN.",2.3,2.2,USD,TRUE,Multicolor,one-size,US,us.shein.com,11,400,400,,Home & Living,Disposable Napkins,SHEIN,TRUE,TRUE,0.9565217391304349,Multicolor
"New Fashion Solid Color Shoulder Bag For Streetwear, Casual Handbag, Simple Crossbody Bag, Small Square Bag","Free Returns ✓ Free Shipping✓. New Fashion Solid Color Shoulder Bag For Streetwear, Casual Handbag, Simple Crossbody Bag, Small Square Bag- Women Top Handle Bags at SHEIN.",7.3,6.8,USD,TRUE,Red,one-size,US,us.shein.com,9,401,401,,Bags & Luggage,Women Top Handle Bags,SHEIN,TRUE,TRUE,0.9315068493150684,Red
Talia Hyaluronic Acid Hydrate & Firm Mask With Niacinamide (B3),Free Returns ✓ Free Shipping✓. Talia Hyaluronic Acid Hydrate & Firm Mask With Niacinamide (B3)- Facial Masks at SHEIN.,59.99,46.81,USD,TRUE,Default,1.7oz,US,us.shein.com,5,402,402,,Beauty & Health,Facial Masks,Talia,TRUE,TRUE,0.7802967161193533,Default
10pcs Rose Gold Satin Chair Sashes Hotel Party Banquet Chair Tie Knots Birthday Event Wedding Decoration Silk Chair Ribbon Bows,Free Returns ✓ Free Shipping✓. 10pcs Rose Gold Satin Chair Sashes Hotel Party Banquet Chair Tie Knots Birthday Event Wedding Decoration Silk Chair Ribbon Bows- Sashes at SHEIN.,11.7,10.05,USD,TRUE,Rose Gold,15x275cm,US,us.shein.com,12,403,403,,Home Textile,Sashes,SHEIN,FALSE,TRUE,0.858974358974359,Gold
Unbeatablesale Super Power Supply 010-SPS-19918 DC Car Adapter Charger Cord- 9 Volt 1.5 Amp,Free Returns ✓ Free Shipping✓. Unbeatablesale Super Power Supply 010-SPS-19918 DC Car Adapter Charger Cord- 9 Volt 1.5 Amp- Charger Cable Adapters at SHEIN.,17.33,17.33,USD,TRUE,Multicolor,one-size,US,us.shein.com,3,404,404,,Cell Phones & Accessories,Charger Cable Adapters,Unbeatablesale,TRUE,FALSE,1,Multicolor
"1 Set Of 25pcs Black, Blue & Red Ink Erasable Pen Refills 0.5mm, Magical Erasable Gel Pen With 3pcs Pens, 20pcs Refills & 2pcs Erasers For Office & School Supplies","Free Returns ✓ Free Shipping✓. 1 Set Of 25pcs Black, Blue & Red Ink Erasable Pen Refills 0.5mm, Magical Erasable Gel Pen With 3pcs Pens, 20pcs Refills & 2pcs Erasers For Office & School Supplies- Gel Pens at SHEIN.",2.7,2.7,USD,TRUE,Red,25pcs,US,us.shein.com,9,405,405,,Office & School Supplies,Gel Pens,SHEIN,TRUE,TRUE,1,Red
Unbeatablesale Sunex SUN5303 1 Inch Female X 3/4 Inch Male Impact Socket - Adapter,Free Returns ✓ Free Shipping✓. Unbeatablesale Sunex SUN5303 1 Inch Female X 3/4 Inch Male Impact Socket - Adapter- Sockets at SHEIN.,42.31,42.31,USD,TRUE,Multicolor,one-size,US,us.shein.com,3,406,406,,Tools & Home Improvement,Sockets,Unbeatablesale,TRUE,TRUE,1,Multicolor
"21pcs Reusable Baking Decorating Tips Set - 12pcs Piping Nozzles, 2pcs Small Couplers, 2pcs Blue Piping Bags, 3pcs Blue Icing Spatula, 2pcs Blue Rubber Bands","Free Returns ✓ Free Shipping✓. 21pcs Reusable Baking Decorating Tips Set - 12pcs Piping Nozzles, 2pcs Small Couplers, 2pcs Blue Piping Bags, 3pcs Blue Icing Spatula, 2pcs Blue Rubber Bands- Piping Bags & Tips at SHEIN.",2.9,2.23,USD,TRUE,Blue,21-piece Decorating Nozzle Set,US,us.shein.com,14,407,407,,Home & Living,Piping Bags & Tips,SHEIN,TRUE,TRUE,0.7689655172413793,Blue
"1pc Trendy Gold Stainless Steel Green Cubic Zirconia Pendant Necklace, Everyday Jewelry Gift For Women","Free Returns ✓ Free Shipping✓. 1pc Trendy Gold Stainless Steel Green Cubic Zirconia Pendant Necklace, Everyday Jewelry Gift For Women- Women Pendant Necklaces at SHEIN.",2.4,2.4,USD,TRUE,Multicolor,one-size,US,us.shein.com,3,408,408,,Jewelry & Watches,Women Pendant Necklaces,SHEIN,TRUE,TRUE,1,Multicolor
"Jepeak Jepeak Decorative Linen Throw Pillow Covers Cushion Cases, Pack Of 2 Rustic Woven Textured Pillow Covers For Sofa Bed Couch, 24x24 Inch","Free Returns ✓ Free Shipping✓. Jepeak Jepeak Decorative Linen Throw Pillow Covers Cushion Cases, Pack Of 2 Rustic Woven Textured Pillow Covers For Sofa Bed Couch, 24x24 Inch- Cushion Cover at SHEIN.",23.8,17.1,USD,TRUE,Denim Blue,60*60,US,us.shein.com,15,409,409,,Home Textile,Cushion Cover,Jepeak,FALSE,FALSE,0.7184873949579833,Blue
"1pc/3pcs 10mm Cute Flower Silicone Straw Caps, Reusable Straw Dust Plugs Fit For 30oz & 40oz Tumblers, Valentine's Day Gift School Supplies,Back To School","Free Returns ✓ Free Shipping✓. 1pc/3pcs 10mm Cute Flower Silicone Straw Caps, Reusable Straw Dust Plugs Fit For 30oz & 40oz Tumblers, Valentine's Day Gift School Supplies,Back To School- Straw at SHEIN.",2.2,2.1,USD,TRUE,3 Pieces Of Purple and White Powder,10mm,US,us.shein.com,5,410,410,,Home & Living,Straw,SHEIN,TRUE,TRUE,0.9545454545454545,White
"1set Of 25pcs Black, Blue & Red Erasable Gel Pen Refills, 0.5mm Tip, Reusable Pen With Magic Eraser, School & Office Supplies (3pcs Pen + 20pcs Refills + 2pcs Eraser)","Free Returns ✓ Free Shipping✓. 1set Of 25pcs Black, Blue & Red Erasable Gel Pen Refills, 0.5mm Tip, Reusable Pen With Magic Eraser, School & Office Supplies (3pcs Pen + 20pcs Refills + 2pcs Eraser)- Gel Pens at SHEIN.",2.6,2.08,USD,TRUE,Blue,25pcs,US,us.shein.com,9,411,411,,Office & School Supplies,Gel Pens,SHEIN,TRUE,TRUE,0.8,Blue
Joico K-Pak Shampoo To Repair Damage For Unisex - 33.8 Oz Shampoo,Free Returns ✓ Free Shipping✓. Joico K-Pak Shampoo To Repair Damage For Unisex - 33.8 Oz Shampoo- Shampoos & Conditioners at SHEIN.,42.5,31.75,USD,TRUE,Default,Large,US,us.shein.com,3,412,412,,Beauty & Health,Shampoos & Conditioners,Joico,TRUE,TRUE,0.7470588235294118,Default
"Unbeatablesale TCpop8x108-Pk10-WhiteP11 Polyester Poplin Chair Bows, White - 8 X 108 In. - Pack Of 10","Free Returns ✓ Free Shipping✓. Unbeatablesale TCpop8x108-Pk10-WhiteP11 Polyester Poplin Chair Bows, White - 8 X 108 In. - Pack Of 10- Other Party Accessories at SHEIN.",40.57,40.57,USD,TRUE,White,one-size,US,us.shein.com,3,413,413,,Home & Living,Other Party Accessories,Unbeatablesale,TRUE,TRUE,1,White
"Unbeatablesale 22 In. Full Extra G-Slide Zinc, 100 Lbs","Free Returns ✓ Free Shipping✓. Unbeatablesale 22 In. Full Extra G-Slide Zinc, 100 Lbs- Drawer Organizer at SHEIN.",31.54,31.54,USD,TRUE,Multicolor,one-size,US,us.shein.com,3,414,414,,Home & Living,Drawer Organizer,Unbeatablesale,TRUE,TRUE,1,Multicolor
"1 Plaid Black And White Fashion Crochet Breathable Portable Portable Mobile Phone Umbrella Cosmetics Book Open Ladies Handbag Vest Bag, Daily, Holiday, Commute, Shopping, Photography, Travel, Camping, Hiking, Back To School, Travel, Holiday, School Girls Girls Ladies Suitable For Four Seasons Bag Mother's Gift","Free Returns ✓ Free Shipping✓. 1 Plaid Black And White Fashion Crochet Breathable Portable Portable Mobile Phone Umbrella Cosmetics Book Open Ladies Handbag Vest Bag, Daily, Holiday, Commute, Shopping, Photography, Travel, Camping, Hiking, Back To School, Travel, Holiday, School Girls Girls Ladies Suitable For Four Seasons Bag Mother's Gift- Women Tote Bags at SHEIN.",13.2,12.3,USD,TRUE,Black and White,one-size,US,us.shein.com,10,415,415,,Bags & Luggage,Women Tote Bags,SHEIN,TRUE,TRUE,0.9318181818181819,Black
"1 Set Of 5pcs Felt DIY Crafts Kit,  Non-Woven Fabric Decoration Hanging Ornament Gift Making Materials","Free Returns ✓ Free Shipping✓. 1 Set Of 5pcs Felt DIY Crafts Kit,  Non-Woven Fabric Decoration Hanging Ornament Gift Making Materials- Kids Sewing at SHEIN.",7.6,4.94,USD,TRUE,DIY Children's Sewing Fun,one-size,US,us.shein.com,12,416,416,,Toys & Games,Kids Sewing,SHEIN,TRUE,TRUE,0.6500000000000001,default
Unbeatablesale K-Source KSI81850 Snap & Zap Towing Mirror Extension Set With Storage Bag,Free Returns ✓ Free Shipping✓. Unbeatablesale K-Source KSI81850 Snap & Zap Towing Mirror Extension Set With Storage Bag- Car Replacement Parts at SHEIN.,81.64,81.64,USD,TRUE,Multicolor,one-size,US,us.shein.com,3,417,417,,Automotive,Car Replacement Parts,Unbeatablesale,FALSE,TRUE,1,Multicolor
"Women's Classic Color Contrast Spliced Tote Bag, Large Capacity Durable Lightweight Storage Shoulder Bags, Casual Versatile Commuting Work Sling Bag, Shopping Groceries Handbag For Daily Use, Fashion Valentine's Day Mother's Day Gifts","Free Returns ✓ Free Shipping✓. Women's Classic Color Contrast Spliced Tote Bag, Large Capacity Durable Lightweight Storage Shoulder Bags, Casual Versatile Commuting Work Sling Bag, Shopping Groceries Handbag For Daily Use, Fashion Valentine's Day Mother's Day Gifts- Women Tote Bags at SHEIN.",9.6,9,USD,TRUE,Multicolor,one-size,US,us.shein.com,9,418,418,,Bags & Luggage,Women Tote Bags,SHEIN,TRUE,TRUE,0.9375,Multicolor
"9pcs Party Queen Lace Masks, Shapeless Masquerade Mask, Sexy Venetian Carnival Eye Mask","Free Returns ✓ Free Shipping✓. 9pcs Party Queen Lace Masks, Shapeless Masquerade Mask, Sexy Venetian Carnival Eye Mask- Costume Eyewear at SHEIN.",6,3.9,USD,TRUE,Black,one-size,US,us.shein.com,12,419,419,,Apparel Accessories,Costume Eyewear,SHEIN,TRUE,TRUE,0.6499999999999999,Green
"20pcs Mixed Color Acrylic Geometric Pattern Three-Dimensional Color Checkerboard Square Beads - DIY Handmade Jewelry Making Supplies For Fashion Bracelet And Necklace Decoration - Synthetic Material, No Mosaic, No Plating, Straight Hole Design","Free Returns ✓ Free Shipping✓. 20pcs Mixed Color Acrylic Geometric Pattern Three-Dimensional Color Checkerboard Square Beads - DIY Handmade Jewelry Making Supplies For Fashion Bracelet And Necklace Decoration - Synthetic Material, No Mosaic, No Plating, Straight Hole Design- Beads at SHEIN.",4.1,2.46,USD,TRUE,Multicolor,Mixed Color Set,US,us.shein.com,6,420,420,,Jewelry & Watches,Beads,SHEIN,TRUE,TRUE,0.6000000000000001,Multicolor
"1PC Mini Stapler With Staples Portable Stapler Portable Mini Cute Desktop Stapler Set With Staples Student Stationery Office Supplies, Manual Stapler","Free Returns ✓ Free Shipping✓. 1PC Mini Stapler With Staples Portable Stapler Portable Mini Cute Desktop Stapler Set With Staples Student Stationery Office Supplies, Manual Stapler- Staples at SHEIN.",2.6,2.08,USD,TRUE,Multicolor,Three Colors Sent Randomly,US,us.shein.com,19,421,421,,Tools & Home Improvement,Staples,SHEIN,TRUE,TRUE,0.8,Multicolor
"Synthetic Hair Extensions 24"" Invisible Wire No Clip In Hair Extensions Secret Fish Line Straight Curly Wig Accessorie Dark Brown High-Temperature Resistant Authentic And Natural","Free Returns ✓ Free Shipping✓. Synthetic Hair Extensions 24"" Invisible Wire No Clip In Hair Extensions Secret Fish Line Straight Curly Wig Accessorie Dark Brown High-Temperature Resistant Authentic And Natural- Synthetic Extensions at SHEIN.",3.3,2.34,USD,TRUE,Dark Brown,24 inch,US,us.shein.com,15,422,422,,Beauty & Health,Synthetic Extensions,SHEIN,TRUE,TRUE,0.7090909090909091,Brown
"30pcs/Box 14mm Color Spray Painted Small Bells In 10 Grid Storage Boxes Suitable For Making Key Chain Pendants Bells DIY Christmas Jewelry Accessories, Phone Chains, Clothing Accessories","Free Returns ✓ Free Shipping✓. 30pcs/Box 14mm Color Spray Painted Small Bells In 10 Grid Storage Boxes Suitable For Making Key Chain Pendants Bells DIY Christmas Jewelry Accessories, Phone Chains, Clothing Accessories- Pendants at SHEIN.",3.8,3.8,USD,FALSE,Multicolor,30pcs/box,US,us.shein.com,7,423,423,,Jewelry & Watches,Pendants,SHEIN,TRUE,TRUE,1,Multicolor
"Unbeatablesale 1.25-2 In. Original Cordless Binaural Hearing Aids,; Brown","Free Returns ✓ Free Shipping✓. Unbeatablesale 1.25-2 In. Original Cordless Binaural Hearing Aids,; Brown- Bandage at SHEIN.",23.65,23.65,USD,TRUE,Multicolor,one-size,US,us.shein.com,3,424,424,,Sports & Outdoor,Bandage,Unbeatablesale,TRUE,FALSE,1,Multicolor
"1 Roll, 10 Yards Christmas Mesh Tulle For DIY Wreath, Christmas Tree, Party Decor, Gift Wrap, Holiday Decorations, Flower Bouquet, Outdoor Garden Decoration","Free Returns ✓ Free Shipping✓. 1 Roll, 10 Yards Christmas Mesh Tulle For DIY Wreath, Christmas Tree, Party Decor, Gift Wrap, Holiday Decorations, Flower Bouquet, Outdoor Garden Decoration- Festival Decor at SHEIN.",4.4,3.74,USD,TRUE,Multicolor,Red Yarn-1pc,US,us.shein.com,21,425,425,,Home & Living,Festival Decor,SHEIN,TRUE,TRUE,0.85,Multicolor
32 PCS Hot Pink Balls Cake Decoration B Aby Shower Cake Decoration Pink Leaves Palm Leaves Cake Decoration Boho Cake Decoration For Wedding Birthday Bachelorette Party,Free Returns ✓ Free Shipping✓. 32 PCS Hot Pink Balls Cake Decoration B Aby Shower Cake Decoration Pink Leaves Palm Leaves Cake Decoration Boho Cake Decoration For Wedding Birthday Bachelorette Party- Cake Toppers at SHEIN.,6.6,6.3,USD,TRUE,Hot Pink,one-size,US,us.shein.com,16,426,426,,Home & Living,Cake Toppers,SHEIN,TRUE,TRUE,0.9545454545454546,Pink
Unbeatablesale Jasco Products 26427 18 In. Plug Led Lgt Fixture,Free Returns ✓ Free Shipping✓. Unbeatablesale Jasco Products 26427 18 In. Plug Led Lgt Fixture- Lighting Fixture Chains at SHEIN.,48.18,48.18,USD,TRUE,Multicolor,one-size,US,us.shein.com,3,427,427,,Tools & Home Improvement,Lighting Fixture Chains,Unbeatablesale,TRUE,TRUE,1,Multicolor
"2024 New Crystal Petal Stud Earrings, Women High-End Luxury Delicate Earrings, Fashionable Trendy Earrings","Free Returns ✓ Free Shipping✓. 2024 New Crystal Petal Stud Earrings, Women High-End Luxury Delicate Earrings, Fashionable Trendy Earrings- Women Stud Earrings at SHEIN.",1.8,1.8,USD,TRUE,Grey Three-petal Flower Earrings,one-size,US,us.shein.com,5,428,428,,Jewelry & Watches,Women Stud Earrings,SHEIN,TRUE,TRUE,1,Grey
"35pcs Cake Turntable, Piping Nozzles, Icing Scraper, Piping Bags, Cake Decorating Tools Set","Free Returns ✓ Free Shipping✓. 35pcs Cake Turntable, Piping Nozzles, Icing Scraper, Piping Bags, Cake Decorating Tools Set- Bakeware Sets at SHEIN.",19.5,18.8,USD,TRUE,Multicolor,one-size,US,us.shein.com,4,429,429,,Home & Living,Bakeware Sets,SHEIN,TRUE,TRUE,0.9641025641025641,Multicolor
"1pc Unisex Hair Root Comb Styling Applicator With Comb Teeth, Scales, Hair Dye & Hair Perm Bottles, Ideal For Home Hair Styling Tools","Free Returns ✓ Free Shipping✓. 1pc Unisex Hair Root Comb Styling Applicator With Comb Teeth, Scales, Hair Dye & Hair Perm Bottles, Ideal For Home Hair Styling Tools- Hair Styling Tools at SHEIN.",1.9,1.62,USD,TRUE,White,one-size,US,us.shein.com,5,430,430,,Apparel Accessories,Hair Styling Tools,SHEIN,TRUE,TRUE,0.8526315789473685,White
"10pcs Random Color Felt Button Bracelets, Party Favors & Photo Props","Free Returns ✓ Free Shipping✓. 10pcs Random Color Felt Button Bracelets, Party Favors & Photo Props- Other Party Favors at SHEIN.",2.2,2.2,USD,TRUE,Multicolor,one-size,US,us.shein.com,3,431,431,,Home & Living,Other Party Favors,SHEIN,TRUE,TRUE,1,Multicolor
Unbeatablesale IWGAC 0170J-51538S Clear Rose Cut Crystal Cupboard Knob - Silver,Free Returns ✓ Free Shipping✓. Unbeatablesale IWGAC 0170J-51538S Clear Rose Cut Crystal Cupboard Knob - Silver- Cookware Handles & Knobs at SHEIN.,13.38,13.38,USD,TRUE,Silver,one-size,US,us.shein.com,3,432,432,,Home & Living,Cookware Handles & Knobs,Unbeatablesale,TRUE,TRUE,1,Silver
10pcs Transparent Acrylic Table Plate Guest Name Reserved Table Number DIY Wedding Banquet Party Event Decoration,Free Returns ✓ Free Shipping✓. 10pcs Transparent Acrylic Table Plate Guest Name Reserved Table Number DIY Wedding Banquet Party Event Decoration- Wedding Decoration at SHEIN.,1.8,1.37,USD,TRUE,Transparent,one-size,US,us.shein.com,9,433,433,,Apparel Accessories,Wedding Decoration,SHEIN,FALSE,TRUE,0.7611111111111112,White
"30W Ceiling Fan With E27 LED Light, Rotating Cooling Function, Remote Control, For Home Room Decoration","Free Returns ✓ Free Shipping✓. 30W Ceiling Fan With E27 LED Light, Rotating Cooling Function, Remote Control, For Home Room Decoration- Ceiling Fans at SHEIN.",42.6,41.44,USD,TRUE,White,均码,US,us.shein.com,11,434,434,,Tools & Home Improvement,Ceiling Fans,SHEIN,TRUE,TRUE,0.9727699530516432,White
Unbeatablesale Suntime ST-CO3-KSW-COMPM-A Kansas State Wildcats-Competitor Steel AnoChrome Watch,Free Returns ✓ Free Shipping✓. Unbeatablesale Suntime ST-CO3-KSW-COMPM-A Kansas State Wildcats-Competitor Steel AnoChrome Watch- Other Sports Accessories at SHEIN.,105.05,105.05,USD,TRUE,Multicolor,one-size,US,us.shein.com,3,435,435,,Sports & Outdoor,Other Sports Accessories,Unbeatablesale,TRUE,TRUE,1,Multicolor
"Halloween Decoration T-Rex Inflatable Costume For Adults - Perfect For Halloween, Stage Performances & Parties - Battery Operated (Aa), Polyester Inflatable Costumes For Adults","Free Returns ✓ Free Shipping✓. Halloween Decoration T-Rex Inflatable Costume For Adults - Perfect For Halloween, Stage Performances & Parties - Battery Operated (Aa), Polyester Inflatable Costumes For Adults- Party Costumes & Sets at SHEIN.",41.59,41.59,USD,TRUE,Multicolor,one-size,US,us.shein.com,8,436,436,,Toys & Games,Party Costumes & Sets,SHEIN,TRUE,TRUE,1,Multicolor
"1PC Silk Roses Vine Artificial Flowers Fake Green Leaf Plants Valentine's Day Bride Bouquet For Autumn Decorations Wedding Vase For Home Dining Room Bedroom Decorations, Festival Birthday Party Accessories, Outdoor Garden Decorations","Free Returns ✓ Free Shipping✓. 1PC Silk Roses Vine Artificial Flowers Fake Green Leaf Plants Valentine's Day Bride Bouquet For Autumn Decorations Wedding Vase For Home Dining Room Bedroom Decorations, Festival Birthday Party Accessories, Outdoor Garden Decorations- Artificial Flowers at SHEIN.",2.8,2.44,USD,TRUE,Purple,1PC,US,us.shein.com,6,437,437,,Home & Living,Artificial Flowers,SHEIN,TRUE,TRUE,0.8714285714285714,Purple
"Unbeatablesale TZ Case TC-07 PA Mini Pro Cosmetic Case, Pink Alligator","Free Returns ✓ Free Shipping✓. Unbeatablesale TZ Case TC-07 PA Mini Pro Cosmetic Case, Pink Alligator- Makeup Bags at SHEIN.",84.99,84.99,USD,TRUE,Pink,one-size,US,us.shein.com,3,438,438,,Beauty & Health,Makeup Bags,Unbeatablesale,TRUE,TRUE,1,Brown
"1pc Unisex Mini Silicone Guitar Keychain, Cute Gift For Music Lovers, Suitable For Phone, Car Key, Bag Decor, Back To School & Valentine's Day Gift","Free Returns ✓ Free Shipping✓. 1pc Unisex Mini Silicone Guitar Keychain, Cute Gift For Music Lovers, Suitable For Phone, Car Key, Bag Decor, Back To School & Valentine's Day Gift- Keyrings & Keychains at SHEIN.",2.2,2.1,USD,TRUE,Multicolor,ASilicone Pink,US,us.shein.com,8,439,439,,Apparel Accessories,Keyrings & Keychains,SHEIN,TRUE,TRUE,0.9545454545454545,Multicolor
"Unbeatablesale Kdar B14SD100 14.6 In. Standard Duty Cable Ties, Black - Pack Of 100","Free Returns ✓ Free Shipping✓. Unbeatablesale Kdar B14SD100 14.6 In. Standard Duty Cable Ties, Black - Pack Of 100- Labeling Supplies at SHEIN.",21.34,21.34,USD,TRUE,Multicolor,one-size,US,us.shein.com,3,440,440,,Home & Living,Labeling Supplies,Unbeatablesale,TRUE,TRUE,1,Multicolor
Unbeatablesale Suntime Alabama Crimson Tide Soccer Wall Clock,Free Returns ✓ Free Shipping✓. Unbeatablesale Suntime Alabama Crimson Tide Soccer Wall Clock- Other Sports Accessories at SHEIN.,47.7,47.7,USD,FALSE,Multicolor,one-size,US,us.shein.com,3,441,441,,Sports & Outdoor,Other Sports Accessories,Unbeatablesale,TRUE,TRUE,1,Multicolor
1 Set Outdoor Camping Hanging Rope - With 19 Loops - Portable Clothesline - Windproof & Slip-Resistant Camping Storage Belt With Carabiners - Universal Storage Bag For All Campers,Free Returns ✓ Free Shipping✓. 1 Set Outdoor Camping Hanging Rope - With 19 Loops - Portable Clothesline - Windproof & Slip-Resistant Camping Storage Belt With Carabiners - Universal Storage Bag For All Campers- Camping & Hiking Accessories at SHEIN.,7.8,6.9,USD,TRUE,Black,one-size,US,us.shein.com,6,442,442,,Sports & Outdoor,Camping & Hiking Accessories,SHEIN,TRUE,TRUE,0.8846153846153847,Green
"Unbeatablesale 224 Mm Pull, Vintage Bronze","Free Returns ✓ Free Shipping✓. Unbeatablesale 224 Mm Pull, Vintage Bronze- Door Handles & Locks at SHEIN.",21.64,21.64,USD,TRUE,Multicolor,one-size,US,us.shein.com,3,443,443,,Tools & Home Improvement,Door Handles & Locks,Unbeatablesale,TRUE,TRUE,1,Multicolor
20pcs Chocolate Cup Valentine's Day Bouquet Accessories Packaging DIY  Chocolate Packaging Chocolate Cup Chocolate Packaging Shell Birthday Gift Packaging Holiday Gift Packaging Valentine's Day Chocolate Packaging Material,Free Returns ✓ Free Shipping✓. 20pcs Chocolate Cup Valentine's Day Bouquet Accessories Packaging DIY  Chocolate Packaging Chocolate Cup Chocolate Packaging Shell Birthday Gift Packaging Holiday Gift Packaging Valentine's Day Chocolate Packaging Material- Food Wrap Boxes at SHEIN.,5,4.8,USD,TRUE,Multicolor,20pcs,US,us.shein.com,12,444,444,,Home & Living,Food Wrap Boxes,SHEIN,TRUE,TRUE,0.96,Multicolor
"1 Roll Of 15.7*1181 Inches Transparent Gift Wrapping Paper, Packaging Bag Suitable For Gift Basket, Flower Art Crafts And Wedding Party Decorations, Bread And Baking Packaging Air Fryer Kitchen Air Fryer Liners Air Fryer Paper Airfryer Air Frier","Free Returns ✓ Free Shipping✓. 1 Roll Of 15.7*1181 Inches Transparent Gift Wrapping Paper, Packaging Bag Suitable For Gift Basket, Flower Art Crafts And Wedding Party Decorations, Bread And Baking Packaging Air Fryer Kitchen Air Fryer Liners Air Fryer Paper Airfryer Air Frier- Parchment at SHEIN.",8.3,8.3,USD,TRUE,Clear,one-size,US,us.shein.com,8,445,445,,Home & Living,Parchment,SHEIN,TRUE,TRUE,1,White
"1pc Transparent Plastic Heart Shaped Ornament, Christmas Decorations Fillable Balls, DIY Crafts, Christmas Tree Decorations, Wedding Party, Holiday Home Decor, Open Decorative Hanging","Free Returns ✓ Free Shipping✓. 1pc Transparent Plastic Heart Shaped Ornament, Christmas Decorations Fillable Balls, DIY Crafts, Christmas Tree Decorations, Wedding Party, Holiday Home Decor, Open Decorative Hanging- Festival Decor at SHEIN.",1.5,1.28,USD,TRUE,Multicolor,One Size 1pc,US,us.shein.com,15,446,446,,Home & Living,Festival Decor,SHEIN,TRUE,TRUE,0.8533333333333334,Multicolor
30Inch/80cm Dark Blue Universal Wig Extra Long Straight Hair Wig Heat Resistant Synthetic Wig Comfortable And Stylish Versatile Anime Cosplay Wig With Bangs For Halloween Carnival School Party Wig Straight Super Long Dark Blue Wig With A Long Fringe For Holiday Birthday Gift For Christmas Thanksgiving Day Decorations & 1pc Wig Cap,Free Returns ✓ Free Shipping✓. 30Inch/80cm Dark Blue Universal Wig Extra Long Straight Hair Wig Heat Resistant Synthetic Wig Comfortable And Stylish Versatile Anime Cosplay Wig With Bangs For Halloween Carnival School Party Wig Straight Super Long Dark Blue Wig With A Long Fringe For Holiday Birthday Gift For Christmas Thanksgiving Day Decorations & 1pc Wig Cap- Cosplay Wigs at SHEIN.,12.9,9.39,USD,TRUE,Navy Blue,30 inch,US,us.shein.com,11,447,447,,Beauty & Health,Cosplay Wigs,SHEIN,FALSE,TRUE,0.7279069767441861,Blue
GLOWMODE 30L Champion 3-In-1 Tennis Tote Bag,Free Returns ✓ Free Shipping✓. GLOWMODE 30L Champion 3-In-1 Tennis Tote Bag- Outdoor Sports & Tote Bags at SHEIN.,35,35,USD,TRUE,Beige,one-size,US,us.shein.com,10,448,448,,Sports & Outdoor,Outdoor Sports & Tote Bags,GLOWMODE,TRUE,TRUE,1,White
1 Set Rainbow Heart Star Cloud Wall Stickers - Kids Room Wall Decor DIY,Free Returns ✓ Free Shipping✓. 1 Set Rainbow Heart Star Cloud Wall Stickers - Kids Room Wall Decor DIY- Nursery Wall Décor at SHEIN.,3.3,1.82,USD,TRUE,Multicolor,BR496,US,us.shein.com,10,449,449,,Baby,Nursery Wall Décor,SHEIN,TRUE,TRUE,0.5515151515151515,Multicolor
"Japanese Style Porcelain Bowls Set Of 6, 10 Oz Blue And White Bowl Gift Set, QOMO 1996, Suitable For Microwave, Dishwasher Safe, Pasta Bowl, Rice/Cereal Bowls, 4.5 Inch","Free Returns ✓ Free Shipping✓. Japanese Style Porcelain Bowls Set Of 6, 10 Oz Blue And White Bowl Gift Set, QOMO 1996, Suitable For Microwave, Dishwasher Safe, Pasta Bowl, Rice/Cereal Bowls, 4.5 Inch- Bowls at SHEIN.",21.9,15.01,USD,TRUE,blue and white 6pcs/set,4.5 Inch,US,us.shein.com,14,450,450,,Home & Living,Bowls,SHEIN,TRUE,TRUE,0.6853881278538814,Blue
"30pcs Women Temporary Tattoos Inspirational Text, Rose, Sunflower Designs, Long Lasting Waterproof Body Stickers, Lasts 1-2 Weeks","Free Returns ✓ Free Shipping✓. 30pcs Women Temporary Tattoos Inspirational Text, Rose, Sunflower Designs, Long Lasting Waterproof Body Stickers, Lasts 1-2 Weeks- Temporary Tattoos at SHEIN.",5.7,5,USD,TRUE,Blue,30Pcs,US,us.shein.com,8,451,451,,Beauty & Health,Temporary Tattoos,SHEIN,TRUE,TRUE,0.8771929824561403,Blue
"Jepeak Jepeak Decorative Throw Pillow Covers Cases Pack Of 2 Chenille Cozy Modern Concise Square Cushion Covers For Sofa Couch Bedroom Home Decor, 26x26 Inch","Free Returns ✓ Free Shipping✓. Jepeak Jepeak Decorative Throw Pillow Covers Cases Pack Of 2 Chenille Cozy Modern Concise Square Cushion Covers For Sofa Couch Bedroom Home Decor, 26x26 Inch- Cushion Cover at SHEIN.",28.5,20.6,USD,TRUE,SteelBlue,66*66,US,us.shein.com,17,452,452,,Home Textile,Cushion Cover,Jepeak,TRUE,TRUE,0.7228070175438597,Blue
Jewel Tiered Snowflake Ornament Drop (Set Of 12),Free Returns ✓ Free Shipping✓. Jewel Tiered Snowflake Ornament Drop (Set Of 12)- Pendant & Drop Ornaments at SHEIN.,113.99,87.99,USD,TRUE,Silver,one-size,US,us.shein.com,2,453,453,,Home & Living,Pendant & Drop Ornaments,SHEIN,TRUE,FALSE,0.7719098166505833,Silver
"1pc Unicorn Pen Case + 1 Random Eraser, Cartoon EVA Large Capacity 3D Pencil Box","Free Returns ✓ Free Shipping✓. 1pc Unicorn Pen Case + 1 Random Eraser, Cartoon EVA Large Capacity 3D Pencil Box- Pencil Bags at SHEIN.",5.6,5.6,USD,TRUE,Pencil Case + Eraser,one-size,US,us.shein.com,8,454,454,,Office & School Supplies,Pencil Bags,SHEIN,TRUE,FALSE,1,default
New Arrival Street Style Solid Color Shoulder/Hand/Crossbody Bag For Casual Outings,Free Returns ✓ Free Shipping✓. New Arrival Street Style Solid Color Shoulder/Hand/Crossbody Bag For Casual Outings- Women Top Handle Bags at SHEIN.,12.5,9.38,USD,TRUE,Red,one-size,US,us.shein.com,8,455,455,,Bags & Luggage,Women Top Handle Bags,SHEIN,TRUE,TRUE,0.7504000000000001,Red
"10pcs Paper Poinsettia Reindeer Cake Decoration Set, Paper Reindeer Antler Cake Toppers Baking Supplies For Christmas Cake Decoration, Christmas Party","Free Returns ✓ Free Shipping✓. 10pcs Paper Poinsettia Reindeer Cake Decoration Set, Paper Reindeer Antler Cake Toppers Baking Supplies For Christmas Cake Decoration, Christmas Party- Cake Toppers at SHEIN.",1.3,0.96,USD,TRUE,Gold,one-size,US,us.shein.com,10,456,456,,Home & Living,Cake Toppers,SHEIN,TRUE,TRUE,0.7384615384615384,Gold
1pc Unicorn Design Pencil Bag,Free Returns ✓ Free Shipping✓. 1pc Unicorn Design Pencil Bag- Pencil Bags at SHEIN.,5.3,4.24,USD,TRUE,Multicolor,one-size,US,us.shein.com,7,457,457,,Office & School Supplies,Pencil Bags,SHEIN,TRUE,TRUE,0.8,Multicolor
Unbeatablesale Jacks 1003-YE Trailer Tie Yellow,Free Returns ✓ Free Shipping✓. Unbeatablesale Jacks 1003-YE Trailer Tie Yellow- Horse Grooming & Bathing Supplies at SHEIN.,26.22,26.22,USD,TRUE,Yellow,one-size,US,us.shein.com,3,458,458,,Pet Supplies,Horse Grooming & Bathing Supplies,Unbeatablesale,TRUE,TRUE,1,Yellow
"32 Pages 1 Book+Gift ,Learn English Letters Practice Book English Tracing Red Book, Writing Copybook,Writing English Calligraphy Exercises Book","Free Returns ✓ Free Shipping✓. 32 Pages 1 Book+Gift ,Learn English Letters Practice Book English Tracing Red Book, Writing Copybook,Writing English Calligraphy Exercises Book- Kids Diaries, Journals, & Notebooks at SHEIN.",2.6,2.6,USD,FALSE,Light Grey,one-size,US,us.shein.com,8,459,459,,Toys & Games,"Kids Diaries, Journals, & Notebooks",SHEIN,TRUE,TRUE,1,Grey
Tape In Hair Extensions Synthetic Hair 24 Inches 10pcs 55g/Pack Straight Hair Superior Quality Synthetic Extensions,Free Returns ✓ Free Shipping✓. Tape In Hair Extensions Synthetic Hair 24 Inches 10pcs 55g/Pack Straight Hair Superior Quality Synthetic Extensions- Synthetic Extensions at SHEIN.,7,6.1,USD,TRUE,Black Brown,24 inch,US,us.shein.com,8,460,460,,Beauty & Health,Synthetic Extensions,SHEIN,TRUE,TRUE,0.8714285714285714,Brown
"20pcs Each Of Small, Medium, And Large Plastic Round Crochet Stitch Markers/Knitting Tools","Free Returns ✓ Free Shipping✓. 20pcs Each Of Small, Medium, And Large Plastic Round Crochet Stitch Markers/Knitting Tools- Other Sewing Tools & Accessories at SHEIN.",1.3,1.3,USD,TRUE,Multicolor,one-size,US,us.shein.com,6,461,461,,Home & Living,Other Sewing Tools & Accessories,SHEIN,TRUE,TRUE,1,Multicolor
"Jepeak Jepeak Woven Textured Decorative Throw Pillow Covers, Pack Of 2 Solid Linen Square Farmhouse Cushion Cases For Sofa Bed Couch, 20x20 Inch","Free Returns ✓ Free Shipping✓. Jepeak Jepeak Woven Textured Decorative Throw Pillow Covers, Pack Of 2 Solid Linen Square Farmhouse Cushion Cases For Sofa Bed Couch, 20x20 Inch- Cushion Cover at SHEIN.",21.4,15.4,USD,TRUE,Beige,50*50,US,us.shein.com,20,462,462,,Home Textile,Cushion Cover,Jepeak,TRUE,TRUE,0.7196261682242991,White
Unbeatablesale 212-1630 Adjustable Cluster Jet Body,Free Returns ✓ Free Shipping✓. Unbeatablesale 212-1630 Adjustable Cluster Jet Body- Swimming Pools at SHEIN.,17.6,17.6,USD,TRUE,Multicolor,one-size,US,us.shein.com,3,463,463,,Sports & Outdoor,Swimming Pools,Unbeatablesale,TRUE,TRUE,1,Multicolor
"150pcs (3 Colors), 8.5*7cm, Artificial Maple Leaves Message Note Book Stickers, Thanksgiving Birthday Announcement Decoration, Suitable For School, Classroom, Family Gathering Supplies, DIY Wreaths, Home & Outdoor Decor, Wedding & Holiday Decorations","Free Returns ✓ Free Shipping✓. 150pcs (3 Colors), 8.5*7cm, Artificial Maple Leaves Message Note Book Stickers, Thanksgiving Birthday Announcement Decoration, Suitable For School, Classroom, Family Gathering Supplies, DIY Wreaths, Home & Outdoor Decor, Wedding & Holiday Decorations- Festival Decor at SHEIN.",1.8,1.7,USD,TRUE,Color Mixing,150pcs/pack,US,us.shein.com,9,464,464,,Home & Living,Festival Decor,SHEIN,TRUE,TRUE,0.9444444444444444,Multicolor
2086PCS Halloween Diy Kit Ghost Pumpkin Bat Bracelet Making Pendant Pendant,Free Returns ✓ Free Shipping✓. 2086PCS Halloween Diy Kit Ghost Pumpkin Bat Bracelet Making Pendant Pendant- Fittings DIY & Tools at SHEIN.,6.1,5.8,USD,TRUE,Multicolor,Picture Color (accessories Sent Randomly),US,us.shein.com,7,465,465,,Apparel Accessories,Fittings DIY & Tools,SHEIN,TRUE,TRUE,0.9508196721311476,Multicolor
"Jewelry Box Case,Women's Keychain,Traveling Jewelry Holder Storage, Pill Box Keychain Container,Travel Jewelry Case Organizer Portable Ring Box Container Storage For Women Men Carrying Earrings Necklaces On Trip,Jewelry Box Case, Traveling Jewelry Holder Storage, For Car Keys, Mobile Phones, Cameras, Wallets, ID Cards, Badge Cards, Wristband Keychains,Suitable Gift For Girls, Boys, Men And Women, College, High School And Sports Rings. Anniversary, Birthdays, Christmas, Valentines Day","Free Returns ✓ Free Shipping✓. Jewelry Box Case,Women's Keychain,Traveling Jewelry Holder Storage, Pill Box Keychain Container,Travel Jewelry Case Organizer Portable Ring Box Container Storage For Women Men Carrying Earrings Necklaces On Trip,Jewelry Box Case, Traveling Jewelry Holder Storage, For Car Keys, Mobile Phones, Cameras, Wallets, ID Cards, Badge Cards, Wristband Keychains,Suitable Gift For Girls, Boys, Men And Women, College, High School And Sports Rings. Anniversary, Birthdays, Christmas, Valentines Day- Bag Charms at SHEIN.",2.4,2.2,USD,TRUE,Multicolor,Pink,US,us.shein.com,12,466,466,,Bags & Luggage,Bag Charms,SHEIN,TRUE,TRUE,0.9166666666666667,Multicolor
"30Inch/80cm Versatile Universal Cosplay Wig With Bangs, Extra Long Straight Black Wig With Slant Bangs For Women Heat Resistant Synthetic Anime Costume Wig For Halloween Party School Holiday Daily Wear And Go, Natural Looking Comfortable And Stylish Realistic Wig With A Long Fringe Wigs For Thanksgiving Day Birthday Gift For Christmas Decorations, Funny Cos Prop Accessories & 1pc Wig Cap","Free Returns ✓ Free Shipping✓. 30Inch/80cm Versatile Universal Cosplay Wig With Bangs, Extra Long Straight Black Wig With Slant Bangs For Women Heat Resistant Synthetic Anime Costume Wig For Halloween Party School Holiday Daily Wear And Go, Natural Looking Comfortable And Stylish Realistic Wig With A Long Fringe Wigs For Thanksgiving Day Birthday Gift For Christmas Decorations, Funny Cos Prop Accessories & 1pc Wig Cap- Cosplay Wigs at SHEIN.",13.6,11.48,USD,TRUE,Black,30 inch,US,us.shein.com,11,467,467,,Beauty & Health,Cosplay Wigs,SHEIN,TRUE,TRUE,0.8441176470588236,Green
"31.5 Inch Indoor Cat Tree, Cat Tower With Cat Apartment, Hanging Ball, Green","Free Returns ✓ Free Shipping✓. 31.5 Inch Indoor Cat Tree, Cat Tower With Cat Apartment, Hanging Ball, Green- Cat Trees & Condos at SHEIN.",115.6,115.6,USD,TRUE,Green,one-size,US,us.shein.com,14,468,468,,Pet Supplies,Cat Trees & Condos,SHEIN,TRUE,TRUE,1,Green
Swimsuits For All Women's Plus Size Hollywood Colorblock Wrap Bikini Top,Free Returns ✓ Free Shipping✓. Swimsuits For All Women's Plus Size Hollywood Colorblock Wrap Bikini Top- Plus Size Bikini Tops at SHEIN.,68,28.66,USD,TRUE,HAPPY TURKEY LUXE,6,US,us.shein.com,2,469,469,,Women Apparel,Plus Size Bikini Tops,SHEIN,TRUE,TRUE,0.42147058823529404,Brown
ROMWE Fairycore Personalized Cold Golden Green Sun Earrings,Free Returns ✓ Free Shipping✓. ROMWE Fairycore Personalized Cold Golden Green Sun Earrings- Women Dangle Earrings at SHEIN.,1.6,1.6,USD,TRUE,Dusty Pink,one-size,US,us.shein.com,4,470,470,,Jewelry & Watches,Women Dangle Earrings,ROMWE,TRUE,TRUE,1,Pink
"30pcs Waterproof Temporary Tattoos For Women & Girls - Colorful Black Roses, Butterflies, Delicate Designs, Cover Scars, Intimate Area Tattoos","Free Returns ✓ Free Shipping✓. 30pcs Waterproof Temporary Tattoos For Women & Girls - Colorful Black Roses, Butterflies, Delicate Designs, Cover Scars, Intimate Area Tattoos- Temporary Tattoos at SHEIN.",1.9,1.7,USD,TRUE,Multicolor,30pcs,US,us.shein.com,5,471,471,,Beauty & Health,Temporary Tattoos,SHEIN,TRUE,TRUE,0.8947368421052632,Multicolor
Unbeatablesale Humminbird HUM4102001 Helix-R 5 DI G2 Fishfinder,Free Returns ✓ Free Shipping✓. Unbeatablesale Humminbird HUM4102001 Helix-R 5 DI G2 Fishfinder- Fishing Accessories at SHEIN.,376.79,376.79,USD,TRUE,Multicolor,one-size,US,us.shein.com,3,472,472,,Sports & Outdoor,Fishing Accessories,Unbeatablesale,FALSE,FALSE,1,Multicolor
"1PC Over The Door Hanging Organizer With 5 Large Pockets Wall Mount Pantry Storage With Clear PVC Window & 2 Big Metal Hooks For Closet,Bathroom,Nursery,Bedroom,Dorm,Baby Diapers,Kids Toys Halloween Decorations Halloween Costumes Autumn Decor Festival Decor","Free Returns ✓ Free Shipping✓. 1PC Over The Door Hanging Organizer With 5 Large Pockets Wall Mount Pantry Storage With Clear PVC Window & 2 Big Metal Hooks For Closet,Bathroom,Nursery,Bedroom,Dorm,Baby Diapers,Kids Toys Halloween Decorations Halloween Costumes Autumn Decor Festival Decor- Hanging Organizers at SHEIN.",35.99,30.99,USD,TRUE,Light Grey,one-size,US,us.shein.com,12,473,473,,Home & Living,Hanging Organizers,SHEIN,TRUE,TRUE,0.8610725201444844,Grey
Unbeatablesale 15 Plus PRO Card Box - Purple - 3 Piece,Free Returns ✓ Free Shipping✓. Unbeatablesale 15 Plus PRO Card Box - Purple - 3 Piece- Dispensing Bottles & Storage Bottles at SHEIN.,11.3,11.3,USD,TRUE,Purple,one-size,US,us.shein.com,3,474,474,,Home & Living,Dispensing Bottles & Storage Bottles,Unbeatablesale,TRUE,FALSE,1,Purple
"ROMWE Fairycore 1pc Unique Cold Gold & -Shaped Earrings, Suitable For Women Daily Wear","Free Returns ✓ Free Shipping✓. ROMWE Fairycore 1pc Unique Cold Gold & -Shaped Earrings, Suitable For Women Daily Wear- Women Dangle Earrings at SHEIN.",1.6,0.96,USD,TRUE,Black,one-size,US,us.shein.com,4,475,475,,Jewelry & Watches,Women Dangle Earrings,ROMWE,TRUE,TRUE,0.5999999999999999,Green
"Idee-Home Outdoor Chair Cushions Set Of 2, Outdoor Seat Cushions 22x22 Waterproof, Patio Chair Cushion Color Fastness With Ties Patio Furniture Garden Sofa Couch Pads","Free Returns ✓ Free Shipping✓. Idee-Home Outdoor Chair Cushions Set Of 2, Outdoor Seat Cushions 22x22 Waterproof, Patio Chair Cushion Color Fastness With Ties Patio Furniture Garden Sofa Couch Pads- Outdoor Pillows & Cushions at SHEIN.",64.7,46.6,USD,TRUE,Rose Red,22x22x3 Inch,US,us.shein.com,7,476,476,,Home Textile,Outdoor Pillows & Cushions,SHEIN,TRUE,TRUE,0.7202472952086554,Red
JMEXSUSS 168FT 600 LED Christmas Lights Outdoor Waterproof 8 Modes Indoor Christmas String Lights Warm White Christmas Tree Lights Plug In For Room Bedroom Wedding Party Holiday Decorations.,Free Returns ✓ Free Shipping✓. JMEXSUSS 168FT 600 LED Christmas Lights Outdoor Waterproof 8 Modes Indoor Christmas String Lights Warm White Christmas Tree Lights Plug In For Room Bedroom Wedding Party Holiday Decorations.- String Lights at SHEIN.,39.99,35.99,USD,TRUE,Red,600LED,US,us.shein.com,7,477,477,,Tools & Home Improvement,String Lights,SHEIN,TRUE,FALSE,0.8999749937484371,Red
"1 Piece Retractable Keychain, Heavy Duty Tactical Carabiner Key Reel (With Rope), ID Holder Key Reel","Free Returns ✓ Free Shipping✓. 1 Piece Retractable Keychain, Heavy Duty Tactical Carabiner Key Reel (With Rope), ID Holder Key Reel- Key Holder & Keychain Organizers at SHEIN.",2.9,2.9,USD,TRUE,Multicolor,1 Keychain,US,us.shein.com,20,478,478,,Office & School Supplies,Key Holder & Keychain Organizers,SHEIN,TRUE,TRUE,1,Multicolor
"1 Roll Realistic Wood Grain Repair Tape - Durable Multi-Purpose Adhesive Patch Suitable For Furniture, Flooring, Cabinets, Windows, Doors, RVs, Home Decor And DIY Projects, Waterproof And Moisture Resistant, Great For Bedroom, Home, Living Room, Bathroom Or Kitchen Decor","Free Returns ✓ Free Shipping✓. 1 Roll Realistic Wood Grain Repair Tape - Durable Multi-Purpose Adhesive Patch Suitable For Furniture, Flooring, Cabinets, Windows, Doors, RVs, Home Decor And DIY Projects, Waterproof And Moisture Resistant, Great For Bedroom, Home, Living Room, Bathroom Or Kitchen Decor- Wall Paper at SHEIN.",5.7,2.85,USD,TRUE,Multicolor,A Yellow Coconut Wood Color,US,us.shein.com,7,479,479,,Home & Living,Wall Paper,SHEIN,TRUE,TRUE,0.5,Multicolor
"1 Set,Rustic Wooden Home Sign - Farmhouse Wall Decor For Living Room,Perfect For Living Room, Kitchen, Dining Room - Great Home Decoration Gift","Free Returns ✓ Free Shipping✓. 1 Set,Rustic Wooden Home Sign - Farmhouse Wall Decor For Living Room,Perfect For Living Room, Kitchen, Dining Room - Great Home Decoration Gift- Decorative Letters & Numbers at SHEIN.",12.9,12.5,USD,TRUE,Black,one-size,US,us.shein.com,10,480,480,,Home & Living,Decorative Letters & Numbers,SHEIN,TRUE,TRUE,0.9689922480620154,Green
ROMWE Fairycore 1pair Simple Bohemian Style Light Purple Tassel Drop Earrings For Women,Free Returns ✓ Free Shipping✓. ROMWE Fairycore 1pair Simple Bohemian Style Light Purple Tassel Drop Earrings For Women- Women Dangle Earrings at SHEIN.,1.5,1,USD,TRUE,Multicolor,one-size,US,us.shein.com,3,481,481,,Jewelry & Watches,Women Dangle Earrings,ROMWE,TRUE,TRUE,0.6666666666666667,Multicolor
1 Piece Vintage Fabric Thousand Bird Check Top Shoulder Handbag Simple Zipper Closure Tote Bag For Women's Daily Casual And Travel Use,Free Returns ✓ Free Shipping✓. 1 Piece Vintage Fabric Thousand Bird Check Top Shoulder Handbag Simple Zipper Closure Tote Bag For Women's Daily Casual And Travel Use- Women Tote Bags at SHEIN.,8,6,USD,TRUE,Black,one-size,US,us.shein.com,15,482,482,,Bags & Luggage,Women Tote Bags,SHEIN,TRUE,TRUE,0.75,Green
"1PC Large Capacity Multifunctional Key Storage Bag, Simple Small Key Bag For Fall Home Decor","Free Returns ✓ Free Shipping✓. 1PC Large Capacity Multifunctional Key Storage Bag, Simple Small Key Bag For Fall Home Decor- Multifunctional Storage Bags at SHEIN.",2.7,2.55,USD,TRUE,Black,one-size,US,us.shein.com,16,483,483,,Home & Living,Multifunctional Storage Bags,SHEIN,TRUE,TRUE,0.9444444444444443,Green
"Jespet & GOOPAWS Soft-Sided Airline-Approved Travel Dog & Cat Carrier, 17''","Free Returns ✓ Free Shipping✓. Jespet & GOOPAWS Soft-Sided Airline-Approved Travel Dog & Cat Carrier, 17''- Pet Hard-Sided Carriers at SHEIN.",35.99,25.99,USD,TRUE,Black & Red,"17""L x 10""W x 11.5""H",US,us.shein.com,11,484,484,,Pet Supplies,Pet Hard-Sided Carriers,SHEIN,TRUE,TRUE,0.7221450402889691,Black
"20pcs Daisy Printed Disposable Napkins, Summer Floral Party Tableware Decoration","Free Returns ✓ Free Shipping✓. 20pcs Daisy Printed Disposable Napkins, Summer Floral Party Tableware Decoration- Disposable Napkins at SHEIN.",3.2,3.1,USD,TRUE,Multicolor,one-size,US,us.shein.com,6,485,485,,Home & Living,Disposable Napkins,SHEIN,TRUE,TRUE,0.96875,Multicolor
"15.6 FHD Lightweight Laptop, Intel Quad Core-12th N100 Processor With A Maximum Speed Of Up To 3.4GHz, 8GB RAM, 1TB SSD, FHD IPS (1920x1080), Suitable For Business Use. It Comes With A Backlit Keyboard, Fingerprint Functionality, A 2-Year Warranty, WiFi 6, BT 5.2, Win11","Free Returns ✓ Free Shipping✓. 15.6 FHD Lightweight Laptop, Intel Quad Core-12th N100 Processor With A Maximum Speed Of Up To 3.4GHz, 8GB RAM, 1TB SSD, FHD IPS (1920x1080), Suitable For Business Use. It Comes With A Backlit Keyboard, Fingerprint Functionality, A 2-Year Warranty, WiFi 6, BT 5.2, Win11- Laptops at SHEIN.",456.2,319.3,USD,TRUE,Rose Gold,1TB,US,us.shein.com,9,486,486,,Electronics,Laptops,SHEIN,TRUE,TRUE,0.6999123191582639,Gold
"1 Set Simple & Fashionable Gold-Color Adjustable Open Bangle And Necklace Suit, Elegant Gift For Women","Free Returns ✓ Free Shipping✓. 1 Set Simple & Fashionable Gold-Color Adjustable Open Bangle And Necklace Suit, Elegant Gift For Women- Women Jewelry Sets at SHEIN.",2.4,2.4,USD,TRUE,White,one-size,US,us.shein.com,10,487,487,,Jewelry & Watches,Women Jewelry Sets,SHEIN,TRUE,TRUE,1,White
ROMWE Fairycore Personality Cool Gold-Color Green Sun-Shaped Earrings,Free Returns ✓ Free Shipping✓. ROMWE Fairycore Personality Cool Gold-Color Green Sun-Shaped Earrings- Women Dangle Earrings at SHEIN.,1.6,1.6,USD,TRUE,Pink,one-size,US,us.shein.com,4,488,488,,Jewelry & Watches,Women Dangle Earrings,ROMWE,TRUE,TRUE,1,Brown
"20pcs Artificial Willow Leaves, Fake Greenery Leaves For Wedding Party Decor, Faux Hanging Vine Foliage","Free Returns ✓ Free Shipping✓. 20pcs Artificial Willow Leaves, Fake Greenery Leaves For Wedding Party Decor, Faux Hanging Vine Foliage- Artificial Plants at SHEIN.",2.4,2.3,USD,TRUE,Multicolor,20pcs,US,us.shein.com,7,489,489,,Home & Living,Artificial Plants,SHEIN,TRUE,TRUE,0.9583333333333333,Multicolor
"1 Set,Rustic Wooden Home Sign - Farmhouse Wall Decor For Living Room,Perfect For Living Room, Kitchen, Dining Room - Great Home Decoration Gift","Free Returns ✓ Free Shipping✓. 1 Set,Rustic Wooden Home Sign - Farmhouse Wall Decor For Living Room,Perfect For Living Room, Kitchen, Dining Room - Great Home Decoration Gift- Decorative Letters & Numbers at SHEIN.",17.1,13.17,USD,TRUE,Brown,one-size,US,us.shein.com,10,490,490,,Home & Living,Decorative Letters & Numbers,SHEIN,TRUE,TRUE,0.7701754385964912,Brown
"22.5"" Tall Planter,Conical Planter For Indoor And Outdoor - Modern Black Plant Pot For Front Porch Patio, Self-Watering, Drain Holes, Water Level Monitor","Free Returns ✓ Free Shipping✓. 22.5"" Tall Planter,Conical Planter For Indoor And Outdoor - Modern Black Plant Pot For Front Porch Patio, Self-Watering, Drain Holes, Water Level Monitor- Flower Pots & Planters at SHEIN.",83.3,60.2,USD,TRUE,White,one-size,US,us.shein.com,8,491,491,,Home & Living,Flower Pots & Planters,SHEIN,TRUE,FALSE,0.7226890756302522,White
ROMWE Fairycore 1pc Unique Cold Gold & Green Sunshape Dangle Earring,Free Returns ✓ Free Shipping✓. ROMWE Fairycore 1pc Unique Cold Gold & Green Sunshape Dangle Earring- Women Dangle Earrings at SHEIN.,1.6,0.96,USD,TRUE,Violet Purple,one-size,US,us.shein.com,4,492,492,,Jewelry & Watches,Women Dangle Earrings,ROMWE,FALSE,TRUE,0.5999999999999999,Purple
Unbeatablesale K Tool International KTI22801 12 Piece Torq Socket Set,Free Returns ✓ Free Shipping✓. Unbeatablesale K Tool International KTI22801 12 Piece Torq Socket Set- Sockets at SHEIN.,30.45,30.45,USD,TRUE,Multicolor,one-size,US,us.shein.com,3,493,493,,Tools & Home Improvement,Sockets,Unbeatablesale,TRUE,TRUE,1,Multicolor
"1 Set/4pcs Square Eraser Student Pen Ballpoint Pencil Dual Purpose Eraser Study Office Dual Purpose, Back To School, School Supplies, Office Supplies","Free Returns ✓ Free Shipping✓. 1 Set/4pcs Square Eraser Student Pen Ballpoint Pencil Dual Purpose Eraser Study Office Dual Purpose, Back To School, School Supplies, Office Supplies- Erasers at SHEIN.",2.4,2.4,USD,TRUE,Multicolor,1 Set/4pcs,US,us.shein.com,5,494,494,,Office & School Supplies,Erasers,SHEIN,TRUE,TRUE,1,Multicolor
1PC Sanitary Napkin Storage Bag Aunt Towel Portable Storage Bag Multifunctional Large Capacity Sanitary Napkin Menstrual Small Bag Aunt Towel Bag Back To School Organizer School College Organization,Free Returns ✓ Free Shipping✓. 1PC Sanitary Napkin Storage Bag Aunt Towel Portable Storage Bag Multifunctional Large Capacity Sanitary Napkin Menstrual Small Bag Aunt Towel Bag Back To School Organizer School College Organization- Other Storage at SHEIN.,2.6,2.5,USD,FALSE,Mint Green,one-size,US,us.shein.com,4,495,495,,Bags & Luggage,Other Storage,SHEIN,FALSE,TRUE,0.9615384615384615,Green
"357Slots /Set Cable Clips - Cord Organizer, Cable Management, Cable Organizer Clips Cord Holder, Cable Organizer Cord Holder For Desk, Charging Cable Holder Cord Clips, Nightstand Cord Organizer Cable Management Wire Clip,Self Adhesive Cable Management For USB Cable/Power Cord/Wire, Car And Desk, Home And Office, Charging Accessory Cables, Mouse Cable, PC- Rubber Adhesive Cord Hooks Fit Home, Cubicle, Car, Desk Accessories","Free Returns ✓ Free Shipping✓. 357Slots /Set Cable Clips - Cord Organizer, Cable Management, Cable Organizer Clips Cord Holder, Cable Organizer Cord Holder For Desk, Charging Cable Holder Cord Clips, Nightstand Cord Organizer Cable Management Wire Clip,Self Adhesive Cable Management For USB Cable/Power Cord/Wire, Car And Desk, Home And Office, Charging Accessory Cables, Mouse Cable, PC- Rubber Adhesive Cord Hooks Fit Home, Cubicle, Car, Desk Accessories- Cable Storage at SHEIN.",2.6,2.56,USD,TRUE,Black,one-size,US,us.shein.com,7,496,496,,Cell Phones & Accessories,Cable Storage,SHEIN,TRUE,TRUE,0.9846153846153846,Green
"1 Set Wooden Floor Cleaner & Care. Includes Protector, Polish, Brush For Wooden Furniture And Floors","Free Returns ✓ Free Shipping✓. 1 Set Wooden Floor Cleaner & Care. Includes Protector, Polish, Brush For Wooden Furniture And Floors- Wall Mending Agent & Caulk at SHEIN.",3.8,3.8,USD,TRUE,White,Set Of Wood Cleaner (100g),US,us.shein.com,20,497,497,,Tools & Home Improvement,Wall Mending Agent & Caulk,SHEIN,TRUE,TRUE,1,White
ROMWE Fairycore Stylish Gold & Green Sun Shaped Earrings,Free Returns ✓ Free Shipping✓. ROMWE Fairycore Stylish Gold & Green Sun Shaped Earrings- Women Dangle Earrings at SHEIN.,1.6,1.6,USD,TRUE,Coral Pink,one-size,US,us.shein.com,4,498,498,,Jewelry & Watches,Women Dangle Earrings,ROMWE,TRUE,TRUE,1,Pink
"1 Push-Type Oil Spray Bottle, Household Condiment Bottle, Kitchen Oil Sprayer, Oil Control Bottle, Kitchen Oil Spray Atomization Bottle, Used For Kitchen Cooking Oil, Seasoning Dust-Proof Packaging","Free Returns ✓ Free Shipping✓. 1 Push-Type Oil Spray Bottle, Household Condiment Bottle, Kitchen Oil Sprayer, Oil Control Bottle, Kitchen Oil Spray Atomization Bottle, Used For Kitchen Cooking Oil, Seasoning Dust-Proof Packaging- Other Kitchen Tools at SHEIN.",3.6,3.37,USD,TRUE,Black,300ML,US,us.shein.com,16,499,499,,Home & Living,Other Kitchen Tools,SHEIN,TRUE,TRUE,0.9361111111111111,Green
"Iron On Letters, 52 Pcs Letter Patches With Ironed Adhesive, Decorate Repair Patches, Iron On Letter Patches, Alphabet Embroidered Patch A-Z, For T-Shirts, Jeans, Jackets, Socks, Bags, DIY Accessories Etc","Free Returns ✓ Free Shipping✓. Iron On Letters, 52 Pcs Letter Patches With Ironed Adhesive, Decorate Repair Patches, Iron On Letter Patches, Alphabet Embroidered Patch A-Z, For T-Shirts, Jeans, Jackets, Socks, Bags, DIY Accessories Etc- Patches at SHEIN.",4.4,4.2,USD,TRUE,Pink,one-size,US,us.shein.com,11,500,500,,Home & Living,Patches,SHEIN,TRUE,TRUE,0.9545454545454545,Brown
"Japanese Style Rectangular Plastic Dish Plate Set, Includes Long Platter, Fish Plate, Hotpot Side Dish Plate, Commercial Breakfast, Pasta And Salad Serving Plates","Free Returns ✓ Free Shipping✓. Japanese Style Rectangular Plastic Dish Plate Set, Includes Long Platter, Fish Plate, Hotpot Side Dish Plate, Commercial Breakfast, Pasta And Salad Serving Plates- Dinner Plate at SHEIN.",12.5,12,USD,TRUE,Multicolor,4-piece Set - Apricot Pink Green Blue,US,us.shein.com,22,501,501,,Home & Living,Dinner Plate,SHEIN,TRUE,TRUE,0.96,Multicolor
It's Not Going To Lick Itself Oven Mitt Funny Christmas Candycane Beater Cooking Kitchen Glove,Free Returns ✓ Free Shipping✓. It's Not Going To Lick Itself Oven Mitt Funny Christmas Candycane Beater Cooking Kitchen Glove- Oven Mitts & Oven Sleeves at SHEIN.,15.99,13.99,USD,TRUE,Lick Itself,My Oven,US,us.shein.com,3,502,502,,Home & Living,Oven Mitts & Oven Sleeves,SHEIN,TRUE,TRUE,0.8749218261413383,default
"1 Set Single Tri Fins Box, Surfboard Fin Box Set With Screws Key, Surfing Screw Surfboard Surf Fins Plugs SetPaddle Boad","Free Returns ✓ Free Shipping✓. 1 Set Single Tri Fins Box, Surfboard Fin Box Set With Screws Key, Surfing Screw Surfboard Surf Fins Plugs SetPaddle Boad- Other Surf Supplies at SHEIN.",8,7,USD,TRUE,Black,one-size,US,us.shein.com,6,503,503,,Sports & Outdoor,Other Surf Supplies,SHEIN,TRUE,TRUE,0.875,Green
"Halloween Decoration 36cm Small Ghost Pillow - Can Be Used As Halloween, Thanksgiving, Christmas, New Year, Valentine's Day, Easter Gift, Suitable For Room, Bedroom, Outdoor Holiday Decoration","Free Returns ✓ Free Shipping✓. Halloween Decoration 36cm Small Ghost Pillow - Can Be Used As Halloween, Thanksgiving, Christmas, New Year, Valentine's Day, Easter Gift, Suitable For Room, Bedroom, Outdoor Holiday Decoration- Plush & Stuffed Collections for Teenager at SHEIN.",26.4,26.4,USD,TRUE,"Black, White, Red and Yellow",Height 36cm,US,us.shein.com,18,504,504,,Toys & Games,Plush & Stuffed Collections for Teenager,SHEIN,TRUE,TRUE,1,Multicolor
"36pcs Shirt Anti-Exposure Paste Strips, Invisible Shoulder Strap Clips For Shirt,Dress,Blouse","Free Returns ✓ Free Shipping✓. 36pcs Shirt Anti-Exposure Paste Strips, Invisible Shoulder Strap Clips For Shirt,Dress,Blouse- Clothing Anti-Slip Accessories at SHEIN.",1.2,1.2,USD,TRUE,Multicolor,Anti-slip Stickers,US,us.shein.com,10,505,505,,Home & Living,Clothing Anti-Slip Accessories,SHEIN,TRUE,TRUE,1,Multicolor
"Unbeatablesale Hy-Ko Products KC192 6 In. Beaded Chain, Pack Of 5","Free Returns ✓ Free Shipping✓. Unbeatablesale Hy-Ko Products KC192 6 In. Beaded Chain, Pack Of 5- Labeling Supplies at SHEIN.",11.92,11.92,USD,TRUE,Multicolor,one-size,US,us.shein.com,3,506,506,,Home & Living,Labeling Supplies,Unbeatablesale,TRUE,FALSE,1,Multicolor
"Unbeatablesale 33 In. Reflection Rectangular Framed Wall Mirror,; Textured Brass","Free Returns ✓ Free Shipping✓. Unbeatablesale 33 In. Reflection Rectangular Framed Wall Mirror,; Textured Brass- Wall Mounted Mirrors at SHEIN.",52.93,52.93,USD,TRUE,Red,one-size,US,us.shein.com,3,507,507,,Home & Living,Wall Mounted Mirrors,Unbeatablesale,TRUE,TRUE,1,Red
"KOSKY 300 Mbps USB WiFi Adapter For PC Wireless Network Mini Wireless Network Card,Adapter For Desktop With 2.4GHz,Wifi Adapter, 802.11n, USB 2.0 Supports Win11/10/8.1/8/7/XP","Free Returns ✓ Free Shipping✓. KOSKY 300 Mbps USB WiFi Adapter For PC Wireless Network Mini Wireless Network Card,Adapter For Desktop With 2.4GHz,Wifi Adapter, 802.11n, USB 2.0 Supports Win11/10/8.1/8/7/XP- Network Cards at SHEIN.",4.5,4.28,USD,TRUE,Black,one-size,US,us.shein.com,8,508,508,,Electronics,Network Cards,SHEIN,TRUE,TRUE,0.9511111111111111,Green
ROMWE Fairycore Chic Gold-Color Red Sun Earrings,Free Returns ✓ Free Shipping✓. ROMWE Fairycore Chic Gold-Color Red Sun Earrings- Women Dangle Earrings at SHEIN.,1.6,1.6,USD,TRUE,Hot Pink,one-size,US,us.shein.com,4,509,509,,Jewelry & Watches,Women Dangle Earrings,ROMWE,TRUE,TRUE,1,Pink
ROMWE Fairycore Personality Cold Gold & Green Sun-Shaped Earrings,Free Returns ✓ Free Shipping✓. ROMWE Fairycore Personality Cold Gold & Green Sun-Shaped Earrings- Women Dangle Earrings at SHEIN.,1.6,1.6,USD,FALSE,Blue,one-size,US,us.shein.com,4,510,510,,Jewelry & Watches,Women Dangle Earrings,ROMWE,FALSE,TRUE,1,Blue
1 Piece Vintage Fabric Thousand Bird Check Top Shoulder Handbag Simple Zipper Closure Tote Bag For Women's Daily Casual And Travel Use,Free Returns ✓ Free Shipping✓. 1 Piece Vintage Fabric Thousand Bird Check Top Shoulder Handbag Simple Zipper Closure Tote Bag For Women's Daily Casual And Travel Use- Women Tote Bags at SHEIN.,8.4,7.9,USD,TRUE,Khaki,one-size,US,us.shein.com,14,511,511,,Bags & Luggage,Women Tote Bags,SHEIN,TRUE,TRUE,0.9404761904761905,Brown
ROMWE Fairycore Unique Cold Golden & Green Sun Shaped Earrings,Free Returns ✓ Free Shipping✓. ROMWE Fairycore Unique Cold Golden & Green Sun Shaped Earrings- Women Dangle Earrings at SHEIN.,1.6,1.6,USD,TRUE,Purple,one-size,US,us.shein.com,4,512,512,,Jewelry & Watches,Women Dangle Earrings,ROMWE,TRUE,TRUE,1,Purple
Unbeatablesale 1.75 In. H X .50 In. P X 96 In. L Sofia Chair Rail,Free Returns ✓ Free Shipping✓. Unbeatablesale 1.75 In. H X .50 In. P X 96 In. L Sofia Chair Rail- Wall Decoration at SHEIN.,25.09,25.09,USD,FALSE,Multicolor,one-size,US,us.shein.com,3,513,513,,Home & Living,Wall Decoration,Unbeatablesale,TRUE,TRUE,1,Multicolor
"10pcs Transparent Gift Bag With Handle, Party Family Day, Anniversary, Birthday Gift, Holiday Blessing Gift Wrapping Bagjewelry Box,Jewellery Box,Jewelry Organiser For Women And Girls,Jewelry Holder, Ideal For Halloween Earrings,Necklace,Rings,And Wedding Accessories;Also Suitable For  Home Decor And Bridesmaid Gift","Free Returns ✓ Free Shipping✓. 10pcs Transparent Gift Bag With Handle, Party Family Day, Anniversary, Birthday Gift, Holiday Blessing Gift Wrapping Bagjewelry Box,Jewellery Box,Jewelry Organiser For Women And Girls,Jewelry Holder, Ideal For Halloween Earrings,Necklace,Rings,And Wedding Accessories;Also Suitable For  Home Decor And Bridesmaid Gift- Jewelry Gift Packaging at SHEIN.",6.6,6.4,USD,TRUE,As the Picture0,10 Pcs,US,us.shein.com,9,514,514,,Home & Living,Jewelry Gift Packaging,SHEIN,TRUE,TRUE,0.9696969696969698,default
1 Roll Of 32 Wormwood Pattern Drawstring Garbage Bags For Household Thickened And Unbreakable Portable Oversized Kitchen Garbage Bags,Free Returns ✓ Free Shipping✓. 1 Roll Of 32 Wormwood Pattern Drawstring Garbage Bags For Household Thickened And Unbreakable Portable Oversized Kitchen Garbage Bags- Trash Bags at SHEIN.,2.5,2.34,USD,FALSE,Yellow Grid,Butterfly Wormwood,US,us.shein.com,12,515,515,,Home & Living,Trash Bags,SHEIN,TRUE,TRUE,0.9359999999999999,Yellow
"1 Set Girls Princess Party Accessories Including 1 Wand, 1 Pair Gloves, 1 Crown, Suitable For Princess Party Role Play, Stage Performance","Free Returns ✓ Free Shipping✓. 1 Set Girls Princess Party Accessories Including 1 Wand, 1 Pair Gloves, 1 Crown, Suitable For Princess Party Role Play, Stage Performance- Kids Dress-Up Accessories at SHEIN.",4.9,4.1,USD,TRUE,Gold,one-size,US,us.shein.com,3,516,516,,Kids,Kids Dress-Up Accessories,SHEIN,TRUE,TRUE,0.8367346938775508,Gold
"31.5"" Spun Bamboo Tall Floor Vase - Sleek Metallic Finish, Elegant Home Decoration, Modern Accent Piece, Living Room Decor, Handcrafted Bamboo Art, Contemporary Interior Design, Unique Tall Vase, Black Large","Free Returns ✓ Free Shipping✓. 31.5"" Spun Bamboo Tall Floor Vase - Sleek Metallic Finish, Elegant Home Decoration, Modern Accent Piece, Living Room Decor, Handcrafted Bamboo Art, Contemporary Interior Design, Unique Tall Vase, Black Large- Vases at SHEIN.",215.44,149.61,USD,TRUE,White,one-size,US,us.shein.com,6,517,517,,Home & Living,Vases,SHEIN,TRUE,TRUE,0.6944392870404754,White
"1set Minimalist Elegant Adjustable Gold-Tone Bangle Choker Jewelry Set, Women Holiday Gift","Free Returns ✓ Free Shipping✓. 1set Minimalist Elegant Adjustable Gold-Tone Bangle Choker Jewelry Set, Women Holiday Gift- Women Jewelry Sets at SHEIN.",3,3,USD,TRUE,Silver,one-size,US,us.shein.com,10,518,518,,Jewelry & Watches,Women Jewelry Sets,SHEIN,TRUE,TRUE,1,Silver
"Sweet Zirconia Starfish Bow Earrings, Fashionable And Niche Temperament, High-End Earrings For Women","Free Returns ✓ Free Shipping✓. Sweet Zirconia Starfish Bow Earrings, Fashionable And Niche Temperament, High-End Earrings For Women- Women Stud Earrings at SHEIN.",3.5,3.26,USD,TRUE,Gold,one-size,US,us.shein.com,14,519,519,,Jewelry & Watches,Women Stud Earrings,SHEIN,TRUE,TRUE,0.9314285714285714,Gold
"10pcs Random Snowman, Reindeer, Santa Claus Wooden Christmas Tree Hanging Pendants Decorations For New Year Party","Free Returns ✓ Free Shipping✓. 10pcs Random Snowman, Reindeer, Santa Claus Wooden Christmas Tree Hanging Pendants Decorations For New Year Party- Christmas Supplies at SHEIN.",2.1,1.96,USD,TRUE,Multicolor,Random 10pcs,US,us.shein.com,8,520,520,,Home & Living,Christmas Supplies,SHEIN,TRUE,TRUE,0.9333333333333332,Multicolor
1 Pc Hair Bows For Women Big Bow Hair  Clips For Girls Silky Satin Large Hair Ribbons Oversized Long Tail Hair Bows Hair Barrettes Hair Accessories Gifts Halloween,Free Returns ✓ Free Shipping✓. 1 Pc Hair Bows For Women Big Bow Hair  Clips For Girls Silky Satin Large Hair Ribbons Oversized Long Tail Hair Bows Hair Barrettes Hair Accessories Gifts Halloween- Hair Clips at SHEIN.,1.7,1.7,USD,TRUE,Khaki,one-size,US,us.shein.com,3,521,521,,Apparel Accessories,Hair Clips,SHEIN,TRUE,TRUE,1,Brown
Unbeatablesale K Tool International KTI24132 3/4 Inch Drive Standard 6 Point Chrome Socket - 1 Inch,Free Returns ✓ Free Shipping✓. Unbeatablesale K Tool International KTI24132 3/4 Inch Drive Standard 6 Point Chrome Socket - 1 Inch- Sockets at SHEIN.,16.71,16.71,USD,TRUE,Multicolor,one-size,US,us.shein.com,3,522,522,,Tools & Home Improvement,Sockets,Unbeatablesale,TRUE,TRUE,1,Multicolor
32 Pcs Assorted Christmas Nipple Covers Sexy Xmas Nipple Pasties Disposable  Breast Sticker Sexy Lingerie Accessories,Free Returns ✓ Free Shipping✓. 32 Pcs Assorted Christmas Nipple Covers Sexy Xmas Nipple Pasties Disposable  Breast Sticker Sexy Lingerie Accessories- Sexy Lingerie Accessories at SHEIN.,10.7,9.4,USD,TRUE,Multicolor,one-size,US,us.shein.com,21,523,523,,Beauty & Health,Sexy Lingerie Accessories,SHEIN,TRUE,TRUE,0.8785046728971964,Multicolor
1 Piece Synthetic Heat-Resistant Straight Hair 24 Inch Long Straight Glacier Blue Wig Middle Part Bangs S-Shaped Hairline Natural Looking Soft Heat Resistant Wigs For Party Daily Use,Free Returns ✓ Free Shipping✓. 1 Piece Synthetic Heat-Resistant Straight Hair 24 Inch Long Straight Glacier Blue Wig Middle Part Bangs S-Shaped Hairline Natural Looking Soft Heat Resistant Wigs For Party Daily Use- Synthetic Woven Wigs at SHEIN.,14.6,12.7,USD,TRUE,Baby Blue,24 inch,US,us.shein.com,11,524,524,,Beauty & Health,Synthetic Woven Wigs,SHEIN,FALSE,TRUE,0.8698630136986301,Blue
Synthetic  Wig Fashion Short Women's Sexy Mixed Color 16inch Natural Hair Synthetic Wig Straight Middle Parting Hair Style For Daily Party Use,Free Returns ✓ Free Shipping✓. Synthetic  Wig Fashion Short Women's Sexy Mixed Color 16inch Natural Hair Synthetic Wig Straight Middle Parting Hair Style For Daily Party Use- Synthetic Woven Wigs at SHEIN.,15.3,10.89,USD,TRUE,Ombre,16 inch,US,us.shein.com,9,525,525,,Beauty & Health,Synthetic Woven Wigs,SHEIN,TRUE,TRUE,0.711764705882353,Brown
"10pcs Blue Chair Back Decorative Flower With Bowknot, For Christmas And Halloween","Free Returns ✓ Free Shipping✓. 10pcs Blue Chair Back Decorative Flower With Bowknot, For Christmas And Halloween- Centerpieces at SHEIN.",4.4,4.3,USD,TRUE,Royal Blue,one-size,US,us.shein.com,4,526,526,,Home & Living,Centerpieces,SHEIN,TRUE,TRUE,0.9772727272727272,Blue
"1 Volleyball Training Net,Equipped With A Tennis Net And Iron Frame, Suitable For Beaches And Grasslands","Free Returns ✓ Free Shipping✓. 1 Volleyball Training Net,Equipped With A Tennis Net And Iron Frame, Suitable For Beaches And Grasslands- Volleyball Net System at SHEIN.",67.3,59.3,USD,TRUE,Multicolor,Volleyball Net Set,US,us.shein.com,7,527,527,,Sports & Outdoor,Volleyball Net System,SHEIN,TRUE,TRUE,0.8811292719167905,Multicolor
Unbeatablesale Keeney SD7PVCGP General Purpose Drain For 2 &Amp; 3 In. Sch 40. PVC Pipe,Free Returns ✓ Free Shipping✓. Unbeatablesale Keeney SD7PVCGP General Purpose Drain For 2 &Amp; 3 In. Sch 40. PVC Pipe- Showerheads & Accessories at SHEIN.,12.74,12.74,USD,TRUE,Multicolor,one-size,US,us.shein.com,3,528,528,,Tools & Home Improvement,Showerheads & Accessories,Unbeatablesale,TRUE,TRUE,1,Multicolor
"304 Stainless Steel Insulated Lunch Box, Large Capacity Meal Container For Office Workers & Students","Free Returns ✓ Free Shipping✓. 304 Stainless Steel Insulated Lunch Box, Large Capacity Meal Container For Office Workers & Students- Lunch Boxes & Insulated Lunch Boxes, Insulated Food Jar at SHEIN.",19.1,18.4,USD,TRUE,Beige,1.2L,US,us.shein.com,11,529,529,,Home & Living,"Lunch Boxes & Insulated Lunch Boxes, Insulated Food Jar",SHEIN,TRUE,TRUE,0.963350785340314,White
"1 Set Of Percussion Musical Instrument Toy, Including Hand Drum, Xylophone, Maracas, Suitable For Music Beginner Boys And Girls","Free Returns ✓ Free Shipping✓. 1 Set Of Percussion Musical Instrument Toy, Including Hand Drum, Xylophone, Maracas, Suitable For Music Beginner Boys And Girls- Baby Ringing Toys at SHEIN.",8.9,5.96,USD,TRUE,Yellow,one-size,US,us.shein.com,18,530,530,,Baby,Baby Ringing Toys,SHEIN,FALSE,TRUE,0.6696629213483145,Yellow
"THE MONSTERS Plush Doll - Cute Labubu Macaron Design Blind Box, Soft Figurine","Free Returns ✓ Free Shipping✓. THE MONSTERS Plush Doll - Cute Labubu Macaron Design Blind Box, Soft Figurine- Decorative Crafts at SHEIN.",22,19.33,USD,TRUE,Multicolor,1 Random Blind Box (with a Chance Of Hidden Items),US,us.shein.com,17,531,531,,Home & Living,Decorative Crafts,SHEIN,TRUE,TRUE,0.8786363636363635,Multicolor
"Jepeak Jepeak Decorative Throw Pillow Covers Cases Pack Of 4 Chenille Cozy Modern Concise Square Cushion Covers For Sofa Couch Bedroom Home Decor, 20x20 Inch","Free Returns ✓ Free Shipping✓. Jepeak Jepeak Decorative Throw Pillow Covers Cases Pack Of 4 Chenille Cozy Modern Concise Square Cushion Covers For Sofa Couch Bedroom Home Decor, 20x20 Inch- Cushion Cover at SHEIN.",34.2,24.7,USD,TRUE,Beige,50*50,US,us.shein.com,18,532,532,,Home Textile,Cushion Cover,Jepeak,TRUE,TRUE,0.7222222222222221,White
1 Votive Round Cut Cups Square Wall Decor Set Of 4,Free Returns ✓ Free Shipping✓. 1 Votive Round Cut Cups Square Wall Decor Set Of 4- Decorative Hanging Ornaments at SHEIN.,253.8,110.28,USD,TRUE,Gold,one-size,US,us.shein.com,3,533,533,,Home & Living,Decorative Hanging Ornaments,SHEIN,TRUE,TRUE,0.43451536643026,Gold
1 Roll Of 3/2 Inch X 50 Ft Natural Black Walnut Wood Veneer Pre-Glued Edging Tape For Cabinet Refacing And Furniture Restoration,Free Returns ✓ Free Shipping✓. 1 Roll Of 3/2 Inch X 50 Ft Natural Black Walnut Wood Veneer Pre-Glued Edging Tape For Cabinet Refacing And Furniture Restoration- Door Molding & Trim at SHEIN.,7.2,7.2,USD,TRUE,Brown,one-size,US,us.shein.com,12,534,534,,Tools & Home Improvement,Door Molding & Trim,SHEIN,TRUE,TRUE,1,Brown
Unbeatablesale Kaba EB3-U-HD111 Acura Electronic Key Blade,Free Returns ✓ Free Shipping✓. Unbeatablesale Kaba EB3-U-HD111 Acura Electronic Key Blade- Keyrings & Keychains at SHEIN.,14.26,14.26,USD,TRUE,Multicolor,one-size,US,us.shein.com,3,535,535,,Apparel Accessories,Keyrings & Keychains,Unbeatablesale,TRUE,TRUE,1,Multicolor
Unbeatablesale K Tool International KTI75450 Damaged Hex Screw Removing Allen Key Set - 9 Piece,Free Returns ✓ Free Shipping✓. Unbeatablesale K Tool International KTI75450 Damaged Hex Screw Removing Allen Key Set - 9 Piece- Other Tool Organizers at SHEIN.,35.06,35.06,USD,TRUE,Multicolor,one-size,US,us.shein.com,3,536,536,,Tools & Home Improvement,Other Tool Organizers,Unbeatablesale,TRUE,TRUE,1,Multicolor
Sunflowers Make Me Happy - Set Of 2 Sunflower Storage,Free Returns ✓ Free Shipping✓. Sunflowers Make Me Happy - Set Of 2 Sunflower Storage- Other Home Office Storage at SHEIN.,23.98,16.79,USD,TRUE,Multicolor,one-size,US,us.shein.com,2,537,537,,Home & Living,Other Home Office Storage,SHEIN,TRUE,TRUE,0.7001668056713928,Multicolor
20PCS Birthday Party Scene Decoration Yellow Duck Latex Balloon,Free Returns ✓ Free Shipping✓. 20PCS Birthday Party Scene Decoration Yellow Duck Latex Balloon- Decorative Balloons at SHEIN.,2.3,1.84,USD,TRUE,Multicolor,one-size,US,us.shein.com,6,538,538,,Home & Living,Decorative Balloons,SHEIN,TRUE,TRUE,0.8,Multicolor
"1 Set/50pcs Motivational Greeting Cards, Cartoon Design With Positive English Quotes For Women","Free Returns ✓ Free Shipping✓. 1 Set/50pcs Motivational Greeting Cards, Cartoon Design With Positive English Quotes For Women- Postcards at SHEIN.",9.8,9.8,USD,TRUE,Multicolor,Women's Affirmation Card Set,US,us.shein.com,12,539,539,,Office & School Supplies,Postcards,SHEIN,FALSE,TRUE,1,Multicolor
"1pc USB Powered Handheld Pill/Lint Remover, Mini Portable Home Fuzz Shaver With Transparent Lid","Free Returns ✓ Free Shipping✓. 1pc USB Powered Handheld Pill/Lint Remover, Mini Portable Home Fuzz Shaver With Transparent Lid- Lint Rollers & Brushes & Remover at SHEIN.",5.2,3.28,USD,TRUE,Pink,one-size,US,us.shein.com,20,540,540,,Home & Living,Lint Rollers & Brushes & Remover,SHEIN,TRUE,FALSE,0.6307692307692307,Brown
"1pc Dry & Wet Use Makeup Sponge Set (Including Storage Box), Non-Latex Makeup Sponge, Reusable And Washable Makeup Applicator For Powder, Liquid, Smooth Finish, Suitable For Men And Women, Portable Daily/Travel Necessity","Free Returns ✓ Free Shipping✓. 1pc Dry & Wet Use Makeup Sponge Set (Including Storage Box), Non-Latex Makeup Sponge, Reusable And Washable Makeup Applicator For Powder, Liquid, Smooth Finish, Suitable For Men And Women, Portable Daily/Travel Necessity- Makeup Puffs & Sponges at SHEIN.",5,4.3,USD,TRUE,Yellow,Water Drop Two Cut,US,us.shein.com,17,541,541,,Beauty & Health,Makeup Puffs & Sponges,SHEIN,TRUE,TRUE,0.86,Yellow
"Fashionable Casual Large Capacity Solid Corduroy Women's Crossbody Bag Black Corduroy Hobo Shoulder Bag, Lightweight Minimalist Bag, Tote Solid Color Bag Handbags","Free Returns ✓ Free Shipping✓. Fashionable Casual Large Capacity Solid Corduroy Women's Crossbody Bag Black Corduroy Hobo Shoulder Bag, Lightweight Minimalist Bag, Tote Solid Color Bag Handbags- Women Crossbody at SHEIN.",6.1,5.7,USD,TRUE,Black,one-size,US,us.shein.com,17,542,542,,Bags & Luggage,Women Crossbody,SHEIN,FALSE,FALSE,0.9344262295081968,Green
"IDsarah For IPhone 15 Pro Max Case With Stand,Heavy Duty Protection Shockproof Anti-Scratch Slim Lightweight Protective Sturdy Case Hard Cover For IPhone 15 Pro Max 6.7 Inch,Black","Free Returns ✓ Free Shipping✓. IDsarah For IPhone 15 Pro Max Case With Stand,Heavy Duty Protection Shockproof Anti-Scratch Slim Lightweight Protective Sturdy Case Hard Cover For IPhone 15 Pro Max 6.7 Inch,Black- Stand Phone Case at SHEIN.",13.9,9.5,USD,TRUE,Black,iPhone 15 Pro Max,US,us.shein.com,15,543,543,,Cell Phones & Accessories,Stand Phone Case,SHEIN,TRUE,TRUE,0.6834532374100719,Green
Fashionable Casual Large Capacity Solid Color Pleated Bubble Women Handbag Crossbody Single Shoulder Tote Bag New Spring/Summer Design Adjustable Single Shoulder Crossbody Laidback Soft Bag For Women,Free Returns ✓ Free Shipping✓. Fashionable Casual Large Capacity Solid Color Pleated Bubble Women Handbag Crossbody Single Shoulder Tote Bag New Spring/Summer Design Adjustable Single Shoulder Crossbody Laidback Soft Bag For Women- Women Crossbody at SHEIN.,5.4,5.1,USD,TRUE,Beige,one-size,US,us.shein.com,14,544,544,,Bags & Luggage,Women Crossbody,SHEIN,TRUE,TRUE,0.9444444444444443,White
Synthetic Heat Resistant Front Lace Wigs With Baby Hair 13*3.5 Long Braid Women Hair 22inch Black Daily Used High Quality For Women Women Natural Looking Women Good Quality Synthetic Soft Beginner Friendly Wigs,Free Returns ✓ Free Shipping✓. Synthetic Heat Resistant Front Lace Wigs With Baby Hair 13*3.5 Long Braid Women Hair 22inch Black Daily Used High Quality For Women Women Natural Looking Women Good Quality Synthetic Soft Beginner Friendly Wigs- Synthetic Lace Wigs at SHEIN.,77.2,46.32,USD,TRUE,Black,22 inch,US,us.shein.com,11,545,545,,Beauty & Health,Synthetic Lace Wigs,SHEIN,TRUE,TRUE,0.6,Green
"Unbeatablesale Integra ITA18298 Chalk Ink Marker, Assorted Color - Pack Of 4","Free Returns ✓ Free Shipping✓. Unbeatablesale Integra ITA18298 Chalk Ink Marker, Assorted Color - Pack Of 4- Markers at SHEIN.",11.1,11.1,USD,TRUE,Multicolor,one-size,US,us.shein.com,3,546,546,,Office & School Supplies,Markers,Unbeatablesale,FALSE,TRUE,1,Multicolor
"Jepeak Jepeak Woven Textured Decorative Throw Pillow Covers, Pack Of 4 Solid Linen Square Farmhouse Cushion Cases For Sofa Bed Couch, 20x20 Inch","Free Returns ✓ Free Shipping✓. Jepeak Jepeak Woven Textured Decorative Throw Pillow Covers, Pack Of 4 Solid Linen Square Farmhouse Cushion Cases For Sofa Bed Couch, 20x20 Inch- Cushion Cover at SHEIN.",36.4,26.2,USD,TRUE,Spruce Green,50*50,US,us.shein.com,21,547,547,,Home Textile,Cushion Cover,Jepeak,TRUE,TRUE,0.7197802197802198,Green
1pc Two-Color Flower Alloy Keychain Pendant Cute Small White Flower Letter Pearl Accessories Earphone Cover Bag Pendant,Free Returns ✓ Free Shipping✓. 1pc Two-Color Flower Alloy Keychain Pendant Cute Small White Flower Letter Pearl Accessories Earphone Cover Bag Pendant- Keyrings & Keychains at SHEIN.,1.8,1.7,USD,TRUE,Multicolor,Pearl Bicolor Flower,US,us.shein.com,9,548,548,,Apparel Accessories,Keyrings & Keychains,SHEIN,TRUE,TRUE,0.9444444444444444,Multicolor
Clarins Super Restorative Night Cream All Skin Types 1.6 OZ,Free Returns ✓ Free Shipping✓. Clarins Super Restorative Night Cream All Skin Types 1.6 OZ- Moisturizers at SHEIN.,170.4,76.33,USD,TRUE,Default,One Size,US,us.shein.com,3,549,549,,Beauty & Health,Moisturizers,Clarins,TRUE,TRUE,0.44794600938967133,Default
Unbeatablesale 14K Gold Sterling Silver Citrine Antiqued Key With Lobster Clasp Charm,"Free Returns ✓ Free Shipping✓. Unbeatablesale 14K Gold Sterling Silver Citrine Antiqued Key With Lobster Clasp Charm- Charms, Pendants & Chain Decorations at SHEIN.",52.84,52.84,USD,TRUE,Gold,one-size,US,us.shein.com,3,550,550,,Home & Living,"Charms, Pendants & Chain Decorations",Unbeatablesale,TRUE,TRUE,1,Gold
"1pc Ultra-Thin Colored Sexy Stockings, Sheer Candy Colors Tights, Anti-Hook, Slimming Bodystocking For Date Nights","Free Returns ✓ Free Shipping✓. 1pc Ultra-Thin Colored Sexy Stockings, Sheer Candy Colors Tights, Anti-Hook, Slimming Bodystocking For Date Nights- Women Tights at SHEIN.",2.3,1.8,USD,TRUE,Pink,L,US,us.shein.com,7,551,551,,Underwear & Sleepwear,Women Tights,SHEIN,TRUE,TRUE,0.7826086956521741,Brown
"20pcs Pet Flower Hair Accessories, Assorted Red Floral, Checkered, Polka Dot Pet Headband, Dog Cat Hair Ties","Free Returns ✓ Free Shipping✓. 20pcs Pet Flower Hair Accessories, Assorted Red Floral, Checkered, Polka Dot Pet Headband, Dog Cat Hair Ties- Pet Hair Accessories at SHEIN.",2.3,2.3,USD,TRUE,Multicolor,one-size,US,us.shein.com,14,552,552,,Pet Supplies,Pet Hair Accessories,SHEIN,TRUE,TRUE,1,Multicolor
"1roll/2rolls - 6 Yards Handmade Chiffon Ribbon, 3.9cm X 6 Yards Ribbon Set For Wedding Invitations, Bridal Bouquets, Gift Wrapping, DIY Crafts","Free Returns ✓ Free Shipping✓. 1roll/2rolls - 6 Yards Handmade Chiffon Ribbon, 3.9cm X 6 Yards Ribbon Set For Wedding Invitations, Bridal Bouquets, Gift Wrapping, DIY Crafts- Ribbons & Bows at SHEIN.",3.3,3.2,USD,TRUE,Terracotta Warriors Set,1set,US,us.shein.com,5,553,553,,Home & Living,Ribbons & Bows,SHEIN,TRUE,TRUE,0.9696969696969698,Grey
"IDsarh For Galaxy S24 Ultra Case, Heavy Duty Protection Shockproof Anti-Scratch Slim Fit Lightweight Protective Sturdy Case Hard Cover With Kickstand For Samsung Galaxy S24 Ultra 6.8"",Light Blue/Pink,Light Blue/Pinka,Black,Orange,Light Blue,Rose,Orange,Grey,Clear ,Navy Blue,Purple,Pink,Black","Free Returns ✓ Free Shipping✓. IDsarh For Galaxy S24 Ultra Case, Heavy Duty Protection Shockproof Anti-Scratch Slim Fit Lightweight Protective Sturdy Case Hard Cover With Kickstand For Samsung Galaxy S24 Ultra 6.8"",Light Blue/Pink,Light Blue/Pinka,Black,Orange,Light Blue,Rose,Orange,Grey,Clear ,Navy Blue,Purple,Pink,Black- Stand Phone Case at SHEIN.",12.7,8.6,USD,TRUE,Black,Galaxy S24 Ultra 5G,US,us.shein.com,17,554,554,,Cell Phones & Accessories,Stand Phone Case,SHEIN,TRUE,TRUE,0.6771653543307087,Green
New Spring Jacquard Embroidery Large Capacity Tote Bag/Shoulder Bag (Random Pattern),Free Returns ✓ Free Shipping✓. New Spring Jacquard Embroidery Large Capacity Tote Bag/Shoulder Bag (Random Pattern)- Women Tote Bags at SHEIN.,9.09,5.45,USD,TRUE,Grey,one-size,US,us.shein.com,4,555,555,,Bags & Luggage,Women Tote Bags,SHEIN,TRUE,TRUE,0.5995599559955995,Grey
2pcs Women's Khaki Wave & Bowknot Decor Beach Sun Hat And Crossbody Woven Bag Set Boho,Free Returns ✓ Free Shipping✓. 2pcs Women's Khaki Wave & Bowknot Decor Beach Sun Hat And Crossbody Woven Bag Set Boho- Women Hat set at SHEIN.,9.5,3.97,USD,TRUE,Khaki,one-size,US,us.shein.com,10,556,556,,Apparel Accessories,Women Hat set,SHEIN,TRUE,TRUE,0.4178947368421053,Brown
"1 Piece Pumpkin Night Light, Decorative Light, Ornament, Portable Night Light, (Random Pattern)","Free Returns ✓ Free Shipping✓. 1 Piece Pumpkin Night Light, Decorative Light, Ornament, Portable Night Light, (Random Pattern)- Other Party Decorations at SHEIN.",3.1,3.1,USD,TRUE,Black,one-size,US,us.shein.com,18,557,557,,Toys & Games,Other Party Decorations,SHEIN,TRUE,TRUE,1,Green
"Idee-Home Outdoor Chair Cushions Set Of 4, 17"" X 16"" Outdoor Cushion Seat Cushion Waterproof Patio Furniture Cushions With Ties, Dining Chair Cushions Chair Pads","Free Returns ✓ Free Shipping✓. Idee-Home Outdoor Chair Cushions Set Of 4, 17"" X 16"" Outdoor Cushion Seat Cushion Waterproof Patio Furniture Cushions With Ties, Dining Chair Cushions Chair Pads- Outdoor Pillows & Cushions at SHEIN.",60.2,43.3,USD,TRUE,Dark Grey,17*16*2 inch,US,us.shein.com,7,558,558,,Home Textile,Outdoor Pillows & Cushions,SHEIN,TRUE,TRUE,0.7192691029900331,Grey
Unbeatablesale Tampa Bay Buccaneers 12x30 Premium Style Pennant,Free Returns ✓ Free Shipping✓. Unbeatablesale Tampa Bay Buccaneers 12x30 Premium Style Pennant- Other Sports Accessories at SHEIN.,18.29,18.29,USD,TRUE,Multicolor,one-size,US,us.shein.com,3,559,559,,Sports & Outdoor,Other Sports Accessories,Unbeatablesale,TRUE,FALSE,1,Multicolor
"10pcs Mixed Monkey Design DIY Jewelry Accessories, Resin Crafts For Phone Cases, Keychains, Cups, Hollow Out Clogs Charms, Fridge Magnets, Scrapbooking","Free Returns ✓ Free Shipping✓. 10pcs Mixed Monkey Design DIY Jewelry Accessories, Resin Crafts For Phone Cases, Keychains, Cups, Hollow Out Clogs Charms, Fridge Magnets, Scrapbooking- Fittings DIY & Tools at SHEIN.",1.8,1.8,USD,TRUE,Multicolor,one-size,US,us.shein.com,9,560,560,,Apparel Accessories,Fittings DIY & Tools,SHEIN,FALSE,TRUE,1,Multicolor
Unbeatablesale Kellogg Plastics 59305 0.75 In. Holiday  Christmas Indoor  Outdoor LED- Multi Color - Frosted Ball,Free Returns ✓ Free Shipping✓. Unbeatablesale Kellogg Plastics 59305 0.75 In. Holiday  Christmas Indoor  Outdoor LED- Multi Color - Frosted Ball- Christmas Party Supplies at SHEIN.,23.82,23.82,USD,TRUE,Multicolor,one-size,US,us.shein.com,3,561,561,,Home & Living,Christmas Party Supplies,Unbeatablesale,TRUE,TRUE,1,Multicolor
"1pc Sofa Cover Only, Price For Cover Only, Excluding Filler, Overseas Slipcover For Slouchy Bean Bag Tatami Single Living Room Furniture Bean Bag, Leisure Beanbag","Free Returns ✓ Free Shipping✓. 1pc Sofa Cover Only, Price For Cover Only, Excluding Filler, Overseas Slipcover For Slouchy Bean Bag Tatami Single Living Room Furniture Bean Bag, Leisure Beanbag- Bean Bag Covers at SHEIN.",13.2,13.2,USD,TRUE,Dark Green,70*80cm,US,us.shein.com,6,562,562,,Home Textile,Bean Bag Covers,SHEIN,TRUE,TRUE,1,Green
"15, Stress Balls: Soft Stress Balls, Small Sensory Balls, Adult Stress Reducers, Classroom Prizes, Candy Bag Fillers, Sensory Toys - Perfect For Halloween, Christmas, Thanksgiving Gifts","Free Returns ✓ Free Shipping✓. 15, Stress Balls: Soft Stress Balls, Small Sensory Balls, Adult Stress Reducers, Classroom Prizes, Candy Bag Fillers, Sensory Toys - Perfect For Halloween, Christmas, Thanksgiving Gifts- Other Kids Early Development & Activity Toys at SHEIN.",6,6,USD,TRUE,Multicolor,one-size,US,us.shein.com,6,563,563,,Toys & Games,Other Kids Early Development & Activity Toys,SHEIN,TRUE,TRUE,1,Multicolor
"1 Set 40*50cm Digital Oil Painting Kit ""Green Mountains And Rivers"", DIY Art Painting Supplies For Bedroom & Wall Decor, Simple And Fun Painting Craft To Fulfill Your Artist Dream, Great Gift For Friends","Free Returns ✓ Free Shipping✓. 1 Set 40*50cm Digital Oil Painting Kit ""Green Mountains And Rivers"", DIY Art Painting Supplies For Bedroom & Wall Decor, Simple And Fun Painting Craft To Fulfill Your Artist Dream, Great Gift For Friends- Paint By Number & Accessories at SHEIN.",6.1,5.9,USD,TRUE,Green,40*50,US,us.shein.com,5,564,564,,Home & Living,Paint By Number & Accessories,SHEIN,TRUE,TRUE,0.9672131147540984,Green
"30PCS Christmas Stickers Labels, Christmas Name Gift Labels Xmas Gift Tag Stickers Paper Label Stickers Christmas Self-Adhesive Stickers For Present Party Bags Cards Envelope","Free Returns ✓ Free Shipping✓. 30PCS Christmas Stickers Labels, Christmas Name Gift Labels Xmas Gift Tag Stickers Paper Label Stickers Christmas Self-Adhesive Stickers For Present Party Bags Cards Envelope- Christmas Party Supplies at SHEIN.",1.5,1.19,USD,TRUE,Multicolor,5 Sheets (30 PCS),US,us.shein.com,10,565,565,,Home & Living,Christmas Party Supplies,SHEIN,TRUE,TRUE,0.7933333333333333,Multicolor
"Unbeatablesale 1.56 In. Subtle Surge Knob, Matte Black","Free Returns ✓ Free Shipping✓. Unbeatablesale 1.56 In. Subtle Surge Knob, Matte Black- Door Handles & Locks at SHEIN.",14.01,14.01,USD,TRUE,Multicolor,one-size,US,us.shein.com,3,566,566,,Tools & Home Improvement,Door Handles & Locks,Unbeatablesale,TRUE,TRUE,1,Multicolor
Unbeatablesale Improved Alloy Repair Mask,Free Returns ✓ Free Shipping✓. Unbeatablesale Improved Alloy Repair Mask- Decorative Painting Tools at SHEIN.,61.65,61.65,USD,TRUE,Multicolor,one-size,US,us.shein.com,3,567,567,,Home & Living,Decorative Painting Tools,Unbeatablesale,TRUE,FALSE,1,Multicolor
"35pcs Gold Color Hair Scrunchies Set, Women Y2K Hippie Boho Hair Clips, Decorative Accessories, Party Gift Hair Braid Rings","Free Returns ✓ Free Shipping✓. 35pcs Gold Color Hair Scrunchies Set, Women Y2K Hippie Boho Hair Clips, Decorative Accessories, Party Gift Hair Braid Rings- Women Braid Rings at SHEIN.",1.7,1.7,USD,TRUE,Gold,one-size,US,us.shein.com,7,568,568,,Jewelry & Watches,Women Braid Rings,SHEIN,TRUE,TRUE,1,Gold
10pcs Scrapbooking Material Paper Vintage Mysterious Darkness Decor Spider Web DIY Scrapbooking Halloween Decor Planner Stationery Paper,Free Returns ✓ Free Shipping✓. 10pcs Scrapbooking Material Paper Vintage Mysterious Darkness Decor Spider Web DIY Scrapbooking Halloween Decor Planner Stationery Paper- Craft Paper at SHEIN.,5.2,5,USD,TRUE,Multicolor,10PCS,US,us.shein.com,23,569,569,,Home & Living,Craft Paper,SHEIN,TRUE,TRUE,0.9615384615384615,Multicolor
"21pcs/Set Mini Blue Electric Grinder With Rechargeable Pen-Type Polishing Carving Tool For Gemstone, Home Use","Free Returns ✓ Free Shipping✓. 21pcs/Set Mini Blue Electric Grinder With Rechargeable Pen-Type Polishing Carving Tool For Gemstone, Home Use- Power Tool Sets at SHEIN.",26.3,26.3,USD,TRUE,Dark Green,USB Model,US,us.shein.com,12,570,570,,Tools & Home Improvement,Power Tool Sets,SHEIN,TRUE,TRUE,1,Green
New Trendy Detachable Hand-Made Shiny Fabric Bow Pearls Shoe Clips Accessories For High Heels & Sandals,Free Returns ✓ Free Shipping✓. New Trendy Detachable Hand-Made Shiny Fabric Bow Pearls Shoe Clips Accessories For High Heels & Sandals- Shoe Decorations at SHEIN.,3.2,3,USD,TRUE,Blue,one-size,US,us.shein.com,5,571,571,,Shoes,Shoe Decorations,SHEIN,TRUE,TRUE,0.9375,Blue
"10pcs Navy Blue Square Beads, Retro Oil Drop Square Beads For DIY Bracelet Jewelry Making Accessories","Free Returns ✓ Free Shipping✓. 10pcs Navy Blue Square Beads, Retro Oil Drop Square Beads For DIY Bracelet Jewelry Making Accessories- Beads at SHEIN.",3.3,3.3,USD,TRUE,Ink-blue Colour,one-size,US,us.shein.com,10,572,572,,Jewelry & Watches,Beads,SHEIN,TRUE,TRUE,1,Teal
"1pc Creative Cute Cat Shape Pencil Case,Cartoon School Supplies,Plush Large Capacity Stationery Storage Bag, High Appearance Value, Niche Stationery Box For Students,Perfect Gift, Back To School School Supplies(Random Style)","Free Returns ✓ Free Shipping✓. 1pc Creative Cute Cat Shape Pencil Case,Cartoon School Supplies,Plush Large Capacity Stationery Storage Bag, High Appearance Value, Niche Stationery Box For Students,Perfect Gift, Back To School School Supplies(Random Style)- Make Up Bags at SHEIN.",3.7,3.5,USD,TRUE,Multicolor,Random Style (1 Piece),US,us.shein.com,15,573,573,,Bags & Luggage,Make Up Bags,SHEIN,TRUE,TRUE,0.9459459459459459,Multicolor
ROMWE Fairycore Personalized Cold-Tone Gold & Green Sun-Shaped Earrings,Free Returns ✓ Free Shipping✓. ROMWE Fairycore Personalized Cold-Tone Gold & Green Sun-Shaped Earrings- Women Dangle Earrings at SHEIN.,1.6,1.6,USD,TRUE,Bright,one-size,US,us.shein.com,4,574,574,,Jewelry & Watches,Women Dangle Earrings,ROMWE,FALSE,TRUE,1,Multicolor
1pc Spiral Open Bangle Bracelet And 1pair Spiral Pendant Earrings Vintage Exaggerated Lady Set,Free Returns ✓ Free Shipping✓. 1pc Spiral Open Bangle Bracelet And 1pair Spiral Pendant Earrings Vintage Exaggerated Lady Set- Women Jewelry Sets at SHEIN.,3,3,USD,TRUE,Yellow Gold,one-size,US,us.shein.com,6,575,575,,Jewelry & Watches,Women Jewelry Sets,SHEIN,FALSE,FALSE,1,Gold
New Portable Flamingo Pattern Makeup Bag Jewelry Toiletry Holder Case Women's Cosmetics Pouch Water-Proof Travel Organizer Bag,Free Returns ✓ Free Shipping✓. New Portable Flamingo Pattern Makeup Bag Jewelry Toiletry Holder Case Women's Cosmetics Pouch Water-Proof Travel Organizer Bag- Make Up Bags at SHEIN.,2.6,2.5,USD,TRUE,Baby Blue,one-size,US,us.shein.com,4,576,576,,Bags & Luggage,Make Up Bags,SHEIN,TRUE,TRUE,0.9615384615384615,Blue
"1 Set Mini Portable Watercolor Palette With Grid Paint Box Set, Watercolor Paper Pad Watercolor Sketch Book Watercolor Brush Pens With Binder Clips For Painters Artists Students (15 Grids)","Free Returns ✓ Free Shipping✓. 1 Set Mini Portable Watercolor Palette With Grid Paint Box Set, Watercolor Paper Pad Watercolor Sketch Book Watercolor Brush Pens With Binder Clips For Painters Artists Students (15 Grids)- Art Sets at SHEIN.",11.1,10.26,USD,TRUE,Multicolor,Watercolor Painting Palette Set,US,us.shein.com,18,577,577,,Office & School Supplies,Art Sets,SHEIN,TRUE,TRUE,0.9243243243243243,Multicolor
"1 Set Of Butterfly Pattern Diamond Painting Tool Storage Box, 60 Bottles For Bead Storage, With 5D Diamond Art Accessories And Tools Set","Free Returns ✓ Free Shipping✓. 1 Set Of Butterfly Pattern Diamond Painting Tool Storage Box, 60 Bottles For Bead Storage, With 5D Diamond Art Accessories And Tools Set- Craft & Sewing Supplies Storage at SHEIN.",32.2,23.3,USD,TRUE,Multicolor,one-size,US,us.shein.com,15,578,578,,Home & Living,Craft & Sewing Supplies Storage,SHEIN,TRUE,TRUE,0.7236024844720497,Multicolor
15 Old Black And Black Eye Brushes + 24 Beauty Eggs Puffs Hair Bands Wristbands Complete Set Of Beauty Tools For Face And Eyes,Free Returns ✓ Free Shipping✓. 15 Old Black And Black Eye Brushes + 24 Beauty Eggs Puffs Hair Bands Wristbands Complete Set Of Beauty Tools For Face And Eyes- Brushes Sets at SHEIN.,7.5,6.25,USD,TRUE,Multicolor,15 Makeup Brushes + 24-piece Set,US,us.shein.com,21,579,579,,Beauty & Health,Brushes Sets,SHEIN,FALSE,TRUE,0.8333333333333334,Multicolor
10 PCS Random Color Silky Satin Hair Bows Hair Clip Beige Black Hair Ribbon Ponytail Holder Accessories Slides Metal Clips Hair Bow For Women Halloween,Free Returns ✓ Free Shipping✓. 10 PCS Random Color Silky Satin Hair Bows Hair Clip Beige Black Hair Ribbon Ponytail Holder Accessories Slides Metal Clips Hair Bow For Women Halloween- Hair Clips at SHEIN.,5.9,5.6,USD,TRUE,Multicolor,one-size,US,us.shein.com,6,580,580,,Apparel Accessories,Hair Clips,SHEIN,TRUE,TRUE,0.9491525423728813,Multicolor
Unbeatablesale JJAAMM 250838 Wrap-It Black Self-Gripping Storage Cable Ties - Pack Of 20,Free Returns ✓ Free Shipping✓. Unbeatablesale JJAAMM 250838 Wrap-It Black Self-Gripping Storage Cable Ties - Pack Of 20- Anchors at SHEIN.,32.14,32.14,USD,TRUE,Multicolor,one-size,US,us.shein.com,3,581,581,,Tools & Home Improvement,Anchors,Unbeatablesale,TRUE,FALSE,1,Multicolor
"Switch Carrying Case, Hard Shell Travel Carrying Box Case For Switch With 10 Game Cards Holders, Portable Pouch For Switch Console & Accessories -Black","Free Returns ✓ Free Shipping✓. Switch Carrying Case, Hard Shell Travel Carrying Box Case For Switch With 10 Game Cards Holders, Portable Pouch For Switch Console & Accessories -Black- Nintendo Switch Consoles, Games & Accessories at SHEIN.",7.1,7.1,USD,TRUE,Black,one-size,US,us.shein.com,13,582,582,,Toys & Games,"Nintendo Switch Consoles, Games & Accessories",SHEIN,TRUE,TRUE,1,Green
KAPVOE Polarized Cycling Glasses With 4 Interchangeable Lenses TR90 Sports Sunglasses Women Men Running,Free Returns ✓ Free Shipping✓. KAPVOE Polarized Cycling Glasses With 4 Interchangeable Lenses TR90 Sports Sunglasses Women Men Running- Cycling Glasses at SHEIN.,40.8,22.96,USD,TRUE,06 Black Blue Frame / 4 Blue Lens,Normal,US,us.shein.com,7,583,583,,Sports & Outdoor,Cycling Glasses,SHEIN,TRUE,TRUE,0.5627450980392157,Blue
"20pcs Mixed Star Shaped Hair Clips, New Design Hair Accessories For Girls, Bangs Clip, All Season","Free Returns ✓ Free Shipping✓. 20pcs Mixed Star Shaped Hair Clips, New Design Hair Accessories For Girls, Bangs Clip, All Season- Hair Clips at SHEIN.",2.7,2.21,USD,TRUE,Multicolor,Heart and Star Mixed Bright Colors 20 Pcs,US,us.shein.com,7,584,584,,Apparel Accessories,Hair Clips,SHEIN,TRUE,TRUE,0.8185185185185184,Multicolor
"New Floral Rabbit Waterproof Apron, Oil&Water Resistant, High-Quality Apron For Home Kitchen Use","Free Returns ✓ Free Shipping✓. New Floral Rabbit Waterproof Apron, Oil&Water Resistant, High-Quality Apron For Home Kitchen Use- Chef Apron & Chef Hat at SHEIN.",2.8,2.16,USD,TRUE,Multicolor,1pc Blue Flower Rabbit,US,us.shein.com,12,585,585,,Home & Living,Chef Apron & Chef Hat,SHEIN,TRUE,TRUE,0.7714285714285716,Multicolor
Unbeatablesale Jasco Products 218434 26741 18 In. Wht Led Fixture,Free Returns ✓ Free Shipping✓. Unbeatablesale Jasco Products 218434 26741 18 In. Wht Led Fixture- Lighting Fixture Chains at SHEIN.,63.85,63.85,USD,TRUE,Multicolor,one-size,US,us.shein.com,3,586,586,,Tools & Home Improvement,Lighting Fixture Chains,Unbeatablesale,TRUE,TRUE,1,Multicolor
"1 Set  Style Elegant Gold-Tone Retro Metal Jewelry Accessories Including Necklace, Bracelet, Ring And Earrings, Suitable As Gift For Women On Casual, Party, Christmas And Other Occasions","Free Returns ✓ Free Shipping✓. 1 Set  Style Elegant Gold-Tone Retro Metal Jewelry Accessories Including Necklace, Bracelet, Ring And Earrings, Suitable As Gift For Women On Casual, Party, Christmas And Other Occasions- Women Jewelry Sets at SHEIN.",9.4,8.28,USD,TRUE,Gold,one-size,US,us.shein.com,5,587,587,,Jewelry & Watches,Women Jewelry Sets,SHEIN,TRUE,TRUE,0.8808510638297872,Gold
Unbeatablesale Keeney SD102IPS General Purpose Drain For 2 In. Iron Pipe,Free Returns ✓ Free Shipping✓. Unbeatablesale Keeney SD102IPS General Purpose Drain For 2 In. Iron Pipe- Showerheads & Accessories at SHEIN.,12.3,12.3,USD,TRUE,Multicolor,one-size,US,us.shein.com,3,588,588,,Tools & Home Improvement,Showerheads & Accessories,Unbeatablesale,TRUE,TRUE,1,Multicolor
Unbeatablesale Jgoodin P11456A-V00-U Womens Elaina Rose Gold Stainless Steel U Initial Necklace,Free Returns ✓ Free Shipping✓. Unbeatablesale Jgoodin P11456A-V00-U Womens Elaina Rose Gold Stainless Steel U Initial Necklace- Women Pendant Necklaces at SHEIN.,15.04,15.04,USD,TRUE,Gold,one-size,US,us.shein.com,3,589,589,,Jewelry & Watches,Women Pendant Necklaces,Unbeatablesale,TRUE,FALSE,1,Gold
Unbeatablesale PCI Brand New Compatible Dell 1230C Bundle B M C Y Toner Ctg 4 Pack For Dell 1230 1230C 1235 1235CN,Free Returns ✓ Free Shipping✓. Unbeatablesale PCI Brand New Compatible Dell 1230C Bundle B M C Y Toner Ctg 4 Pack For Dell 1230 1230C 1235 1235CN- Toner Cartridge at SHEIN.,80.36,80.36,USD,TRUE,Multicolor,one-size,US,us.shein.com,3,590,590,,Office & School Supplies,Toner Cartridge,Unbeatablesale,TRUE,TRUE,1,Multicolor
"Sunflower Wreath Seasonal Decor, Door Wall Hanging Wreath, For Indoor Outdoor Home Office Wall, Wedding Festival Thanksgiving Day Decoration","Free Returns ✓ Free Shipping✓. Sunflower Wreath Seasonal Decor, Door Wall Hanging Wreath, For Indoor Outdoor Home Office Wall, Wedding Festival Thanksgiving Day Decoration- Seasonal Wreaths & Garlands at SHEIN.",29.8,25.34,USD,TRUE,Yellow,one-size,US,us.shein.com,9,591,591,,Home & Living,Seasonal Wreaths & Garlands,SHEIN,FALSE,TRUE,0.8503355704697986,Yellow
"1 Roll Of Retro Thickened Orange Fruit Flower Wallpaper With A Fresh Style Suitable For Home Decoration, Dining Rooms, Kitchens, Cabinets, Tables And Chairs, Room Backgrounds, Home Renovation, DIY, Waterproof, Stain Resistant, Easy To Clean, Self-Adhesive, Peel And Paste Wallpaper, Wall Stickers, Wall Stickers","Free Returns ✓ Free Shipping✓. 1 Roll Of Retro Thickened Orange Fruit Flower Wallpaper With A Fresh Style Suitable For Home Decoration, Dining Rooms, Kitchens, Cabinets, Tables And Chairs, Room Backgrounds, Home Renovation, DIY, Waterproof, Stain Resistant, Easy To Clean, Self-Adhesive, Peel And Paste Wallpaper, Wall Stickers, Wall Stickers- Wall Paper at SHEIN.",3.1,2.39,USD,TRUE,Multicolor,45CM*100CM,US,us.shein.com,23,592,592,,Home & Living,Wall Paper,SHEIN,TRUE,TRUE,0.7709677419354839,Multicolor
"New Season Fashionable Casual Large Capacity Leopard Print Shoulder Tote Bag, Adjustable Strap For Women's Daily & Commute, Trendy Leopard Print Bag","Free Returns ✓ Free Shipping✓. New Season Fashionable Casual Large Capacity Leopard Print Shoulder Tote Bag, Adjustable Strap For Women's Daily & Commute, Trendy Leopard Print Bag- Women Crossbody at SHEIN.",6.9,5.18,USD,TRUE,Multicolor,one-size,US,us.shein.com,18,593,593,,Bags & Luggage,Women Crossbody,SHEIN,TRUE,TRUE,0.7507246376811594,Multicolor
"1 Pitcher & 4 Cups Heatproof Glass Water Carafe Set, High Borosilicate Glass Large Capacity Modern Simple Water Pitcher Juice Jug Tea Pot Tumbler Set","Free Returns ✓ Free Shipping✓. 1 Pitcher & 4 Cups Heatproof Glass Water Carafe Set, High Borosilicate Glass Large Capacity Modern Simple Water Pitcher Juice Jug Tea Pot Tumbler Set- Water Pots & Kettles at SHEIN.",48.4,46.7,USD,TRUE,Clear,1800ml,US,us.shein.com,17,594,594,,Home & Living,Water Pots & Kettles,SHEIN,TRUE,TRUE,0.9648760330578513,White
"20pcs Luminous Miniature Planter Accessories,Animals,Figurines,Miniature Landscape Decorations DIY Kits, Resin Decorative Outdoor Patio Lawn Yard","Free Returns ✓ Free Shipping✓. 20pcs Luminous Miniature Planter Accessories,Animals,Figurines,Miniature Landscape Decorations DIY Kits, Resin Decorative Outdoor Patio Lawn Yard- Garden Statues & Sculptures at SHEIN.",3.3,3.2,USD,TRUE,Multicolor,20pc,US,us.shein.com,14,595,595,,Home & Living,Garden Statues & Sculptures,SHEIN,TRUE,TRUE,0.9696969696969698,Multicolor
"300+ Pieces Of European Vintage Design Materials Pasted Sticker Set , Oil Painting Landscape Material Paper, Elegant Lady Portrait Stickers, Theme Ledger, Decorative Tape, Vintage Furniture Stickers, Vintage Art Fonts, Decorative Ledgers, Notebooks, Cups, Acrylic Panels, Etc","Free Returns ✓ Free Shipping✓. 300+ Pieces Of European Vintage Design Materials Pasted Sticker Set , Oil Painting Landscape Material Paper, Elegant Lady Portrait Stickers, Theme Ledger, Decorative Tape, Vintage Furniture Stickers, Vintage Art Fonts, Decorative Ledgers, Notebooks, Cups, Acrylic Panels, Etc- Kids Scrapbooking at SHEIN.",6,5.88,USD,TRUE,Multicolor,SJ002-classic Lady,US,us.shein.com,11,596,596,,Toys & Games,Kids Scrapbooking,SHEIN,TRUE,TRUE,0.98,Multicolor
"32pcs Christmas Vase Filler Decorations For Christmas, Thanksgiving, Tabletop Center Pieces, Birthday Party, New Year Celebration, Floating Candle Decor, Outdoor Garden Yard Decor, Holiday Accessories","Free Returns ✓ Free Shipping✓. 32pcs Christmas Vase Filler Decorations For Christmas, Thanksgiving, Tabletop Center Pieces, Birthday Party, New Year Celebration, Floating Candle Decor, Outdoor Garden Yard Decor, Holiday Accessories- Festival Decor at SHEIN.",1.9,1.8,USD,TRUE,Multicolor,32pcs,US,us.shein.com,19,597,597,,Home & Living,Festival Decor,SHEIN,TRUE,TRUE,0.9473684210526316,Multicolor
"Sweet Style Women's Bubble Pleated Shoulder Bag, Versatile Solid Color Underarm Bag For Daily Use, Small Mobile Coin Purse Evening Handbag, Outdoor Travel Vacation Shopping Bags, Casual Commuting Satchel For Students And White-Collar Workers","Free Returns ✓ Free Shipping✓. Sweet Style Women's Bubble Pleated Shoulder Bag, Versatile Solid Color Underarm Bag For Daily Use, Small Mobile Coin Purse Evening Handbag, Outdoor Travel Vacation Shopping Bags, Casual Commuting Satchel For Students And White-Collar Workers- Women Shoulder Bags at SHEIN.",7.2,6.8,USD,TRUE,Pink,one-size,US,us.shein.com,5,598,598,,Bags & Luggage,Women Shoulder Bags,SHEIN,FALSE,TRUE,0.9444444444444444,Brown
"20pcs Reusable Tile Leveling System Kit - Spacers And Adjustable Pliers For 8-12mm Tiles, Suitable For Wall And Floor, Yellow","Free Returns ✓ Free Shipping✓. 20pcs Reusable Tile Leveling System Kit - Spacers And Adjustable Pliers For 8-12mm Tiles, Suitable For Wall And Floor, Yellow- Tool Parts at SHEIN.",5.5,5.5,USD,TRUE,Multicolor,20pcs,US,us.shein.com,11,599,599,,Tools & Home Improvement,Tool Parts,SHEIN,TRUE,TRUE,1,Multicolor
"Idee-Home Outdoor Chair Cushions Set Of 4, 17"" X 16"" Outdoor Cushion Seat Cushion Waterproof Patio Furniture Cushions With Ties, Dining Chair Cushions Chair Pads","Free Returns ✓ Free Shipping✓. Idee-Home Outdoor Chair Cushions Set Of 4, 17"" X 16"" Outdoor Cushion Seat Cushion Waterproof Patio Furniture Cushions With Ties, Dining Chair Cushions Chair Pads- Outdoor Pillows & Cushions at SHEIN.",60.2,43.3,USD,TRUE,Grey,17*16*2 inch,US,us.shein.com,7,600,600,,Home Textile,Outdoor Pillows & Cushions,SHEIN,TRUE,TRUE,0.7192691029900331,Grey
"Unbeatablesale TCpop60x120-HotPinkP38 Polyester Poplin Rectangular Tablecloth, Hot Pink - 60 X 120 In.","Free Returns ✓ Free Shipping✓. Unbeatablesale TCpop60x120-HotPinkP38 Polyester Poplin Rectangular Tablecloth, Hot Pink - 60 X 120 In.- Other Party Accessories at SHEIN.",28.7,28.7,USD,TRUE,Hot Pink,one-size,US,us.shein.com,3,601,601,,Home & Living,Other Party Accessories,Unbeatablesale,TRUE,TRUE,1,Pink
"2pcs Women's Khaki Wavy Bow Beach Sun Hat And Straw Handbag 2-Piece Set, Suitable For Travel","Free Returns ✓ Free Shipping✓. 2pcs Women's Khaki Wavy Bow Beach Sun Hat And Straw Handbag 2-Piece Set, Suitable For Travel- Women Hat set at SHEIN.",11.8,8.25,USD,TRUE,Khaki,one-size,US,us.shein.com,10,602,602,,Apparel Accessories,Women Hat set,SHEIN,TRUE,TRUE,0.6991525423728813,Brown
"1pc Unfilled Slipcover For Bean Bag Slouchy Sofa, Cross-Border Exports Only For Slipcover, No Filling Included, Single Seat Living Room Furniture Bean Bag","Free Returns ✓ Free Shipping✓. 1pc Unfilled Slipcover For Bean Bag Slouchy Sofa, Cross-Border Exports Only For Slipcover, No Filling Included, Single Seat Living Room Furniture Bean Bag- Bean Bag Covers at SHEIN.",13.4,13.4,USD,TRUE,Light Grey,70*80cm,US,us.shein.com,6,603,603,,Home Textile,Bean Bag Covers,SHEIN,TRUE,TRUE,1,Grey
Unbeatablesale Tape Logic DL1132 2 X 3 In. - Quality Hold Fluorescent Green Labels - Roll Of 500,Free Returns ✓ Free Shipping✓. Unbeatablesale Tape Logic DL1132 2 X 3 In. - Quality Hold Fluorescent Green Labels - Roll Of 500- Garment Labels at SHEIN.,26.37,26.37,USD,TRUE,Green,one-size,US,us.shein.com,3,604,604,,Home & Living,Garment Labels,Unbeatablesale,TRUE,TRUE,1,Green
"34pcs/Set Multi-Color Faceted Glass Beaded Bracelets, Trendy Versatile Jewelry Set For Women","Free Returns ✓ Free Shipping✓. 34pcs/Set Multi-Color Faceted Glass Beaded Bracelets, Trendy Versatile Jewelry Set For Women- Women Bracelet Sets at SHEIN.",11,10.72,USD,TRUE,Multicolor,one-size,US,us.shein.com,11,605,605,,Jewelry & Watches,Women Bracelet Sets,SHEIN,TRUE,TRUE,0.9745454545454546,Multicolor
"Jepeak Jepeak Decorative Throw Pillow Covers Cases Pack Of 2 Chenille Cozy Modern Concise Square Cushion Covers For Sofa Couch Bedroom Home Decor, 20x20 Inch","Free Returns ✓ Free Shipping✓. Jepeak Jepeak Decorative Throw Pillow Covers Cases Pack Of 2 Chenille Cozy Modern Concise Square Cushion Covers For Sofa Couch Bedroom Home Decor, 20x20 Inch- Cushion Cover at SHEIN.",22.6,16.3,USD,TRUE,Beige,50*50,US,us.shein.com,17,606,606,,Home Textile,Cushion Cover,Jepeak,TRUE,TRUE,0.7212389380530974,White
"10pcs Reusable Zipper Pill Bags, Pill Storage Organizer And Travel Accessories For Fall Home Decor","Free Returns ✓ Free Shipping✓. 10pcs Reusable Zipper Pill Bags, Pill Storage Organizer And Travel Accessories For Fall Home Decor- Luggage & Travel Bags at SHEIN.",3.1,2.9,USD,TRUE,Clear,10PCS,US,us.shein.com,17,607,607,,Home & Living,Luggage & Travel Bags,SHEIN,TRUE,TRUE,0.9354838709677419,White
360 Degree Adjustable Car Air Vent Phone Holder,Free Returns ✓ Free Shipping✓. 360 Degree Adjustable Car Air Vent Phone Holder- Automobile Phone Cradles at SHEIN.,5.1,5.1,USD,TRUE,Black,one-size,US,us.shein.com,5,608,608,,Cell Phones & Accessories,Automobile Phone Cradles,SHEIN,TRUE,TRUE,1,Green
"1 Set Woodworking Measuring Gauge Set, Profile Scribing Ruler Contour With Lock, Adjustable Irregularity Radian Precise Measurement Tool","Free Returns ✓ Free Shipping✓. 1 Set Woodworking Measuring Gauge Set, Profile Scribing Ruler Contour With Lock, Adjustable Irregularity Radian Precise Measurement Tool- Protractors at SHEIN.",3.8,3.8,USD,TRUE,Orange Color,Quantity,US,us.shein.com,9,609,609,,Tools & Home Improvement,Protractors,SHEIN,TRUE,TRUE,1,Orange
"Sweet Style Women's Bubble Pleated Shoulder Bag, Versatile Solid Color Underarm Bag For Daily Use, Small Mobile Coin Purse Evening Handbag, Outdoor Travel Vacation Shopping Bags, Casual Commuting Satchel For Students And White-Collar Workers","Free Returns ✓ Free Shipping✓. Sweet Style Women's Bubble Pleated Shoulder Bag, Versatile Solid Color Underarm Bag For Daily Use, Small Mobile Coin Purse Evening Handbag, Outdoor Travel Vacation Shopping Bags, Casual Commuting Satchel For Students And White-Collar Workers- Women Shoulder Bags at SHEIN.",7.4,5.55,USD,TRUE,Black,one-size,US,us.shein.com,6,610,610,,Bags & Luggage,Women Shoulder Bags,SHEIN,TRUE,TRUE,0.75,Green
"Unbeatablesale Jacks 172-BU Lead Shank With 20 In. Brass Plated Chain, Burgundy","Free Returns ✓ Free Shipping✓. Unbeatablesale Jacks 172-BU Lead Shank With 20 In. Brass Plated Chain, Burgundy- Standard Leashes at SHEIN.",21.79,21.79,USD,TRUE,Multicolor,one-size,US,us.shein.com,3,611,611,,Pet Supplies,Standard Leashes,Unbeatablesale,TRUE,TRUE,1,Multicolor
New Fashionable Unique Design Summer Crocodile Print Envelope Handbag For Women,Free Returns ✓ Free Shipping✓. New Fashionable Unique Design Summer Crocodile Print Envelope Handbag For Women- Women Clutches at SHEIN.,5,4.7,USD,FALSE,Black,one-size,US,us.shein.com,10,612,612,,Bags & Luggage,Women Clutches,SHEIN,TRUE,TRUE,0.9400000000000001,Green
"TV Stands For Living Room, Industrial TV Stand For Bedroom Furniture, Farmhouse TV Stand 80 Inch Television Stand , Modern Horizontal Wood And Metal Open Bookshelf","Free Returns ✓ Free Shipping✓. TV Stands For Living Room, Industrial TV Stand For Bedroom Furniture, Farmhouse TV Stand 80 Inch Television Stand , Modern Horizontal Wood And Metal Open Bookshelf- Television Stands & Entertainment Centers at SHEIN.",349.9,248.4,USD,TRUE,Walnut,70.87*15.75*33.46in,US,us.shein.com,9,613,613,,Tools & Home Improvement,Television Stands & Entertainment Centers,SHEIN,TRUE,TRUE,0.7099171191769078,Brown
2024 Powerful 800W LED Flashlight With Power Display Supports Type-C USB Charging Spotlight 5 Modes Adjustment Retractable Zoom Waterproof Lantern Outdoor Adventure Hiking Emergency Lighting,Free Returns ✓ Free Shipping✓. 2024 Powerful 800W LED Flashlight With Power Display Supports Type-C USB Charging Spotlight 5 Modes Adjustment Retractable Zoom Waterproof Lantern Outdoor Adventure Hiking Emergency Lighting- Flashlights & Torches at SHEIN.,27.2,27.2,USD,TRUE,Black,Flashlight-built-in Battery + Data Cable,US,us.shein.com,23,614,614,,Tools & Home Improvement,Flashlights & Torches,SHEIN,TRUE,TRUE,1,Green
32 Inch Gradient Brown High Temperature Resistant Large Grip Water Ripple Ponytail Ladies Daily Natural Wig Ponytail,Free Returns ✓ Free Shipping✓. 32 Inch Gradient Brown High Temperature Resistant Large Grip Water Ripple Ponytail Ladies Daily Natural Wig Ponytail- Synthetic Extensions at SHEIN.,6.3,5.42,USD,TRUE,Brown Ombre,32 inch,US,us.shein.com,14,615,615,,Beauty & Health,Synthetic Extensions,SHEIN,FALSE,TRUE,0.8603174603174604,Brown
"Unbeatablesale TCpop51R-GrayLgtP41 Polyester Poplin Tablecloth, Light Gray - 51 In. Round","Free Returns ✓ Free Shipping✓. Unbeatablesale TCpop51R-GrayLgtP41 Polyester Poplin Tablecloth, Light Gray - 51 In. Round- Other Party Accessories at SHEIN.",25.49,25.49,USD,TRUE,Multicolor,one-size,US,us.shein.com,3,616,616,,Home & Living,Other Party Accessories,Unbeatablesale,TRUE,FALSE,1,Multicolor
"1 Yard Floral Pattern Lace Ribbon Trim For Sewing, Gift Package Wrapping,DIY Crafts And Bridal Wedding Decorations","Free Returns ✓ Free Shipping✓. 1 Yard Floral Pattern Lace Ribbon Trim For Sewing, Gift Package Wrapping,DIY Crafts And Bridal Wedding Decorations- Garment Decoration Excipients at SHEIN.",1.4,1.4,USD,TRUE,Multicolor,1y,US,us.shein.com,7,617,617,,Home & Living,Garment Decoration Excipients,SHEIN,TRUE,TRUE,1,Multicolor
"Summer New Fashion Retro Business Casual Transforming Crescent Moon Women Handbag Chain Mini Messenger Bag Vintage Trendy Simple Shoulder Crossbody Bag, Lightweight Compact Dopamine Style Solid Color Faux Leather Metal Letter Decor Fall Winter Essential Dumpling Lady Bag","Free Returns ✓ Free Shipping✓. Summer New Fashion Retro Business Casual Transforming Crescent Moon Women Handbag Chain Mini Messenger Bag Vintage Trendy Simple Shoulder Crossbody Bag, Lightweight Compact Dopamine Style Solid Color Faux Leather Metal Letter Decor Fall Winter Essential Dumpling Lady Bag- Women Top Handle Bags at SHEIN.",11.2,10.5,USD,TRUE,White,one-size,US,us.shein.com,16,618,618,,Bags & Luggage,Women Top Handle Bags,SHEIN,TRUE,TRUE,0.9375000000000001,White
"Summer Fashionable Vintage Style Business Casual Moon Shaped Women's Bag, Simple Retro Chain Shoulder & Crossbody Bag","Free Returns ✓ Free Shipping✓. Summer Fashionable Vintage Style Business Casual Moon Shaped Women's Bag, Simple Retro Chain Shoulder & Crossbody Bag- Women Top Handle Bags at SHEIN.",11,10.3,USD,TRUE,Black,one-size,US,us.shein.com,11,619,619,,Bags & Luggage,Women Top Handle Bags,SHEIN,TRUE,TRUE,0.9363636363636364,Green
"1pc Portable Uv Protection Mini Umbrella For Sunny & Rainy Days, 6-Rib Reinforced Pocket Sun Umbrella With Uv Coating, Beige & Purple","Free Returns ✓ Free Shipping✓. 1pc Portable Uv Protection Mini Umbrella For Sunny & Rainy Days, 6-Rib Reinforced Pocket Sun Umbrella With Uv Coating, Beige & Purple- Umbrellas and Rain Hat Umbrellas at SHEIN.",7.7,7.5,USD,TRUE,Purple,one-size,US,us.shein.com,15,620,620,,Home & Living,Umbrellas and Rain Hat Umbrellas,SHEIN,TRUE,TRUE,0.974025974025974,Purple
Sunflower Pattern Linen Cosmetic Pouch For Fall Home Decor,Free Returns ✓ Free Shipping✓. Sunflower Pattern Linen Cosmetic Pouch For Fall Home Decor- Makeup Bags at SHEIN.,2.5,2.4,USD,TRUE,Beige,one-size,US,us.shein.com,3,621,621,,Home & Living,Makeup Bags,SHEIN,TRUE,TRUE,0.96,White
"1pc Spiral Openwork Bracelet And 1 Pair Spiral Pendant Earrings, Vintage Exaggerated Jewelry Set For Women","Free Returns ✓ Free Shipping✓. 1pc Spiral Openwork Bracelet And 1 Pair Spiral Pendant Earrings, Vintage Exaggerated Jewelry Set For Women- Women Jewelry Sets at SHEIN.",2.4,2.4,USD,TRUE,Yellow Gold,one-size,US,us.shein.com,6,622,622,,Jewelry & Watches,Women Jewelry Sets,SHEIN,TRUE,TRUE,1,Gold
"14pcs Silicone Anti-Slip Eyeglasses Temple Tip Holder Extenders, Suitable For Adult And Children Eyeglasses & Sunglasses","Free Returns ✓ Free Shipping✓. 14pcs Silicone Anti-Slip Eyeglasses Temple Tip Holder Extenders, Suitable For Adult And Children Eyeglasses & Sunglasses- Eyeglass Care at SHEIN.",2.5,1.5,USD,TRUE,Multicolor,A,US,us.shein.com,8,623,623,,Home & Living,Eyeglass Care,SHEIN,TRUE,TRUE,0.6,Multicolor
"35.5cm*15cm*16cm Handheld Iron Alloy Storage Box, 48pcs Model Cars Set, Halloween & Christmas Gift","Free Returns ✓ Free Shipping✓. 35.5cm*15cm*16cm Handheld Iron Alloy Storage Box, 48pcs Model Cars Set, Halloween & Christmas Gift- Kids Vehicle Playsets at SHEIN.",30.6,30.6,USD,TRUE,Multicolor,Tin Container Gift Box,US,us.shein.com,13,624,624,,Toys & Games,Kids Vehicle Playsets,SHEIN,TRUE,TRUE,1,Multicolor
"1 Rolls Nude Elastic Self Adhesive Bandage Wrap, Comfort Sports  Bandage, Breathable Flexible Non Woven Cohesive Bandage, For Shock-Absorption, Injury Protection Wrist Elbow Knee Ankle Wrap, Versatile Use","Free Returns ✓ Free Shipping✓. 1 Rolls Nude Elastic Self Adhesive Bandage Wrap, Comfort Sports  Bandage, Breathable Flexible Non Woven Cohesive Bandage, For Shock-Absorption, Injury Protection Wrist Elbow Knee Ankle Wrap, Versatile Use- Hand & Elbow & Arm Protectors at SHEIN.",3.2,1.6,USD,TRUE,Multicolor,Skin Color 1Roll,US,us.shein.com,12,625,625,,Home & Living,Hand & Elbow & Arm Protectors,SHEIN,TRUE,TRUE,0.5,Multicolor
21-In-1 Assorted Rose Flower Silicone Mold Set For DIY Craft,Free Returns ✓ Free Shipping✓. 21-In-1 Assorted Rose Flower Silicone Mold Set For DIY Craft- Candle Molds at SHEIN.,3.5,3.3,USD,TRUE,Pink,one-size,US,us.shein.com,13,626,626,,Home & Living,Candle Molds,SHEIN,TRUE,TRUE,0.9428571428571428,Brown
Flower Pattern Linen Cosmetic Bag,Free Returns ✓ Free Shipping✓. Flower Pattern Linen Cosmetic Bag- Makeup Bags at SHEIN.,2.8,2.7,USD,TRUE,White,one-size,US,us.shein.com,3,627,627,,Home & Living,Makeup Bags,SHEIN,TRUE,TRUE,0.9642857142857144,White
"1 Roll 1.18in X 32.8ft Aluminum Foil Tape , Oil-Proof Tape For Kitchen Stoves,Caulk Strip,High Temperature Resistant Aluminum Foil Tape,Self Adhesive Waterproof Repair Duct Tape For Bathtub Bathroom Shower Toilet Kitchen Sink Basin Edge And Wall Sealing, Kitchen Bathroom Accessory","Free Returns ✓ Free Shipping✓. 1 Roll 1.18in X 32.8ft Aluminum Foil Tape , Oil-Proof Tape For Kitchen Stoves,Caulk Strip,High Temperature Resistant Aluminum Foil Tape,Self Adhesive Waterproof Repair Duct Tape For Bathtub Bathroom Shower Toilet Kitchen Sink Basin Edge And Wall Sealing, Kitchen Bathroom Accessory- Kitchen Sewing Tools and Accessories at SHEIN.",2.2,1.87,USD,FALSE,Multicolor,3cm*10m,US,us.shein.com,6,628,628,,Home & Living,Kitchen Sewing Tools and Accessories,SHEIN,TRUE,TRUE,0.85,Multicolor
"Unbeatablesale Hydrangea 60 X 24 In. Tier, Ecru","Free Returns ✓ Free Shipping✓. Unbeatablesale Hydrangea 60 X 24 In. Tier, Ecru- Window Valance at SHEIN.",32.42,32.42,USD,TRUE,Multicolor,One-size,US,us.shein.com,3,629,629,,Home Textile,Window Valance,Unbeatablesale,TRUE,TRUE,1,Multicolor
Unbeatablesale Jgoodin N01314RV-V00 Womens Luck Rhodium Stainless Steel Bar Script Necklace,Free Returns ✓ Free Shipping✓. Unbeatablesale Jgoodin N01314RV-V00 Womens Luck Rhodium Stainless Steel Bar Script Necklace- Women Layered Necklaces at SHEIN.,15.16,15.16,USD,TRUE,Multicolor,one-size,US,us.shein.com,3,630,630,,Jewelry & Watches,Women Layered Necklaces,Unbeatablesale,TRUE,TRUE,1,Multicolor
Unbeatablesale Jacks 1633-NV-74 74 In. Closed Front Nylon Stable Sheet - Navy,Free Returns ✓ Free Shipping✓. Unbeatablesale Jacks 1633-NV-74 74 In. Closed Front Nylon Stable Sheet - Navy- Horse Grooming & Bathing Supplies at SHEIN.,60.84,60.84,USD,TRUE,Multicolor,one-size,US,us.shein.com,3,631,631,,Pet Supplies,Horse Grooming & Bathing Supplies,Unbeatablesale,TRUE,TRUE,1,Multicolor
30cm/11.81in Adorable Kangaroo Plush Toy Kangaroo Mother And Child Plushies Soft Perfect Kangaroo Stuffed Animals Dolls Ornament Creative Birthday Gift For Kids Home Girl Room Decor Christmas Thanksgiving,Free Returns ✓ Free Shipping✓. 30cm/11.81in Adorable Kangaroo Plush Toy Kangaroo Mother And Child Plushies Soft Perfect Kangaroo Stuffed Animals Dolls Ornament Creative Birthday Gift For Kids Home Girl Room Decor Christmas Thanksgiving- Kids Plush Animals at SHEIN.,10,9.55,USD,TRUE,Light Brown,Kangaroos and Their Babies,US,us.shein.com,21,632,632,,Toys & Games,Kids Plush Animals,SHEIN,TRUE,TRUE,0.9550000000000001,Brown
Synthetic Fibre Heat Resistant Wig With Bangs 26 Inch Dark Brown Big Wavy Curly Hair Fully Machine Made For Daily Party Use High Quality For Ladies Natural Looking High Quality Synthetic Soft Wig,Free Returns ✓ Free Shipping✓. Synthetic Fibre Heat Resistant Wig With Bangs 26 Inch Dark Brown Big Wavy Curly Hair Fully Machine Made For Daily Party Use High Quality For Ladies Natural Looking High Quality Synthetic Soft Wig- Synthetic Woven Wigs at SHEIN.,15.5,13.6,USD,TRUE,Dark Brown,26 inch,US,us.shein.com,11,633,633,,Beauty & Health,Synthetic Woven Wigs,SHEIN,TRUE,TRUE,0.8774193548387097,Brown
"20 Sheets/Pack Matte Waterproof Floral Wrapping Paper, Semi-Transparent Rose Flower Bouquet Gift Packaging Paper, Korean Style","Free Returns ✓ Free Shipping✓. 20 Sheets/Pack Matte Waterproof Floral Wrapping Paper, Semi-Transparent Rose Flower Bouquet Gift Packaging Paper, Korean Style- Gift Wrap Paper at SHEIN.",6.3,4.85,USD,TRUE,Light Purple,58*58cm,US,us.shein.com,19,634,634,,Home & Living,Gift Wrap Paper,SHEIN,FALSE,TRUE,0.7698412698412698,Purple
"ROMWE Goth 1pc Unique Purple Pumpkin Bell,  Hat, Skeleton Hand, Black Star Woven Rope Bag Charm & Keychain, Suitable For Daily Wear And Holiday Gifts","Free Returns ✓ Free Shipping✓. ROMWE Goth 1pc Unique Purple Pumpkin Bell,  Hat, Skeleton Hand, Black Star Woven Rope Bag Charm & Keychain, Suitable For Daily Wear And Holiday Gifts- Bag Charms at SHEIN.",2.9,2.7,USD,TRUE,Purple,M,US,us.shein.com,8,635,635,,Bags & Luggage,Bag Charms,ROMWE,TRUE,TRUE,0.9310344827586208,Purple
"Super Long Synthetic Hair Wig, 120cm Corn Curly Wig With Bangs, Natural Heat Resistant Princess Lolita Cosplay Wig Party Costume Halloween Wig Hair Replacement Wigs","Free Returns ✓ Free Shipping✓. Super Long Synthetic Hair Wig, 120cm Corn Curly Wig With Bangs, Natural Heat Resistant Princess Lolita Cosplay Wig Party Costume Halloween Wig Hair Replacement Wigs- Synthetic Weave at SHEIN.",38.3,25.7,USD,TRUE,Watermelon Pink,40 inch,US,us.shein.com,5,636,636,,Beauty & Health,Synthetic Weave,SHEIN,FALSE,TRUE,0.6710182767624021,Pink
"Unbeatablesale TCRH-WHT-6 Round Table Cover, White - Case Of 18","Free Returns ✓ Free Shipping✓. Unbeatablesale TCRH-WHT-6 Round Table Cover, White - Case Of 18- Other Party Accessories at SHEIN.",28.55,28.55,USD,TRUE,White,one-size,US,us.shein.com,3,637,637,,Home & Living,Other Party Accessories,Unbeatablesale,TRUE,TRUE,1,White
1PC Silicone Penis Sleeve Scrotum Bondage Ring Egg Lock Sperm Ring Penis Ring Ring JJ Lock Stem Ring Couple Tight Lock Ring Penis Exerciser Couple Fun Ring Adult Products,Free Returns ✓ Free Shipping✓. 1PC Silicone Penis Sleeve Scrotum Bondage Ring Egg Lock Sperm Ring Penis Ring Ring JJ Lock Stem Ring Couple Tight Lock Ring Penis Exerciser Couple Fun Ring Adult Products- Penis Rings at SHEIN.,2.1,1.9,USD,TRUE,Black,one-size,US,us.shein.com,6,638,638,,Beauty & Health,Penis Rings,SHEIN,TRUE,TRUE,0.9047619047619047,Green
"Jepeak Jepeak Burlap Linen Decorative Throw Pillow Covers Pack Of 2 Farmhouse Modern Cushion Covers Solid Square Pillowcases For Sofa Bed Couch, 18x18 Inch","Free Returns ✓ Free Shipping✓. Jepeak Jepeak Burlap Linen Decorative Throw Pillow Covers Pack Of 2 Farmhouse Modern Cushion Covers Solid Square Pillowcases For Sofa Bed Couch, 18x18 Inch- Cushion Cover at SHEIN.",21.4,15.4,USD,TRUE,Beige+Light Coffee,45*45,US,us.shein.com,15,639,639,,Home Textile,Cushion Cover,Jepeak,TRUE,TRUE,0.7196261682242991,White
"1pc Trendy Frameless Polarized Sunglasses, Unisex UV Protection Driving Fishing Sunglasses","Free Returns ✓ Free Shipping✓. 1pc Trendy Frameless Polarized Sunglasses, Unisex UV Protection Driving Fishing Sunglasses- Women Glasses Sets at SHEIN.",3.7,3.5,USD,TRUE,Multicolor,Black,US,us.shein.com,10,640,640,,Apparel Accessories,Women Glasses Sets,SHEIN,TRUE,TRUE,0.9459459459459459,Multicolor
"IDsarah For Galaxy S22 Case With Protector,Shock Absorption Heavy Duty Sturdy Drop Test Slim Cover With Car Mount Kickstand Lightweight Protective Phone Case For Galaxy S22 6.1 Inch,Red,Black,Blue,Rose Gold,Dark Green","Free Returns ✓ Free Shipping✓. IDsarah For Galaxy S22 Case With Protector,Shock Absorption Heavy Duty Sturdy Drop Test Slim Cover With Car Mount Kickstand Lightweight Protective Phone Case For Galaxy S22 6.1 Inch,Red,Black,Blue,Rose Gold,Dark Green- Stand Phone Case at SHEIN.",10.1,6.9,USD,TRUE,Dark Green,Galaxy S22,US,us.shein.com,14,641,641,,Cell Phones & Accessories,Stand Phone Case,SHEIN,TRUE,FALSE,0.6831683168316832,Green
Unbeatablesale 21152 Exhaust Header Reducer - 3 To 2.5 In.,Free Returns ✓ Free Shipping✓. Unbeatablesale 21152 Exhaust Header Reducer - 3 To 2.5 In.- Car Replacement Parts at SHEIN.,55.88,55.88,USD,TRUE,Red,one-size,US,us.shein.com,3,642,642,,Automotive,Car Replacement Parts,Unbeatablesale,TRUE,TRUE,1,Red
Unbeatablesale Jacks 1683 Oval Hoof Knife,Free Returns ✓ Free Shipping✓. Unbeatablesale Jacks 1683 Oval Hoof Knife- Pet Health Care Tools at SHEIN.,16.88,16.88,USD,TRUE,Multicolor,one-size,US,us.shein.com,3,643,643,,Pet Supplies,Pet Health Care Tools,Unbeatablesale,TRUE,TRUE,1,Multicolor
"2pcs Ladies Khaki Beach Sun Hat & Crossbody Woven Bag Set With Wavy Bowknot, Perfect For Holiday Travel Boho","Free Returns ✓ Free Shipping✓. 2pcs Ladies Khaki Beach Sun Hat & Crossbody Woven Bag Set With Wavy Bowknot, Perfect For Holiday Travel Boho- Women Hat set at SHEIN.",11.2,7.49,USD,TRUE,White,one-size,US,us.shein.com,10,644,644,,Apparel Accessories,Women Hat set,SHEIN,TRUE,TRUE,0.6687500000000001,White
Disney 32PCS  Officially Licensed Stitch Balloon Set Green Flowerland Theme Party Decoration Family Party Wedding Anniversary Graduation Cake Decoration Birthday Party Dress Up Gift For Friends,Free Returns ✓ Free Shipping✓. Disney 32PCS  Officially Licensed Stitch Balloon Set Green Flowerland Theme Party Decoration Family Party Wedding Anniversary Graduation Cake Decoration Birthday Party Dress Up Gift For Friends- Events Accessories at SHEIN.,8.9,8.5,USD,TRUE,Style 1,one-size,US,us.shein.com,12,645,645,,Apparel Accessories,Events Accessories,Disney,TRUE,TRUE,0.9550561797752809,default
32K Soft Leather Magnetic Closure Notebook/Planner,Free Returns ✓ Free Shipping✓. 32K Soft Leather Magnetic Closure Notebook/Planner- Notebooks at SHEIN.,7.1,7.1,USD,TRUE,Multicolor,32K,US,us.shein.com,6,646,646,,Office & School Supplies,Notebooks,SHEIN,TRUE,FALSE,1,Multicolor
PAROLL 14x14 Metal Chair Cushions Pads For Tolix Metal Chairs Small Seat Cushions 14 Inch,Free Returns ✓ Free Shipping✓. PAROLL 14x14 Metal Chair Cushions Pads For Tolix Metal Chairs Small Seat Cushions 14 Inch- Chair Cushion at SHEIN.,29.99,29.99,USD,TRUE,Neutral Gray,2 pack,US,us.shein.com,13,647,647,,Home & Living,Chair Cushion,SHEIN,TRUE,TRUE,1,Grey
1pc UHMWPE Lightweight Bulletproof Ballistic Panel NIJ IIIA Stand Alone Level Body Armor Plates For Vest 10x12in/25x30cm,Free Returns ✓ Free Shipping✓. 1pc UHMWPE Lightweight Bulletproof Ballistic Panel NIJ IIIA Stand Alone Level Body Armor Plates For Vest 10x12in/25x30cm- Other Hunting Equipment at SHEIN.,46.9,41.4,USD,TRUE,Black,25*30cm J,US,us.shein.com,18,648,648,,Sports & Outdoor,Other Hunting Equipment,SHEIN,TRUE,TRUE,0.8827292110874201,Green
"1pc Triangle-Shaped Floor Crevice Brush - Multi-Angle Cleaning Master For Bathroom, Kitchen, Patio - Stiff Bristles, No Dead Corners, Reach Tight Spaces, Great For Toilet, Walls, Window Sills And Outdoor Wall Gaps Cleaning","Free Returns ✓ Free Shipping✓. 1pc Triangle-Shaped Floor Crevice Brush - Multi-Angle Cleaning Master For Bathroom, Kitchen, Patio - Stiff Bristles, No Dead Corners, Reach Tight Spaces, Great For Toilet, Walls, Window Sills And Outdoor Wall Gaps Cleaning- Brush at SHEIN.",4.8,4.8,USD,TRUE,Grey,15.9*10*9,US,us.shein.com,6,649,649,,Tools & Home Improvement,Brush,SHEIN,TRUE,TRUE,1,Grey
"20pcs Square Mousse Cake Box, Wooden Bean Milk, Multi-Layered Fruit Yogurt, Transparent Plastic Blister Box, Baking, West Point Packing Box, Reusable","Free Returns ✓ Free Shipping✓. 20pcs Square Mousse Cake Box, Wooden Bean Milk, Multi-Layered Fruit Yogurt, Transparent Plastic Blister Box, Baking, West Point Packing Box, Reusable- Wrapping & Packaging at SHEIN.",9.9,9.5,USD,TRUE,Multicolor,one-size,US,us.shein.com,15,650,650,,Home & Living,Wrapping & Packaging,SHEIN,TRUE,TRUE,0.9595959595959596,Multicolor
1/3 Pcs Pure Color Knitted Hair Bands Stretchy Elastic Solid Headbands Sports Hairband For Women Girls Suitable For Yoga Pilates Running Cycling,Free Returns ✓ Free Shipping✓. 1/3 Pcs Pure Color Knitted Hair Bands Stretchy Elastic Solid Headbands Sports Hairband For Women Girls Suitable For Yoga Pilates Running Cycling- Hair Bands at SHEIN.,1.8,1.37,USD,TRUE,White,one-size,US,us.shein.com,3,651,651,,Apparel Accessories,Hair Bands,SHEIN,TRUE,TRUE,0.7611111111111112,White
1PC Sexy Crystal Heart Thong Panties Body Chain Lingerie Jewelry For Women Shiny Festival Outfit Rhinestone Belly Waist Chain Beach,Free Returns ✓ Free Shipping✓. 1PC Sexy Crystal Heart Thong Panties Body Chain Lingerie Jewelry For Women Shiny Festival Outfit Rhinestone Belly Waist Chain Beach- Women Sexy Lingerie Accessories at SHEIN.,2.7,2.2,USD,TRUE,Silver,one-size,US,us.shein.com,6,652,652,,Underwear & Sleepwear,Women Sexy Lingerie Accessories,SHEIN,TRUE,TRUE,0.8148148148148149,Silver
"20pcs/Set Plastic Plant Fixed Clip, Minimalist Solid Color Garden Clip For Outdoor","Free Returns ✓ Free Shipping✓. 20pcs/Set Plastic Plant Fixed Clip, Minimalist Solid Color Garden Clip For Outdoor- Plant Cages & Supports at SHEIN.",1.4,1.3,USD,TRUE,Dark Green,one-size,US,us.shein.com,6,653,653,,Home & Living,Plant Cages & Supports,SHEIN,TRUE,FALSE,0.9285714285714286,Green
"2pcs/Set Khaki Color Wave Design Bowknot Sun Hat & Woven Shoulder Bag For Women, Perfect For Vacation And Traveling Boho","Free Returns ✓ Free Shipping✓. 2pcs/Set Khaki Color Wave Design Bowknot Sun Hat & Woven Shoulder Bag For Women, Perfect For Vacation And Traveling Boho- Women Hat set at SHEIN.",9.2,7.6,USD,TRUE,Khaki,one-size,US,us.shein.com,10,654,654,,Apparel Accessories,Women Hat set,SHEIN,TRUE,TRUE,0.8260869565217391,Brown
"Unbeatablesale Kate Aspen 31430NA Personalized Water Bottle Labels - He Asked,; She Said Yes","Free Returns ✓ Free Shipping✓. Unbeatablesale Kate Aspen 31430NA Personalized Water Bottle Labels - He Asked,; She Said Yes- Sports Bottle at SHEIN.",24.02,24.02,USD,TRUE,Multicolor,one-size,US,us.shein.com,3,655,655,,Sports & Outdoor,Sports Bottle,Unbeatablesale,TRUE,TRUE,1,Multicolor
"Jepeak Jepeak Woven Textured Decorative Throw Pillow Covers, Pack Of 4 Solid Linen Rectangle Farmhouse Cushion Cases For Sofa Bed Couch, 16x24 Inch","Free Returns ✓ Free Shipping✓. Jepeak Jepeak Woven Textured Decorative Throw Pillow Covers, Pack Of 4 Solid Linen Rectangle Farmhouse Cushion Cases For Sofa Bed Couch, 16x24 Inch- Cushion Cover at SHEIN.",36.4,26.2,USD,TRUE,Beige,40*60,US,us.shein.com,21,656,656,,Home Textile,Cushion Cover,Jepeak,TRUE,TRUE,0.7197802197802198,White
"1 Yard Flower Lace Edge With Ribbon Retro Style Edge Fabric Embroidered Sticker Sewing Craft Wedding, Wedding, Party Clothing Decoration","Free Returns ✓ Free Shipping✓. 1 Yard Flower Lace Edge With Ribbon Retro Style Edge Fabric Embroidered Sticker Sewing Craft Wedding, Wedding, Party Clothing Decoration- Garment Decoration Excipients at SHEIN.",3.1,3,USD,TRUE,White,1y,US,us.shein.com,7,657,657,,Home & Living,Garment Decoration Excipients,SHEIN,TRUE,TRUE,0.967741935483871,White
"Unbeatablesale Tape Logic T905P166PK 3 In. X 110 Yards If Seal Is Broken Pre-Printed Carton Sealing Tape, Red & White - Pack Of 6","Free Returns ✓ Free Shipping✓. Unbeatablesale Tape Logic T905P166PK 3 In. X 110 Yards If Seal Is Broken Pre-Printed Carton Sealing Tape, Red & White - Pack Of 6- Skateboard Grip Tape at SHEIN.",70.56,70.56,USD,TRUE,Red,one-size,US,us.shein.com,3,658,658,,Sports & Outdoor,Skateboard Grip Tape,Unbeatablesale,TRUE,FALSE,1,Red
"Disney J300  Passive Noise Cancelling Ear-Clip Style 5.3 Open-Ear Wireless Headphones For Sports & Gaming, LED Display, HiFi Surround Sound, Noise Cancelling Microphone","Free Returns ✓ Free Shipping✓. Disney J300  Passive Noise Cancelling Ear-Clip Style 5.3 Open-Ear Wireless Headphones For Sports & Gaming, LED Display, HiFi Surround Sound, Noise Cancelling Microphone- Wireless Earbuds at SHEIN.",18.8,18.8,USD,TRUE,White,one-size,US,us.shein.com,19,659,659,,Electronics,Wireless Earbuds,Disney,TRUE,TRUE,1,White
1PC Solid Color Plaid Office Chair Seat Cover Water Repellent Gaming Dining Chair Cover Anti-Dirty Computer Chair Slipcover Home,Free Returns ✓ Free Shipping✓. 1PC Solid Color Plaid Office Chair Seat Cover Water Repellent Gaming Dining Chair Cover Anti-Dirty Computer Chair Slipcover Home- Chair Covers at SHEIN.,11,11,USD,TRUE,Navy Blue,one-size,US,us.shein.com,4,660,660,,Home Textile,Chair Covers,SHEIN,TRUE,TRUE,1,Blue
"36pcs Airtight Rectangle Plastic Food Storage Containers Set - Flip Top, Labels Included, Multipurpose, Kitchen And Pantry Organization Canisters For Cereal, Flour, Pasta, And More","Free Returns ✓ Free Shipping✓. 36pcs Airtight Rectangle Plastic Food Storage Containers Set - Flip Top, Labels Included, Multipurpose, Kitchen And Pantry Organization Canisters For Cereal, Flour, Pasta, And More- Cereal Containers at SHEIN.",63,45.6,USD,TRUE,Black and White,36pcs,US,us.shein.com,22,661,661,,Home & Living,Cereal Containers,SHEIN,TRUE,TRUE,0.7238095238095239,Black
"High School Students University Freshman Multifunctional Sling Bag Shoulder Bag Casual Bag Mini Men Patch Detail Square Bag, Handbag Schoolbag For Travel,College,Outdoors,Sports,Commute Crossbody Bag Sling Bag Shoulder Bag Side Bag Square Bag For Holiday Travel Essentials Summer Gifts For Boyfriend Men Gifts College Bag Fathers Day Gifts DadFor Books Back To School Multi-Functional Dorm Sling Bag For Man Man Bag Cross Body Bag Side Bag School Supplies Fall Messenger Bag Bag For Man Cylinder Bag Old Money Halloween Christmas","Free Returns ✓ Free Shipping✓. High School Students University Freshman Multifunctional Sling Bag Shoulder Bag Casual Bag Mini Men Patch Detail Square Bag, Handbag Schoolbag For Travel,College,Outdoors,Sports,Commute Crossbody Bag Sling Bag Shoulder Bag Side Bag Square Bag For Holiday Travel Essentials Summer Gifts For Boyfriend Men Gifts College Bag Fathers Day Gifts DadFor Books Back To School Multi-Functional Dorm Sling Bag For Man Man Bag Cross Body Bag Side Bag School Supplies Fall Messenger Bag Bag For Man Cylinder Bag Old Money Halloween Christmas- Men Crossbody Bags at SHEIN.",3.2,2.9,USD,TRUE,Black,one-size,US,us.shein.com,6,662,662,,Bags & Luggage,Men Crossbody Bags,SHEIN,TRUE,TRUE,0.9062499999999999,Green
"Jepeak Jepeak Decorative Throw Pillow Covers Cases Pack Of 2 Chenille Cozy Modern Concise Square Cushion Covers For Sofa Couch Bedroom Home Decor, 20x20 Inch","Free Returns ✓ Free Shipping✓. Jepeak Jepeak Decorative Throw Pillow Covers Cases Pack Of 2 Chenille Cozy Modern Concise Square Cushion Covers For Sofa Couch Bedroom Home Decor, 20x20 Inch- Cushion Cover at SHEIN.",22.6,16.3,USD,TRUE,Grey,50*50,US,us.shein.com,17,663,663,,Home Textile,Cushion Cover,Jepeak,TRUE,TRUE,0.7212389380530974,Grey
"36pcs Acrylic Pacifiers, 2.75 Inch Shower Decorative Pacifiers, Gender Reveal Party Tabletop Confetti, Birthday Party Favors, Pacifier Rattle Game (For Adults)","Free Returns ✓ Free Shipping✓. 36pcs Acrylic Pacifiers, 2.75 Inch Shower Decorative Pacifiers, Gender Reveal Party Tabletop Confetti, Birthday Party Favors, Pacifier Rattle Game (For Adults)- Other Party Favors at SHEIN.",9.9,8.42,USD,TRUE,Pink+Blue,36pcs,US,us.shein.com,8,664,664,,Home & Living,Other Party Favors,SHEIN,TRUE,TRUE,0.8505050505050504,Pink
"1 Set Pumpkin MoonCake Mold, Mid Autumn Festival DIY HandPress Cookie Stamps Pastry Tool Moon Cake Maker,Fruit Series Cookie Cutters For Baking,Ideal For Autumn, Halloween, And Thanksgiving Halloween Party","Free Returns ✓ Free Shipping✓. 1 Set Pumpkin MoonCake Mold, Mid Autumn Festival DIY HandPress Cookie Stamps Pastry Tool Moon Cake Maker,Fruit Series Cookie Cutters For Baking,Ideal For Autumn, Halloween, And Thanksgiving Halloween Party- Baking & Pastry Utensils at SHEIN.",3.6,3.5,USD,TRUE,White,Pumpkin Mold,US,us.shein.com,16,665,665,,Home & Living,Baking & Pastry Utensils,SHEIN,TRUE,FALSE,0.9722222222222222,White
"1set Simple And Fashionable Gold-Colored Open Cuff & Choker Set For Women, Adjustable And Elegant, Perfect As A Gift For Her","Free Returns ✓ Free Shipping✓. 1set Simple And Fashionable Gold-Colored Open Cuff & Choker Set For Women, Adjustable And Elegant, Perfect As A Gift For Her- Women Jewelry Sets at SHEIN.",2.3,2.3,USD,TRUE,Yellow Gold,one-size,US,us.shein.com,12,666,666,,Jewelry & Watches,Women Jewelry Sets,SHEIN,TRUE,TRUE,1,Gold
"Jepeak Jepeak Decorative Linen Throw Pillow Covers Cushion Cases, Pack Of 4 Rustic Woven Textured Pillow Covers For Sofa Bed Couch, 16x24 Inch","Free Returns ✓ Free Shipping✓. Jepeak Jepeak Decorative Linen Throw Pillow Covers Cushion Cases, Pack Of 4 Rustic Woven Textured Pillow Covers For Sofa Bed Couch, 16x24 Inch- Cushion Cover at SHEIN.",36.4,26.2,USD,TRUE,Teal Blue,40*60,US,us.shein.com,16,667,667,,Home Textile,Cushion Cover,Jepeak,TRUE,TRUE,0.7197802197802198,Teal
1 Pc Hair Bows For Women Big Bow Hair Clips For Girls Silky Satin Large Hair Ribbons Oversized Long Tail Hair Bows Hair Barrettes Hair Accessories Gifts Halloween,Free Returns ✓ Free Shipping✓. 1 Pc Hair Bows For Women Big Bow Hair Clips For Girls Silky Satin Large Hair Ribbons Oversized Long Tail Hair Bows Hair Barrettes Hair Accessories Gifts Halloween- Hair Clips at SHEIN.,1.8,1.7,USD,FALSE,Blue,one-size,US,us.shein.com,3,668,668,,Apparel Accessories,Hair Clips,SHEIN,TRUE,TRUE,0.9444444444444444,Blue
"31.5"" Spun Bamboo Tall Floor Vase - Sleek Metallic Finish, Elegant Home Decoration, Modern Accent Piece, Living Room Decor, Handcrafted Bamboo Art, Contemporary Interior Design, Unique Tall Vase, Black Large","Free Returns ✓ Free Shipping✓. 31.5"" Spun Bamboo Tall Floor Vase - Sleek Metallic Finish, Elegant Home Decoration, Modern Accent Piece, Living Room Decor, Handcrafted Bamboo Art, Contemporary Interior Design, Unique Tall Vase, Black Large- Vases at SHEIN.",204.73,142.18,USD,TRUE,Silver,one-size,US,us.shein.com,6,669,669,,Home & Living,Vases,SHEIN,FALSE,TRUE,0.6944756508572267,Silver
"15 Magic Jewel Crystal Wish Sets, Including 10 Magic Crystal Wish Jars And 5 Mineral Crystal Meditation Decorated Christmas Gift Boxes","Free Returns ✓ Free Shipping✓. 15 Magic Jewel Crystal Wish Sets, Including 10 Magic Crystal Wish Jars And 5 Mineral Crystal Meditation Decorated Christmas Gift Boxes- Crystal Soil at SHEIN.",23.5,22.7,USD,TRUE,Multicolor,one-size,US,us.shein.com,7,670,670,,Home & Living,Crystal Soil,SHEIN,TRUE,TRUE,0.9659574468085106,Multicolor
"31.5"" Spun Bamboo Tall Floor Vase - Sleek Metallic Finish, Elegant Home Decoration, Modern Accent Piece, Living Room Decor, Handcrafted Bamboo Art, Contemporary Interior Design, Unique Tall Vase, Black Large","Free Returns ✓ Free Shipping✓. 31.5"" Spun Bamboo Tall Floor Vase - Sleek Metallic Finish, Elegant Home Decoration, Modern Accent Piece, Living Room Decor, Handcrafted Bamboo Art, Contemporary Interior Design, Unique Tall Vase, Black Large- Vases at SHEIN.",215.44,149.61,USD,TRUE,Black,one-size,US,us.shein.com,6,671,671,,Home & Living,Vases,SHEIN,TRUE,FALSE,0.6944392870404754,Green
"1PC Silicone Waterproof Cosmetic Bag Makeup Bag For Women Fashion Solid Color Zipper Silicone Toiletry Storage Bag Makeup Accessories Organizer,Toiletry Bag, Cosmetic Bags Lady Makeup Bags ,Zipper Pouch Wallet Toiletry Organizer Pouch Wedding Party Wash Bag Zipper Phone Purse Pencil Pouch Make Up Bags Clutch Bag Bridesmaid Make Up Pouch Toiletries Organizer Bag Cosmetic Case ,Cosmetic Pouch Makeup Tools Makeup Brushes Storage Storage ,Travel Storage Travel Cosmetic Bags,Travel Essential Lightwei","Free Returns ✓ Free Shipping✓. 1PC Silicone Waterproof Cosmetic Bag Makeup Bag For Women Fashion Solid Color Zipper Silicone Toiletry Storage Bag Makeup Accessories Organizer,Toiletry Bag, Cosmetic Bags Lady Makeup Bags ,Zipper Pouch Wallet Toiletry Organizer Pouch Wedding Party Wash Bag Zipper Phone Purse Pencil Pouch Make Up Bags Clutch Bag Bridesmaid Make Up Pouch Toiletries Organizer Bag Cosmetic Case ,Cosmetic Pouch Makeup Tools Makeup Brushes Storage Storage ,Travel Storage Travel Cosmetic Bags,Travel Essential Lightwei- Make Up Bags at SHEIN.",5.1,4.8,USD,TRUE,Hot Pink,one-size,US,us.shein.com,5,672,672,,Bags & Luggage,Make Up Bags,SHEIN,TRUE,TRUE,0.9411764705882353,Pink
"1 Set Of 1-10 Numbered Basketball Footwork Training Mats, Dribbliing And Ball-Handling Accessories","Free Returns ✓ Free Shipping✓. 1 Set Of 1-10 Numbered Basketball Footwork Training Mats, Dribbliing And Ball-Handling Accessories- Basketball Accessories at SHEIN.",18.2,16,USD,TRUE,Black,one-size,US,us.shein.com,3,673,673,,Sports & Outdoor,Basketball Accessories,SHEIN,TRUE,FALSE,0.8791208791208791,Green
"Oversized Modular Sectional Sofa Reversible Sectional Couch, U-Shape Sectional Sofa, Oversized Upholstery Sectional Sofa, Chaise Couch With Storage Ottomans For Living Room Loft Apartment Office,3/4/5 Seater Sectional For Living Room, 100'' - Linen","Free Returns ✓ Free Shipping✓. Oversized Modular Sectional Sofa Reversible Sectional Couch, U-Shape Sectional Sofa, Oversized Upholstery Sectional Sofa, Chaise Couch With Storage Ottomans For Living Room Loft Apartment Office,3/4/5 Seater Sectional For Living Room, 100'' - Linen- Sofas & Couches at SHEIN.",723,513.3,USD,TRUE,Dark Grey(3 Seater),one-size,US,us.shein.com,9,674,674,,Tools & Home Improvement,Sofas & Couches,SHEIN,FALSE,FALSE,0.7099585062240663,Grey
Unbeatablesale TCcheck8x108-Pk10-RedK98 Gingham Checkered Chair Bows - White & Red - 8 X 108 In. - Pack Of 10,Free Returns ✓ Free Shipping✓. Unbeatablesale TCcheck8x108-Pk10-RedK98 Gingham Checkered Chair Bows - White & Red - 8 X 108 In. - Pack Of 10- Other Party Accessories at SHEIN.,48.25,48.25,USD,TRUE,Red,one-size,US,us.shein.com,3,675,675,,Home & Living,Other Party Accessories,Unbeatablesale,TRUE,TRUE,1,Red
20pcs/Bag 12mm Frosted Acrylic Flower Beads For DIY Jewelry Making Accessories,Free Returns ✓ Free Shipping✓. 20pcs/Bag 12mm Frosted Acrylic Flower Beads For DIY Jewelry Making Accessories- Beads at SHEIN.,1.1,1.1,USD,TRUE,Multicolor,one-size,US,us.shein.com,9,676,676,,Jewelry & Watches,Beads,SHEIN,TRUE,TRUE,1,Multicolor
Synthetic Hair Buns Chignon Ponytail Hairpiece Updo Donut Hair Extensions Flexible Elastic Band Dark Brown  For Women,Free Returns ✓ Free Shipping✓. Synthetic Hair Buns Chignon Ponytail Hairpiece Updo Donut Hair Extensions Flexible Elastic Band Dark Brown  For Women- Synthetic Extensions at SHEIN.,2.1,1.9,USD,TRUE,Black,3 Inch,US,us.shein.com,7,677,677,,Beauty & Health,Synthetic Extensions,SHEIN,FALSE,TRUE,0.9047619047619047,Green
Synthetic Hair Topper Wig For Women Fake False With Bangs Clip In Hair Extension Topper Hairpiece,Free Returns ✓ Free Shipping✓. Synthetic Hair Topper Wig For Women Fake False With Bangs Clip In Hair Extension Topper Hairpiece- Synthetic Hair Bangs at SHEIN.,5.3,3.66,USD,TRUE,Black,6 Inch,US,us.shein.com,19,678,678,,Beauty & Health,Synthetic Hair Bangs,SHEIN,TRUE,TRUE,0.6905660377358491,Green
"Marvel Superhero Candy Bags - 12 Pack, Avengers &  Themed Kraft Paper Gift Bags For Birthday Parties, Halloween, Christmas Decorations","Free Returns ✓ Free Shipping✓. Marvel Superhero Candy Bags - 12 Pack, Avengers &  Themed Kraft Paper Gift Bags For Birthday Parties, Halloween, Christmas Decorations- Gift Wrap Bags at SHEIN.",6,5.1,USD,TRUE,Multicolor,Avengers,US,us.shein.com,11,679,679,,Home & Living,Gift Wrap Bags,Marvel,FALSE,TRUE,0.85,Multicolor
"Bob Style Short Straight Synthetic Wig With Bangs, Black Color, Heat Resistant, Suitable For Women Daily Use, Role Play, Party","Free Returns ✓ Free Shipping✓. Bob Style Short Straight Synthetic Wig With Bangs, Black Color, Heat Resistant, Suitable For Women Daily Use, Role Play, Party- Synthetic Woven Wigs at SHEIN.",12.3,10.7,USD,TRUE,Burgundy,12 Inch,US,us.shein.com,15,680,680,,Beauty & Health,Synthetic Woven Wigs,SHEIN,TRUE,TRUE,0.8699186991869918,Red
"1500pcs White Paper Confetti, 15g Heart-Shaped Paper Shreds, Wedding Venue Throw Decor, Valentine's Day Decoration, Suitable For Wedding Party, Holiday, Home Dining Table Decor","Free Returns ✓ Free Shipping✓. 1500pcs White Paper Confetti, 15g Heart-Shaped Paper Shreds, Wedding Venue Throw Decor, Valentine's Day Decoration, Suitable For Wedding Party, Holiday, Home Dining Table Decor- Party Backdrops at SHEIN.",2.3,1.96,USD,FALSE,Red and White,One Size Fits All/1500pcs,US,us.shein.com,14,681,681,,Home & Living,Party Backdrops,SHEIN,TRUE,TRUE,0.8521739130434783,Red
Unbeatablesale K Tool International KTI-70015 1.5 In. Stiff Scraper & Putty Knife,Free Returns ✓ Free Shipping✓. Unbeatablesale K Tool International KTI-70015 1.5 In. Stiff Scraper & Putty Knife- Putty Knives at SHEIN.,17.74,17.74,USD,TRUE,Multicolor,one-size,US,us.shein.com,3,682,682,,Tools & Home Improvement,Putty Knives,Unbeatablesale,TRUE,TRUE,1,Multicolor
Nickelodeon 1PC Paw Patrol Officially Licensed Paw Patrol Doll Blind Bag Random One 8 Pups Collectible Figures Cute 3D Image Surprise Bag Chase Rubble Marshall Skye Rocky Zuma Liberty Everest Character Blind Bag,"Free Returns ✓ Free Shipping✓. Nickelodeon 1PC Paw Patrol Officially Licensed Paw Patrol Doll Blind Bag Random One 8 Pups Collectible Figures Cute 3D Image Surprise Bag Chase Rubble Marshall Skye Rocky Zuma Liberty Everest Character Blind Bag- Statue, Maquette & Bust Action Figures at SHEIN.",3.4,3.4,USD,TRUE,Multicolor,one-size,US,us.shein.com,12,683,683,,Toys & Games,"Statue, Maquette & Bust Action Figures",Nickelodeon,TRUE,TRUE,1,Multicolor
"TWS Wireless Headphones Headphones Earbuds - Unrivaled True Wireless Freedom Ergonomic Design For Ultimate Comfort HIFI Sound With Dolby Bass, ACC Stereo HD Calling And - Compatible With Android And IPhone, Ideal For Sports And Music Lovers!","Free Returns ✓ Free Shipping✓. TWS Wireless Headphones Headphones Earbuds - Unrivaled True Wireless Freedom Ergonomic Design For Ultimate Comfort HIFI Sound With Dolby Bass, ACC Stereo HD Calling And - Compatible With Android And IPhone, Ideal For Sports And Music Lovers!- Recording Headphone & In-Ear Audio Monitors at SHEIN.",7.9,7.9,USD,TRUE,Multicolor,A7,US,us.shein.com,16,684,684,,Toys & Games,Recording Headphone & In-Ear Audio Monitors,SHEIN,TRUE,TRUE,1,Multicolor
"Fashionable And Casual Crossbody Bag For Women, Large Capacity Handbags","Free Returns ✓ Free Shipping✓. Fashionable And Casual Crossbody Bag For Women, Large Capacity Handbags- Women Crossbody at SHEIN.",5.5,5.2,USD,FALSE,Beige,one-size,US,us.shein.com,15,685,685,,Bags & Luggage,Women Crossbody,SHEIN,TRUE,TRUE,0.9454545454545454,White
"20pairs/Set Men's Short Socks, Soft & Comfortable, Ankle Length, Moisture Wicking & Anti-Odor, With Random Mix Of Numbers, Letters And Stripes Design, Suitable For Daily Life, For Gym","Free Returns ✓ Free Shipping✓. 20pairs/Set Men's Short Socks, Soft & Comfortable, Ankle Length, Moisture Wicking & Anti-Odor, With Random Mix Of Numbers, Letters And Stripes Design, Suitable For Daily Life, For Gym- Men Ankle Socks at SHEIN.",12.2,8.05,USD,TRUE,Multicolor,39-42,US,us.shein.com,7,686,686,,Underwear & Sleepwear,Men Ankle Socks,SHEIN,TRUE,TRUE,0.6598360655737706,Multicolor
"Unbeatablesale 224 Mm Century Edge Pull, Matte Black","Free Returns ✓ Free Shipping✓. Unbeatablesale 224 Mm Century Edge Pull, Matte Black- Door Handles & Locks at SHEIN.",29.04,29.04,USD,TRUE,Multicolor,one-size,US,us.shein.com,3,687,687,,Tools & Home Improvement,Door Handles & Locks,Unbeatablesale,TRUE,TRUE,1,Multicolor
"1 Set Of 20 High-Quality Nylon Bristle Paintbrushes - Multi-Purpose Art Painting Brushes, Suitable For Acrylic, Oil, Watercolor, Wall Art, Soft Drawing, And Cleaning/Maintenance Of Phones, Tablets, Keyboards, Electronic PCBs - Wooden Handles, Soft & Gentle Surface","Free Returns ✓ Free Shipping✓. 1 Set Of 20 High-Quality Nylon Bristle Paintbrushes - Multi-Purpose Art Painting Brushes, Suitable For Acrylic, Oil, Watercolor, Wall Art, Soft Drawing, And Cleaning/Maintenance Of Phones, Tablets, Keyboards, Electronic PCBs - Wooden Handles, Soft & Gentle Surface- Paint By Number Pens & Brushes at SHEIN.",4.2,4,USD,TRUE,Wood Color,one-size,US,us.shein.com,6,688,688,,Home & Living,Paint By Number Pens & Brushes,SHEIN,TRUE,TRUE,0.9523809523809523,Brown
"1PC Plush Bear Crossbody Bag, Khaki Wide Shoulder Strap Cute Shoulder Bag, Very Suitable For Children, Mini Coin Purse, Mobile Phone Bag, Back-To-School Season Small Item Storage, Suitable For Boys And Girls, Very Suitable As A Back-To-School Gift, Birthday Gift","Free Returns ✓ Free Shipping✓. 1PC Plush Bear Crossbody Bag, Khaki Wide Shoulder Strap Cute Shoulder Bag, Very Suitable For Children, Mini Coin Purse, Mobile Phone Bag, Back-To-School Season Small Item Storage, Suitable For Boys And Girls, Very Suitable As A Back-To-School Gift, Birthday Gift- Kids Crossbody Bags at SHEIN.",5,4.2,USD,TRUE,Khaki,Khaki,US,us.shein.com,4,689,689,,Kids,Kids Crossbody Bags,SHEIN,TRUE,FALSE,0.8400000000000001,Brown
"Spring New Jacquard Embroidery Large Capacity Tote Shoulder Bag(Random Pattern)School Bag,School Bookbag,Large Capacity,Classic Casual,Portable, Suitable For Teen Girls Women College Students,White-Collar Workers, Perfect For Back To School,First Day Of School,College,Work, Business, Commute,Shopping","Free Returns ✓ Free Shipping✓. Spring New Jacquard Embroidery Large Capacity Tote Shoulder Bag(Random Pattern)School Bag,School Bookbag,Large Capacity,Classic Casual,Portable, Suitable For Teen Girls Women College Students,White-Collar Workers, Perfect For Back To School,First Day Of School,College,Work, Business, Commute,Shopping- Women Tote Bags at SHEIN.",13.4,12.5,USD,FALSE,Grey,one-size,US,us.shein.com,5,690,690,,Bags & Luggage,Women Tote Bags,SHEIN,TRUE,TRUE,0.9328358208955223,Grey
Synthetic Heat Resistant Wigs With Bangs Natural Middle Hairline 24inch Orange Color Straight Hair Full Machine Made Daily Used High Quality For Girl Women Cosplay Natural Looking Good Quality Synthetic Soft Wigs,Free Returns ✓ Free Shipping✓. Synthetic Heat Resistant Wigs With Bangs Natural Middle Hairline 24inch Orange Color Straight Hair Full Machine Made Daily Used High Quality For Girl Women Cosplay Natural Looking Good Quality Synthetic Soft Wigs- Synthetic Woven Wigs at SHEIN.,16,14,USD,TRUE,Orange,24 inch,US,us.shein.com,11,691,691,,Beauty & Health,Synthetic Woven Wigs,SHEIN,TRUE,FALSE,0.875,Orange
"Japanese Style Long Handle Wooden Spoons For Eating Soup, Noodles","Free Returns ✓ Free Shipping✓. Japanese Style Long Handle Wooden Spoons For Eating Soup, Noodles- Wooden Crafts at SHEIN.",2,1.97,USD,TRUE,Brown,one-size,US,us.shein.com,9,692,692,,Office & School Supplies,Wooden Crafts,SHEIN,TRUE,TRUE,0.985,Brown
"2pcs Women Khaki Wavy Bow Beach Sun Hat & Straw Crossbody Bag Set, Suitable For Vacation Outing","Free Returns ✓ Free Shipping✓. 2pcs Women Khaki Wavy Bow Beach Sun Hat & Straw Crossbody Bag Set, Suitable For Vacation Outing- Women Hat set at SHEIN.",9.8,8,USD,TRUE,Beige,one-size,US,us.shein.com,8,693,693,,Apparel Accessories,Women Hat set,SHEIN,TRUE,TRUE,0.8163265306122448,White
"Sun Protective Anti UV 1pair Summer Ice Sleeves, Sun Protection Sleeves, Men's And Women's Ice Silk Anti UV Arm Sleeves, Outdoor Driving And Cycling Arm Protection For Breathability,Suitable For Cycling And Riding Motorcycle","Free Returns ✓ Free Shipping✓. Sun Protective Anti UV 1pair Summer Ice Sleeves, Sun Protection Sleeves, Men's And Women's Ice Silk Anti UV Arm Sleeves, Outdoor Driving And Cycling Arm Protection For Breathability,Suitable For Cycling And Riding Motorcycle- Cycling Ice Sleeves at SHEIN.",2.5,2.2,USD,TRUE,White,one-size,US,us.shein.com,14,694,694,,Sports & Outdoor,Cycling Ice Sleeves,SHEIN,TRUE,FALSE,0.8800000000000001,White
Unbeatablesale Kantek Magnifier- LCD- Adjustable Mag. Level- Fits 15in.- Aluminum,Free Returns ✓ Free Shipping✓. Unbeatablesale Kantek Magnifier- LCD- Adjustable Mag. Level- Fits 15in.- Aluminum- Archery Sights & Optics at SHEIN.,86.54,86.54,USD,TRUE,Multicolor,one-size,US,us.shein.com,3,695,695,,Sports & Outdoor,Archery Sights & Optics,Unbeatablesale,TRUE,TRUE,1,Multicolor
"20OZ Vintage Skull Printing Insulated Cup Double Walled Vacuum Insulated Stainless Steel Water Bottle Premium Summer Drink Ware Portable Handy Flask Travel Mug Iced Coffee Cup For Outdoor Camping, Hiking, Driving, Travel, Perfect Gift Idea","Free Returns ✓ Free Shipping✓. 20OZ Vintage Skull Printing Insulated Cup Double Walled Vacuum Insulated Stainless Steel Water Bottle Premium Summer Drink Ware Portable Handy Flask Travel Mug Iced Coffee Cup For Outdoor Camping, Hiking, Driving, Travel, Perfect Gift Idea- Insulated Water Bottles for Outdoor at SHEIN.",16.3,10.2,USD,TRUE,Black,20 OZ,US,us.shein.com,12,696,696,,Sports & Outdoor,Insulated Water Bottles for Outdoor,SHEIN,TRUE,TRUE,0.6257668711656441,Green
PAROLL 14x14 Metal Chair Cushions Pads For Tolix Metal Chairs Small Seat Cushions 14 Inch,Free Returns ✓ Free Shipping✓. PAROLL 14x14 Metal Chair Cushions Pads For Tolix Metal Chairs Small Seat Cushions 14 Inch- Chair Cushion at SHEIN.,29.99,29.99,USD,TRUE,Solemn Black,2 pack,US,us.shein.com,12,697,697,,Home & Living,Chair Cushion,SHEIN,TRUE,TRUE,1,Black
Unbeatablesale PCI Brand New Compatible Samsung MLT-D116L Black Toner Ctg 3K Yld For M2625 M2835 M2875 M2885 M2825,Free Returns ✓ Free Shipping✓. Unbeatablesale PCI Brand New Compatible Samsung MLT-D116L Black Toner Ctg 3K Yld For M2625 M2835 M2875 M2885 M2825- Printer Ink & Toner at SHEIN.,28.89,28.89,USD,TRUE,Multicolor,One-size,US,us.shein.com,3,698,698,,Electronics,Printer Ink & Toner,Unbeatablesale,TRUE,TRUE,1,Multicolor
1PC Solid Color Plaid Office Chair Seat Cover Water Repellent Gaming Dining Chair Cover Anti-Dirty Computer Chair Slipcover Home,Free Returns ✓ Free Shipping✓. 1PC Solid Color Plaid Office Chair Seat Cover Water Repellent Gaming Dining Chair Cover Anti-Dirty Computer Chair Slipcover Home- Chair Covers at SHEIN.,11.8,11.8,USD,TRUE,Light Coffee,one-size,US,us.shein.com,5,699,699,,Home Textile,Chair Covers,SHEIN,TRUE,TRUE,1,White
"41pcs/Set Halloween Decorations Aluminum Foil Balloons, Scary Pumpkins, Spiders, Magical Ghosts, Scary Ghosts, Black Bat Balloons And Bat Stickers, Black Tinsel Curtain, For Halloween Party, Bar, Haunted House, Trick Or Treat Party Decorations, Day Of The Dead Party Decor, Indoor Decoration, Halloween Horror Theme Party Supplies","Free Returns ✓ Free Shipping✓. 41pcs/Set Halloween Decorations Aluminum Foil Balloons, Scary Pumpkins, Spiders, Magical Ghosts, Scary Ghosts, Black Bat Balloons And Bat Stickers, Black Tinsel Curtain, For Halloween Party, Bar, Haunted House, Trick Or Treat Party Decorations, Day Of The Dead Party Decor, Indoor Decoration, Halloween Horror Theme Party Supplies- Decorative Balloons at SHEIN.",8.4,8.1,USD,TRUE,Multicolor,one-size,US,us.shein.com,6,700,700,,Home & Living,Decorative Balloons,SHEIN,TRUE,FALSE,0.9642857142857142,Multicolor
"Learning Machine For Kid Talking Flash Cards Kindergarten Kids Language Electronic Audio Book Learn English Words ToysSchool, Student,Stationery,School Supplies","Free Returns ✓ Free Shipping✓. Learning Machine For Kid Talking Flash Cards Kindergarten Kids Language Electronic Audio Book Learn English Words ToysSchool, Student,Stationery,School Supplies- Other Kids Early Development & Activity Toys at SHEIN.",7.8,5.06,USD,TRUE,Pink,one-size,US,us.shein.com,10,701,701,,Toys & Games,Other Kids Early Development & Activity Toys,SHEIN,FALSE,TRUE,0.6487179487179486,Brown
2024 Portable 2000mAh Flashlight 10000LM High Power LED Flashlight Supports Type-C Charging Waterproof Powerful Flashlight ABS Camping Emergency Lighting LED Lighttactical Flashlight,Free Returns ✓ Free Shipping✓. 2024 Portable 2000mAh Flashlight 10000LM High Power LED Flashlight Supports Type-C Charging Waterproof Powerful Flashlight ABS Camping Emergency Lighting LED Lighttactical Flashlight- Flashlights & Torches at SHEIN.,6,4.8,USD,TRUE,Black,Flashlight-data Cable,US,us.shein.com,22,702,702,,Tools & Home Improvement,Flashlights & Torches,SHEIN,TRUE,TRUE,0.7999999999999999,Green
SHEIN 1pc Full Print Letter Reversible Bucket Hat For Women,Free Returns ✓ Free Shipping✓. SHEIN 1pc Full Print Letter Reversible Bucket Hat For Women- Women Bucket Hat at SHEIN.,3.3,2.7,USD,TRUE,Black and White,one-size,US,us.shein.com,2,703,703,,Apparel Accessories,Women Bucket Hat,SHEIN,TRUE,TRUE,0.8181818181818183,Black
"1 Piece Tea Stove Outdoor Home Tea Making Set Gift, Stainless Steel Charcoal Portable Grill,10.5 Inch (About 26.9 Cm) Non-Stick, Round, Barbecue Or Hot Pot, Boiling Water, Charcoal Stove Suitable For Family Gatherings Outdoor Camping,Bbq,Picnic,Camping,Garden,Patio,Outdoor,Vacation,Party,Garden Outdoor Decor.","Free Returns ✓ Free Shipping✓. 1 Piece Tea Stove Outdoor Home Tea Making Set Gift, Stainless Steel Charcoal Portable Grill,10.5 Inch (About 26.9 Cm) Non-Stick, Round, Barbecue Or Hot Pot, Boiling Water, Charcoal Stove Suitable For Family Gatherings Outdoor Camping,Bbq,Picnic,Camping,Garden,Patio,Outdoor,Vacation,Party,Garden Outdoor Decor.- Bbq Grill at SHEIN.",37.8,32.13,USD,TRUE,【Basic Set】Warm White,One Size,US,us.shein.com,19,704,704,,Home & Living,Bbq Grill,SHEIN,TRUE,TRUE,0.8500000000000001,White
"1pc Anti-UV Mini Umbrella For Sun And Rain, Portable Pocket Umbrella With UV Coating, 6 Ribs Strengthened Small Blue Umbrella With Carrying Case","Free Returns ✓ Free Shipping✓. 1pc Anti-UV Mini Umbrella For Sun And Rain, Portable Pocket Umbrella With UV Coating, 6 Ribs Strengthened Small Blue Umbrella With Carrying Case- Umbrellas and Rain Hat Umbrellas at SHEIN.",7.6,7.3,USD,TRUE,Navy Blue,one-size,US,us.shein.com,14,705,705,,Home & Living,Umbrellas and Rain Hat Umbrellas,SHEIN,TRUE,TRUE,0.9605263157894737,Blue
"Electronics Organizer Travel Case, Carrying Pouch Bag For Travel Essentials, For Cable, Charging Cord, External Hard Drive, Portable Power Bank(Zipper Random)Storage Case Cable Bag Digital Bag Charger Case For Business,Travel,School,College,Office School Supplies School Accessaries Back To School Universty Students Organizer","Free Returns ✓ Free Shipping✓. Electronics Organizer Travel Case, Carrying Pouch Bag For Travel Essentials, For Cable, Charging Cord, External Hard Drive, Portable Power Bank(Zipper Random)Storage Case Cable Bag Digital Bag Charger Case For Business,Travel,School,College,Office School Supplies School Accessaries Back To School Universty Students Organizer- Digital Bags at SHEIN.",7.2,6.7,USD,FALSE,Black,one-size,US,us.shein.com,7,706,706,,Bags & Luggage,Digital Bags,SHEIN,TRUE,TRUE,0.9305555555555556,Green
"1 Roll/16.4ft Eucalyptus Leaf Floral Border Sticker, For School Chalkboard, Community Bulletin Board Decoration","Free Returns ✓ Free Shipping✓. 1 Roll/16.4ft Eucalyptus Leaf Floral Border Sticker, For School Chalkboard, Community Bulletin Board Decoration- Label Stickers at SHEIN.",3.3,3.25,USD,TRUE,Green,one-size,US,us.shein.com,5,707,707,,Office & School Supplies,Label Stickers,SHEIN,TRUE,TRUE,0.9848484848484849,Green
2024 New Portable Powerful LED Flashlight High Power Super Bright Tactical Light Rechargeable Telescopic Zoom Waterproof With LED Power Display Lantern Built-In 3600 MAh Battery Flashlight Fishing Light Emergency Light White Laser,Free Returns ✓ Free Shipping✓. 2024 New Portable Powerful LED Flashlight High Power Super Bright Tactical Light Rechargeable Telescopic Zoom Waterproof With LED Power Display Lantern Built-In 3600 MAh Battery Flashlight Fishing Light Emergency Light White Laser- Flashlights & Torches at SHEIN.,9,9,USD,TRUE,Black,3600mAh+Data Cable,US,us.shein.com,22,708,708,,Tools & Home Improvement,Flashlights & Torches,SHEIN,TRUE,TRUE,1,Green
"1PC Protective Case  Compatible With Samsung Smart TV Remote Control, Silicone  Anti-Slip Cover Universal Replacement Sleeve Skin With Lanyard Glow In The Dark,With Multiple Colors","Free Returns ✓ Free Shipping✓. 1PC Protective Case  Compatible With Samsung Smart TV Remote Control, Silicone  Anti-Slip Cover Universal Replacement Sleeve Skin With Lanyard Glow In The Dark,With Multiple Colors- Remote Control Covers at SHEIN.",2.8,2.7,USD,TRUE,sky blue,one piece,US,us.shein.com,7,709,709,,Home & Living,Remote Control Covers,SHEIN,TRUE,FALSE,0.9642857142857144,Blue
1 Set 2 Pcs White Rhinestones Teardrop Shaped Glittery Stereo Gem Stickers Makeup Holiday Party Music Festival DIY Eyes Face Jewels Stickers Dance Performances Parties And Stage Cosplay Wedding Fake Tattoos,Free Returns ✓ Free Shipping✓. 1 Set 2 Pcs White Rhinestones Teardrop Shaped Glittery Stereo Gem Stickers Makeup Holiday Party Music Festival DIY Eyes Face Jewels Stickers Dance Performances Parties And Stage Cosplay Wedding Fake Tattoos- Glitter & Facial Gems at SHEIN.,1.6,1.12,USD,TRUE,Multicolor,Two,US,us.shein.com,12,710,710,,Beauty & Health,Glitter & Facial Gems,SHEIN,TRUE,TRUE,0.7,Multicolor
"Sunscreen Mask, Sunscreen Ladies Mask Version, Breathable, Thin, Moisturizing Mask Hanging Ear Type, Ice Silk Sunscreen Mask Scarf (Extremely Thin Material For A Better Fit On The Face).","Free Returns ✓ Free Shipping✓. Sunscreen Mask, Sunscreen Ladies Mask Version, Breathable, Thin, Moisturizing Mask Hanging Ear Type, Ice Silk Sunscreen Mask Scarf (Extremely Thin Material For A Better Fit On The Face).- Cycling Mask & Scarf at SHEIN.",2.5,1.5,USD,TRUE,Multicolor,Sunscreen Mask-black,US,us.shein.com,16,711,711,,Sports & Outdoor,Cycling Mask & Scarf,SHEIN,TRUE,TRUE,0.6,Multicolor
"Sympathy Gifts For Loss Of Loved One,1pc Heart Acrylic Personalized Photo Plaque For Desks,Missing Mom In Heaven Gifts,In Loving Memory Gifts For Dad,Memorial Plaque Gift For Family,Grief Gifts For Loss Of Husband,Personalized Picture Sign Gifts For Women,Custom Photo Plate Gifts For Man,In Memory Of Loved One Gifts,Desk Picture Plate Personalized","Free Returns ✓ Free Shipping✓. Sympathy Gifts For Loss Of Loved One,1pc Heart Acrylic Personalized Photo Plaque For Desks,Missing Mom In Heaven Gifts,In Loving Memory Gifts For Dad,Memorial Plaque Gift For Family,Grief Gifts For Loss Of Husband,Personalized Picture Sign Gifts For Women,Custom Photo Plate Gifts For Man,In Memory Of Loved One Gifts,Desk Picture Plate Personalized- Customized Creative Ornament at SHEIN.",6.9,5.67,USD,TRUE,YKL545-bTZ,one-size,US,us.shein.com,14,712,712,,Toys & Games,Customized Creative Ornament,SHEIN,TRUE,TRUE,0.8217391304347825,default
Unbeatablesale Swanson SWTRL240 24 In. Aluminum Top Read Level,Free Returns ✓ Free Shipping✓. Unbeatablesale Swanson SWTRL240 24 In. Aluminum Top Read Level- Level Measuring Instruments at SHEIN.,31.73,31.73,USD,TRUE,Multicolor,one-size,US,us.shein.com,3,713,713,,Tools & Home Improvement,Level Measuring Instruments,Unbeatablesale,TRUE,TRUE,1,Multicolor
"20pcs PET Hollow Drawing Templates, Suitable For Party And Festival Makeup, Eyeshadow Stencils, Great Party Favors","Free Returns ✓ Free Shipping✓. 20pcs PET Hollow Drawing Templates, Suitable For Party And Festival Makeup, Eyeshadow Stencils, Great Party Favors- Other Party Favors at SHEIN.",2.5,2.4,USD,TRUE,White,one-size,US,us.shein.com,7,714,714,,Home & Living,Other Party Favors,SHEIN,TRUE,TRUE,0.96,White
Unbeatablesale Jacks Imports 20146-5 Stainless Steel Twisted Wire Full Cheek Bit - 5 In.,Free Returns ✓ Free Shipping✓. Unbeatablesale Jacks Imports 20146-5 Stainless Steel Twisted Wire Full Cheek Bit - 5 In.- Horse Grooming & Bathing Supplies at SHEIN.,34.83,34.83,USD,TRUE,Multicolor,one-size,US,us.shein.com,3,715,715,,Pet Supplies,Horse Grooming & Bathing Supplies,Unbeatablesale,TRUE,TRUE,1,Multicolor
SHEIN Jacquard Knit Y2K Hat Unisex Patterned Cap Trendy Streetwear Hip Hop Letter Hat Halloween Beanie,Free Returns ✓ Free Shipping✓. SHEIN Jacquard Knit Y2K Hat Unisex Patterned Cap Trendy Streetwear Hip Hop Letter Hat Halloween Beanie- Women Beanie Hat at SHEIN.,3.6,3,USD,TRUE,Black,one-size,US,us.shein.com,3,716,716,,Apparel Accessories,Women Beanie Hat,SHEIN,TRUE,TRUE,0.8333333333333333,Green
"1PC Rhinestone Facial Tattoo Sticker For Party, Face Jewels Festival Makeup Eye Jewels Stick On Rhinestone For Face, Hair, Body, Eye Black Friday","Free Returns ✓ Free Shipping✓. 1PC Rhinestone Facial Tattoo Sticker For Party, Face Jewels Festival Makeup Eye Jewels Stick On Rhinestone For Face, Hair, Body, Eye Black Friday- Glitter & Facial Gems at SHEIN.",1.1,0.77,USD,TRUE,Black,one-size,US,us.shein.com,7,717,717,,Beauty & Health,Glitter & Facial Gems,SHEIN,TRUE,TRUE,0.7,Green
Unbeatablesale 22 In. X 34 In. Flamingo Splash On Coral Hand Hooked Accent Area Rug,Free Returns ✓ Free Shipping✓. Unbeatablesale 22 In. X 34 In. Flamingo Splash On Coral Hand Hooked Accent Area Rug- Decorative Rugs at SHEIN.,69.7,69.7,USD,TRUE,Coral,one-size,US,us.shein.com,3,718,718,,Home & Living,Decorative Rugs,Unbeatablesale,TRUE,TRUE,1,Pink
"Unbeatablesale Jacks P1000-LB Polo Bandages, Light Blue","Free Returns ✓ Free Shipping✓. Unbeatablesale Jacks P1000-LB Polo Bandages, Light Blue- Horse Grooming & Bathing Supplies at SHEIN.",28.18,28.18,USD,TRUE,Multicolor,one-size,US,us.shein.com,3,719,719,,Pet Supplies,Horse Grooming & Bathing Supplies,Unbeatablesale,TRUE,TRUE,1,Multicolor
PACOONE Folding Table Outdoor Portable Tea Coffee Tables Ultralight Garden Picnic Camping Mini Table Aluminum Alloy Small Table,Free Returns ✓ Free Shipping✓. PACOONE Folding Table Outdoor Portable Tea Coffee Tables Ultralight Garden Picnic Camping Mini Table Aluminum Alloy Small Table- Outdoor Table at SHEIN.,14,12.3,USD,FALSE,Grey,one-size,US,us.shein.com,6,720,720,,Sports & Outdoor,Outdoor Table,SHEIN,TRUE,TRUE,0.8785714285714287,Grey
"10pcs Vintage Red Velvet Rose Barrettes, Hair Clips For Girls & Brides Halloween","Free Returns ✓ Free Shipping✓. 10pcs Vintage Red Velvet Rose Barrettes, Hair Clips For Girls & Brides Halloween- Hair Clips at SHEIN.",1.6,1.5,USD,TRUE,Red,one-size,US,us.shein.com,10,721,721,,Apparel Accessories,Hair Clips,SHEIN,TRUE,TRUE,0.9375,Red
"IDsarah For Galaxy A54 5G Case Red For Men Women, Heavy Duty Protection Shockproof Anti-Scratch Slim Fit Lightweight Protective Durable Case Hard Cover With Kickstand For Samsung For Galaxy A54 5G,Red,Black,Light Blue,Clear Orange","Free Returns ✓ Free Shipping✓. IDsarah For Galaxy A54 5G Case Red For Men Women, Heavy Duty Protection Shockproof Anti-Scratch Slim Fit Lightweight Protective Durable Case Hard Cover With Kickstand For Samsung For Galaxy A54 5G,Red,Black,Light Blue,Clear Orange- Stand Phone Case at SHEIN.",13.9,9.5,USD,TRUE,Orange,Galaxy A54 5G,US,us.shein.com,15,722,722,,Cell Phones & Accessories,Stand Phone Case,SHEIN,TRUE,TRUE,0.6834532374100719,Orange
"Unbeatablesale TCpop108R-SageDrkP39 Polyester Poplin Tablecloth, Dark Sage - 108 In. Round","Free Returns ✓ Free Shipping✓. Unbeatablesale TCpop108R-SageDrkP39 Polyester Poplin Tablecloth, Dark Sage - 108 In. Round- Other Party Accessories at SHEIN.",37.97,37.97,USD,TRUE,Multicolor,one-size,US,us.shein.com,3,723,723,,Home & Living,Other Party Accessories,Unbeatablesale,TRUE,TRUE,1,Multicolor
"Unbeatablesale TCpop60x108-KhakiP33 Polyester Poplin Rectangular Tablecloth, Khaki - 60 X 108 In.","Free Returns ✓ Free Shipping✓. Unbeatablesale TCpop60x108-KhakiP33 Polyester Poplin Rectangular Tablecloth, Khaki - 60 X 108 In.- Other Party Accessories at SHEIN.",35.81,35.81,USD,TRUE,Multicolor,one-size,US,us.shein.com,3,724,724,,Home & Living,Other Party Accessories,Unbeatablesale,TRUE,TRUE,1,Multicolor
"Juvale 12-Pack Yellow Plastic Tablecloth - 84-Inch Round Disposable Table Cover, Fits Up To 72-Inch Round Tables, Yellow Themed Party Supplies , For Halloween Or Christmas Party","Free Returns ✓ Free Shipping✓. Juvale 12-Pack Yellow Plastic Tablecloth - 84-Inch Round Disposable Table Cover, Fits Up To 72-Inch Round Tables, Yellow Themed Party Supplies , For Halloween Or Christmas Party- Disposable Tableware Sets at SHEIN.",29.99,19.49,USD,TRUE,Yellow,one-size,US,us.shein.com,5,725,725,,Home & Living,Disposable Tableware Sets,SHEIN,TRUE,TRUE,0.6498832944314772,Yellow
"Jepeak Pack Of 4 24x24 Inch Throw Pillow Covers, Decorative Linen Farmhouse Modern Solid Cushion Cases For Couch Sofa Bed Home Decor","Free Returns ✓ Free Shipping✓. Jepeak Pack Of 4 24x24 Inch Throw Pillow Covers, Decorative Linen Farmhouse Modern Solid Cushion Cases For Couch Sofa Bed Home Decor- Cushion Cover at SHEIN.",37.8,27.2,USD,TRUE,Charcoal Gray,60*60,US,us.shein.com,20,726,726,,Home Textile,Cushion Cover,SHEIN,TRUE,TRUE,0.7195767195767195,Grey
1PC Punk Women's Sexy Underwear Accessories Adjustable Belt Gothic Body Restraint Device Suitable For Halloween Party Costume Matching,Free Returns ✓ Free Shipping✓. 1PC Punk Women's Sexy Underwear Accessories Adjustable Belt Gothic Body Restraint Device Suitable For Halloween Party Costume Matching- Women Harness Belts at SHEIN.,3.8,3.06,USD,TRUE,Black,one-size,US,us.shein.com,6,727,727,,Apparel Accessories,Women Harness Belts,SHEIN,TRUE,TRUE,0.8052631578947369,Green
Sunset Blossom Body Mist,Free Returns ✓ Free Shipping✓. Sunset Blossom Body Mist- Perfume at SHEIN.,13.99,13.99,USD,TRUE,Multicolor,one-size,US,us.shein.com,3,728,728,,Beauty & Health,Perfume,SHEIN,TRUE,TRUE,1,Multicolor
"Jepeak Jepeak Pack Of 2 Rhombus Textured Throw Pillow Covers Cushion Cases, Burlap Linen Decorative Pillow Covers For Sofa Couch Bed Home Decor, 16x24 Inch","Free Returns ✓ Free Shipping✓. Jepeak Jepeak Pack Of 2 Rhombus Textured Throw Pillow Covers Cushion Cases, Burlap Linen Decorative Pillow Covers For Sofa Couch Bed Home Decor, 16x24 Inch- Cushion Cover at SHEIN.",21.3,15.3,USD,TRUE,Light Cyan,40*60,US,us.shein.com,22,729,729,,Home Textile,Cushion Cover,Jepeak,TRUE,TRUE,0.7183098591549295,Teal
"20pcs/Pack Matte Edge Korean Wrapping Paper, Waterproof Semi-Transparent Rose Flower Shop Gift Bouquet Packaging Paper","Free Returns ✓ Free Shipping✓. 20pcs/Pack Matte Edge Korean Wrapping Paper, Waterproof Semi-Transparent Rose Flower Shop Gift Bouquet Packaging Paper- Gift Wrap Paper at SHEIN.",6,4.62,USD,TRUE,Red,58*58cm,US,us.shein.com,24,730,730,,Home & Living,Gift Wrap Paper,SHEIN,TRUE,TRUE,0.77,Red
"1pc Dry & Wet Makeup Sponge Set (With Storage Box), Non-Latex Makeup Blender, Reusable & Washable, Suitable For Powder & Liquid, Soft Finish, Makeup Tool For Daily Use & Travel, Unisex","Free Returns ✓ Free Shipping✓. 1pc Dry & Wet Makeup Sponge Set (With Storage Box), Non-Latex Makeup Blender, Reusable & Washable, Suitable For Powder & Liquid, Soft Finish, Makeup Tool For Daily Use & Travel, Unisex- Makeup Puffs & Sponges at SHEIN.",5,4.4,USD,TRUE,Mint Blue,Water Drop Flat Bottom Bevel,US,us.shein.com,17,731,731,,Beauty & Health,Makeup Puffs & Sponges,SHEIN,TRUE,TRUE,0.8800000000000001,Blue
1PC Mini Jewelry Organizer Display Travel Jewelry Zipper Case Boxes Earrings Necklace Ring Portable Jewelry Box Leather Storage For School Cosmetic Bag Back To School Supplies Cosmetic Storage School Stuff Bag Organizer Room Stuff,Free Returns ✓ Free Shipping✓. 1PC Mini Jewelry Organizer Display Travel Jewelry Zipper Case Boxes Earrings Necklace Ring Portable Jewelry Box Leather Storage For School Cosmetic Bag Back To School Supplies Cosmetic Storage School Stuff Bag Organizer Room Stuff- Make Up Bags at SHEIN.,6.4,6,USD,TRUE,Pink,one-size,US,us.shein.com,3,732,732,,Bags & Luggage,Make Up Bags,SHEIN,TRUE,TRUE,0.9375,Brown
"1pc Unisex Leather Belt, Men Trendy Automatic Buckle Waist Belt, Versatile Casual & Business Pant Strap","Free Returns ✓ Free Shipping✓. 1pc Unisex Leather Belt, Men Trendy Automatic Buckle Waist Belt, Versatile Casual & Business Pant Strap- Men Belts at SHEIN.",8.4,7.76,USD,TRUE,Gold,120,US,us.shein.com,5,733,733,,Men,Men Belts,SHEIN,TRUE,TRUE,0.9238095238095237,Gold
"1pc USB Powered Recirculating Desktop Decor With LED Lights, Lotus Design Desktop Fountain, Natural River Stones, Home Decor, Office & Indoor Decoration, Housewarming Gift","Free Returns ✓ Free Shipping✓. 1pc USB Powered Recirculating Desktop Decor With LED Lights, Lotus Design Desktop Fountain, Natural River Stones, Home Decor, Office & Indoor Decoration, Housewarming Gift- Tabletop Fountains at SHEIN.",43.4,41.8,USD,TRUE,Gold,one-size,US,us.shein.com,14,734,734,,Home & Living,Tabletop Fountains,SHEIN,TRUE,TRUE,0.9631336405529953,Gold
Insulin Ice Bag Refrigeration Bag Outdoor Convenient Refrigeration Insulation Insulin Storage Bag Travel Emergency Bag Camping Medical First Aid Kit First Aid Medical Bag Emergency Kit Bag,Free Returns ✓ Free Shipping✓. Insulin Ice Bag Refrigeration Bag Outdoor Convenient Refrigeration Insulation Insulin Storage Bag Travel Emergency Bag Camping Medical First Aid Kit First Aid Medical Bag Emergency Kit Bag- Medical Bags at SHEIN.,5.6,5.3,USD,TRUE,Red,Insulin Pack + Ice Pack,US,us.shein.com,11,735,735,,Bags & Luggage,Medical Bags,SHEIN,TRUE,TRUE,0.9464285714285715,Red
"10pcs Premium Realistic Horror Scar Tattoo Sticker, Scary Halloween/Christmas Temporary Tattoo","Free Returns ✓ Free Shipping✓. 10pcs Premium Realistic Horror Scar Tattoo Sticker, Scary Halloween/Christmas Temporary Tattoo- Assorted Stickers at SHEIN.",2.4,2.4,USD,TRUE,Multicolor,one-size,US,us.shein.com,7,736,736,,Office & School Supplies,Assorted Stickers,SHEIN,TRUE,TRUE,1,Multicolor
Fashionable Casual Large Capacity Tote Bag Women's Spring Summer New Canvas Bags Strawberry Pattern Shoulder Crossbody Ladies Soft Handbag,Free Returns ✓ Free Shipping✓. Fashionable Casual Large Capacity Tote Bag Women's Spring Summer New Canvas Bags Strawberry Pattern Shoulder Crossbody Ladies Soft Handbag- Women Crossbody at SHEIN.,5.8,5.4,USD,TRUE,Black,Medium,US,us.shein.com,14,737,737,,Bags & Luggage,Women Crossbody,SHEIN,TRUE,FALSE,0.9310344827586208,Green
Unbeatablesale Irwin Industrial Tool Co. HA53602 Straight Flute ST 2 Screw Extractor .18 In. TR 88 Carded Pack Of 3,Free Returns ✓ Free Shipping✓. Unbeatablesale Irwin Industrial Tool Co. HA53602 Straight Flute ST 2 Screw Extractor .18 In. TR 88 Carded Pack Of 3- Screwdriver at SHEIN.,10.26,10.26,USD,TRUE,Multicolor,one-size,US,us.shein.com,3,738,738,,Tools & Home Improvement,Screwdriver,Unbeatablesale,TRUE,TRUE,1,Multicolor
"Unbeatablesale PIX North America A34 36 In. FHP V-Belt, Black","Free Returns ✓ Free Shipping✓. Unbeatablesale PIX North America A34 36 In. FHP V-Belt, Black- Tool Cases at SHEIN.",16.3,16.3,USD,TRUE,Multicolor,one-size,US,us.shein.com,3,739,739,,Tools & Home Improvement,Tool Cases,Unbeatablesale,TRUE,TRUE,1,Multicolor
"1 Pack (30pcs) DIY Butterfly Decorations, Wooden Butterfly For Handcrafting, Painting, Decorating (Randomly Packed)","Free Returns ✓ Free Shipping✓. 1 Pack (30pcs) DIY Butterfly Decorations, Wooden Butterfly For Handcrafting, Painting, Decorating (Randomly Packed)- Drawing Stencils at SHEIN.",6.8,6.8,USD,TRUE,30 Pieces,one-size,US,us.shein.com,11,740,740,,Office & School Supplies,Drawing Stencils,SHEIN,TRUE,TRUE,1,default
"30pcs Gold Star Shaped Hair Scrunchies Set, Y2K Hippie Bohemian Hair Accessories Decorative Hair Clips For Women Daily Wear, Party Favor","Free Returns ✓ Free Shipping✓. 30pcs Gold Star Shaped Hair Scrunchies Set, Y2K Hippie Bohemian Hair Accessories Decorative Hair Clips For Women Daily Wear, Party Favor- Women Braid Rings at SHEIN.",1.4,1.4,USD,TRUE,Gold,one-size,US,us.shein.com,6,741,741,,Jewelry & Watches,Women Braid Rings,SHEIN,TRUE,TRUE,1,Gold
"30pcs Valentine's Day Style, Resin Material, Love Tie, Heart Shape, Cute Style, Nail Art Decor DIY Nail Art And Nail Products Nail Art Charm Nail Art Gem Nails, Randomly Mixed With Various Colors","Free Returns ✓ Free Shipping✓. 30pcs Valentine's Day Style, Resin Material, Love Tie, Heart Shape, Cute Style, Nail Art Decor DIY Nail Art And Nail Products Nail Art Charm Nail Art Gem Nails, Randomly Mixed With Various Colors- Rhinestones & Decorations at SHEIN.",1.5,1.3,USD,TRUE,Multicolor,Multicolor,US,us.shein.com,11,742,742,,Beauty & Health,Rhinestones & Decorations,SHEIN,FALSE,TRUE,0.8666666666666667,Multicolor
Halloween Decoration 35cm/13.7in Crazy Bunny Plushie Dreadfuls Cute Scary Bunny Plush Toys Animal Long EarStanding Stuffed Animals Plushies With 2 Rabbit Baby Decorate Creative Gifts For Kids Birthday Party Home Girls Room Decor Christmas Halloween Thanksgiving,Free Returns ✓ Free Shipping✓. Halloween Decoration 35cm/13.7in Crazy Bunny Plushie Dreadfuls Cute Scary Bunny Plush Toys Animal Long EarStanding Stuffed Animals Plushies With 2 Rabbit Baby Decorate Creative Gifts For Kids Birthday Party Home Girls Room Decor Christmas Halloween Thanksgiving- Kids Plush Animals at SHEIN.,25.3,23.62,USD,TRUE,Pink,Mother and Baby Rabbit,US,us.shein.com,21,743,743,,Toys & Games,Kids Plush Animals,SHEIN,TRUE,FALSE,0.9335968379446641,Brown
"Sweet Style Women's Bubble Pleated Shoulder Bag, Versatile Solid Color Underarm Bag For Daily Use, Small Mobile Coin Purse Evening Handbag, Outdoor Travel Vacation Shopping Bags, Casual Commuting Satchel For Students And White-Collar Workers","Free Returns ✓ Free Shipping✓. Sweet Style Women's Bubble Pleated Shoulder Bag, Versatile Solid Color Underarm Bag For Daily Use, Small Mobile Coin Purse Evening Handbag, Outdoor Travel Vacation Shopping Bags, Casual Commuting Satchel For Students And White-Collar Workers- Women Shoulder Bags at SHEIN.",5.2,3.9,USD,TRUE,White,one-size,US,us.shein.com,8,744,744,,Bags & Luggage,Women Shoulder Bags,SHEIN,TRUE,TRUE,0.75,White
Unbeatablesale Hurdle - 20 Inch,Free Returns ✓ Free Shipping✓. Unbeatablesale Hurdle - 20 Inch- Other Sports Accessories at SHEIN.,32.48,32.48,USD,TRUE,Multicolor,one-size,US,us.shein.com,3,745,745,,Sports & Outdoor,Other Sports Accessories,Unbeatablesale,FALSE,TRUE,1,Multicolor
"1 Set Of 15pcs Lavender Fragrance Bags, Butterfly Decor - Cloth Gift Bags For Cars, Closets & Home - Suitable For Birthdays, Holidays & Gifts - Bags With Purple Leaves Theme","Free Returns ✓ Free Shipping✓. 1 Set Of 15pcs Lavender Fragrance Bags, Butterfly Decor - Cloth Gift Bags For Cars, Closets & Home - Suitable For Birthdays, Holidays & Gifts - Bags With Purple Leaves Theme- Home Fragrance Sachets at SHEIN.",1.4,1.4,USD,TRUE,15 Items,one-size,US,us.shein.com,11,746,746,,Home & Living,Home Fragrance Sachets,SHEIN,TRUE,TRUE,1,default
"Idee-Home Outdoor Chair Cushions Set Of 4, 17"" X 16"" Outdoor Cushion Seat Cushion Waterproof Patio Furniture Cushions With Ties, Dining Chair Cushions Chair Pads","Free Returns ✓ Free Shipping✓. Idee-Home Outdoor Chair Cushions Set Of 4, 17"" X 16"" Outdoor Cushion Seat Cushion Waterproof Patio Furniture Cushions With Ties, Dining Chair Cushions Chair Pads- Outdoor Pillows & Cushions at SHEIN.",60.2,43.3,USD,FALSE,Red,17*16*2 inch,US,us.shein.com,7,747,747,,Home Textile,Outdoor Pillows & Cushions,SHEIN,TRUE,TRUE,0.7192691029900331,Red
Unbeatablesale 15 In. Wide Pencil Drawer With BB Slide - Black,Free Returns ✓ Free Shipping✓. Unbeatablesale 15 In. Wide Pencil Drawer With BB Slide - Black- Drawer Organizer at SHEIN.,45.43,45.43,USD,TRUE,Multicolor,one-size,US,us.shein.com,3,748,748,,Home & Living,Drawer Organizer,Unbeatablesale,TRUE,TRUE,1,Multicolor
1 Set Teacher Appreciation Memo Pad Set - School Stationery For Writing And Reminder Notes Sticky Notes,"Free Returns ✓ Free Shipping✓. 1 Set Teacher Appreciation Memo Pad Set - School Stationery For Writing And Reminder Notes Sticky Notes- Kids Diaries, Journals, & Notebooks at SHEIN.",4.3,4.3,USD,TRUE,Multicolor,one-size,US,us.shein.com,20,749,749,,Toys & Games,"Kids Diaries, Journals, & Notebooks",SHEIN,FALSE,TRUE,1,Multicolor
"Unbeatablesale PML320 Louvered Face Plate, Brown","Free Returns ✓ Free Shipping✓. Unbeatablesale PML320 Louvered Face Plate, Brown- Hanging Hardware at SHEIN.",14.16,14.16,USD,TRUE,Red,one-size,US,us.shein.com,3,750,750,,Tools & Home Improvement,Hanging Hardware,Unbeatablesale,TRUE,FALSE,1,Red
"TV Stands For Living Room, Industrial TV Stand For Bedroom Furniture, Farmhouse TV Stand 80 Inch Television Stand , Modern Horizontal Wood And Metal Open Bookshelf","Free Returns ✓ Free Shipping✓. TV Stands For Living Room, Industrial TV Stand For Bedroom Furniture, Farmhouse TV Stand 80 Inch Television Stand , Modern Horizontal Wood And Metal Open Bookshelf- Television Stands & Entertainment Centers at SHEIN.",349.9,248.4,USD,TRUE,Espresso,70.87*15.75*33.46in,US,us.shein.com,8,751,751,,Tools & Home Improvement,Television Stands & Entertainment Centers,SHEIN,TRUE,TRUE,0.7099171191769078,Brown
"1 Set 6.8 Oz Stainless Steel Coffee Cups Set Espresso Cups, Double Walled Coffee Mugs Drinkware For Latte, Cappuccino, Milk, Tea,For Afternoon Tea Party","Free Returns ✓ Free Shipping✓. 1 Set 6.8 Oz Stainless Steel Coffee Cups Set Espresso Cups, Double Walled Coffee Mugs Drinkware For Latte, Cappuccino, Milk, Tea,For Afternoon Tea Party- Mugs at SHEIN.",7.9,5.69,USD,TRUE,Silver,one-size,US,us.shein.com,8,752,752,,Home & Living,Mugs,SHEIN,TRUE,TRUE,0.7202531645569621,Silver
"Unbeatablesale 35 X 35 In. Furniture Protector Pet Cover With Shredded Foam Filled 3-Sided Bolster Soft Plush Fabric,; Beige","Free Returns ✓ Free Shipping✓. Unbeatablesale 35 X 35 In. Furniture Protector Pet Cover With Shredded Foam Filled 3-Sided Bolster Soft Plush Fabric,; Beige- Pet Blankets & Covers at SHEIN.",99.03,99.03,USD,TRUE,Red,one-size,US,us.shein.com,3,753,753,,Pet Supplies,Pet Blankets & Covers,Unbeatablesale,TRUE,TRUE,1,Red
"Unbeatablesale Integra Dispensing Correction Tape,; White - Pack Of 2","Free Returns ✓ Free Shipping✓. Unbeatablesale Integra Dispensing Correction Tape,; White - Pack Of 2- Sewing at SHEIN.",13.1,13.1,USD,TRUE,White,one-size,US,us.shein.com,3,754,754,,Home & Living,Sewing,Unbeatablesale,FALSE,TRUE,1,White
"10pcs Random Color Solid Throwing Rings Toss Game Prop,Adult Party Games Suitable For Halloween/Christmas/Thanksgiving","Free Returns ✓ Free Shipping✓. 10pcs Random Color Solid Throwing Rings Toss Game Prop,Adult Party Games Suitable For Halloween/Christmas/Thanksgiving- Other Throwing Games at SHEIN.",3.8,3.3,USD,TRUE,Multicolor,10 Random Color Solid Rings,US,us.shein.com,10,755,755,,Sports & Outdoor,Other Throwing Games,SHEIN,TRUE,TRUE,0.868421052631579,Multicolor
"1pc Unisex LED Smart Glasses, Bluetooth & App Controlled, Flashing & Glowing, Suitable For Halloween Cosplay Parties, Great Halloween Gift","Free Returns ✓ Free Shipping✓. 1pc Unisex LED Smart Glasses, Bluetooth & App Controlled, Flashing & Glowing, Suitable For Halloween Cosplay Parties, Great Halloween Gift- Costume Eyewear at SHEIN.",30.3,26.1,USD,TRUE,Black,one-size,US,us.shein.com,12,756,756,,Apparel Accessories,Costume Eyewear,SHEIN,TRUE,TRUE,0.8613861386138614,Green
Unbeatablesale Suntime ST-CO3-TTR-DWCLOCK Texas Tech Red Raiders-Dimension Wall Clock,Free Returns ✓ Free Shipping✓. Unbeatablesale Suntime ST-CO3-TTR-DWCLOCK Texas Tech Red Raiders-Dimension Wall Clock- Other Sports Accessories at SHEIN.,48.96,48.96,USD,TRUE,Red,one-size,US,us.shein.com,3,757,757,,Sports & Outdoor,Other Sports Accessories,Unbeatablesale,FALSE,TRUE,1,Red
Synthetic Anime   Cosplay Wig 35cm Short Black Heat-Resistant Hair For Men Party Wig,Free Returns ✓ Free Shipping✓. Synthetic Anime   Cosplay Wig 35cm Short Black Heat-Resistant Hair For Men Party Wig- Cosplay Wigs at SHEIN.,12.9,11.3,USD,TRUE,Black,12 Inch,US,us.shein.com,9,758,758,,Beauty & Health,Cosplay Wigs,SHEIN,TRUE,FALSE,0.875968992248062,Green
"Synthetic Hair Extensions 24"" Invisible Wire No Clip In Hair Extensions Secret Fish Line Straight Curly Wig Accessorie Secondary Colour High-Temperature Resistant Authentic And Natural","Free Returns ✓ Free Shipping✓. Synthetic Hair Extensions 24"" Invisible Wire No Clip In Hair Extensions Secret Fish Line Straight Curly Wig Accessorie Secondary Colour High-Temperature Resistant Authentic And Natural- Synthetic Extensions at SHEIN.",3.4,3,USD,TRUE,Piano Color,24 inch,US,us.shein.com,17,759,759,,Beauty & Health,Synthetic Extensions,SHEIN,TRUE,FALSE,0.8823529411764706,Black
"1set Includes 1pc Black Electronic Organizer Travel Case And 6pcs Silicone Cable Ties, Travel Essentials Bag, Cable, Charging Cable, External Hard Drive, Portable Power Bank (With Random Zipper), Suitable For Headphones, Phone Chargers, Mice, Audio, Computers, Reusable Cable Ties, And Cable Organizers For Home, Office, Kitchen, And School Use","Free Returns ✓ Free Shipping✓. 1set Includes 1pc Black Electronic Organizer Travel Case And 6pcs Silicone Cable Ties, Travel Essentials Bag, Cable, Charging Cable, External Hard Drive, Portable Power Bank (With Random Zipper), Suitable For Headphones, Phone Chargers, Mice, Audio, Computers, Reusable Cable Ties, And Cable Organizers For Home, Office, Kitchen, And School Use- Digital Bags at SHEIN.",6.7,6.3,USD,TRUE,Multicolor,1 Black Digital Bag and 6 Storage Straps,US,us.shein.com,15,760,760,,Bags & Luggage,Digital Bags,SHEIN,TRUE,TRUE,0.9402985074626865,Multicolor
Women's Kaftan Four Side Stretch Digital Printed Side Split Dress Coverup Casual Beach Cover Up,Free Returns ✓ Free Shipping✓. Women's Kaftan Four Side Stretch Digital Printed Side Split Dress Coverup Casual Beach Cover Up- Plus Size Cover Ups at SHEIN.,40.69,24.19,USD,TRUE,Hot Pink,one-size,US,us.shein.com,9,761,761,,Women Apparel,Plus Size Cover Ups,SHEIN,TRUE,TRUE,0.5944949619071025,Pink
"Electronics Organizer Travel Case, Carrying Pouch Bag For Travel Essentials, For Cable, Charging Cord, External Hard Drive, Portable Power Bank(Zipper Random)Storage Case Cable Bag Digital Bag Charger Case For Business,Travel,School,College,Office School Supplies School Accessaries Back To School Universty Students Organizer","Free Returns ✓ Free Shipping✓. Electronics Organizer Travel Case, Carrying Pouch Bag For Travel Essentials, For Cable, Charging Cord, External Hard Drive, Portable Power Bank(Zipper Random)Storage Case Cable Bag Digital Bag Charger Case For Business,Travel,School,College,Office School Supplies School Accessaries Back To School Universty Students Organizer- Digital Bags at SHEIN.",7.3,6.8,USD,TRUE,Pink,one-size,US,us.shein.com,7,762,762,,Bags & Luggage,Digital Bags,SHEIN,TRUE,TRUE,0.9315068493150684,Brown
School Style 3000pcs Pink Polymer Clay 24-Grid Bracelet / Bangle DIY Making Kit,Free Returns ✓ Free Shipping✓. School Style 3000pcs Pink Polymer Clay 24-Grid Bracelet / Bangle DIY Making Kit- Bracelet Making Kits at SHEIN.,6,5.1,USD,TRUE,Pink,24 Grid,US,us.shein.com,8,763,763,,Jewelry & Watches,Bracelet Making Kits,SHEIN,TRUE,TRUE,0.85,Brown
"1pc UV Protection Mini Umbrella For Sun And Rain, Portable Pocket Umbrella With UV Coating, 6-Rib Reinforced Sunshade Umbrella In Bright Orange Color","Free Returns ✓ Free Shipping✓. 1pc UV Protection Mini Umbrella For Sun And Rain, Portable Pocket Umbrella With UV Coating, 6-Rib Reinforced Sunshade Umbrella In Bright Orange Color- Umbrellas and Rain Hat Umbrellas at SHEIN.",7.7,4.62,USD,TRUE,Burnt Orange,one-size,US,us.shein.com,14,764,764,,Home & Living,Umbrellas and Rain Hat Umbrellas,SHEIN,TRUE,TRUE,0.6,Orange
"Jepeak Jepeak Woven Textured Decorative Throw Pillow Covers, Pack Of 2 Solid Linen Square Farmhouse Cushion Cases For Sofa Bed Couch, 22x22 Inch","Free Returns ✓ Free Shipping✓. Jepeak Jepeak Woven Textured Decorative Throw Pillow Covers, Pack Of 2 Solid Linen Square Farmhouse Cushion Cases For Sofa Bed Couch, 22x22 Inch- Cushion Cover at SHEIN.",21.4,15.4,USD,TRUE,Teal,55*55,US,us.shein.com,20,765,765,,Home Textile,Cushion Cover,Jepeak,TRUE,TRUE,0.7196261682242991,default
Unbeatablesale K Tool International KTI23005 1/2 Inch Drive Socket Extension 5 Inch,Free Returns ✓ Free Shipping✓. Unbeatablesale K Tool International KTI23005 1/2 Inch Drive Socket Extension 5 Inch- Sockets at SHEIN.,19.86,19.86,USD,TRUE,Multicolor,one-size,US,us.shein.com,3,766,766,,Tools & Home Improvement,Sockets,Unbeatablesale,TRUE,TRUE,1,Multicolor
Unbeatablesale Superior Laminators PM147 PEC Green 10 X 14 In. Placemat - Case Of 1000,Free Returns ✓ Free Shipping✓. Unbeatablesale Superior Laminators PM147 PEC Green 10 X 14 In. Placemat - Case Of 1000- Kitchen Tablecloth at SHEIN.,33.36,33.36,USD,TRUE,Green,one-size,US,us.shein.com,3,767,767,,Home & Living,Kitchen Tablecloth,Unbeatablesale,TRUE,TRUE,1,Green
1 Piece Vintage Fabric Thousand Bird Check Top Shoulder Handbag Simple Zipper Closure Tote Bag For Women's Daily Casual and Travel Use,Free Returns ✓ Free Shipping✓. 1 Piece Vintage Fabric Thousand Bird Check Top Shoulder Handbag Simple Zipper Closure Tote Bag For Women's Daily Casual and Travel Use- Women Tote Bags at SHEIN.,8.2,6.15,USD,TRUE,Brown,one-size,US,us.shein.com,13,768,768,,Bags & Luggage,Women Tote Bags,SHEIN,TRUE,TRUE,0.7500000000000001,Brown
"20pcs Colorful Vintage Style Paper Flower Fairy Stickers For Scrapbooking, 4cm","Free Returns ✓ Free Shipping✓. 20pcs Colorful Vintage Style Paper Flower Fairy Stickers For Scrapbooking, 4cm- Assorted Stickers at SHEIN.",1.9,1.9,USD,TRUE,Multicolor,A,US,us.shein.com,5,769,769,,Office & School Supplies,Assorted Stickers,SHEIN,TRUE,TRUE,1,Multicolor
"Punk Style Cross Crystal Pendant Necklace For Women, Gothic, European & American, Y2K Fashion Choker Necklace","Free Returns ✓ Free Shipping✓. Punk Style Cross Crystal Pendant Necklace For Women, Gothic, European & American, Y2K Fashion Choker Necklace- Women Pendant Necklaces at SHEIN.",1.2,1.2,USD,TRUE,Black,one-size,US,us.shein.com,3,770,770,,Jewelry & Watches,Women Pendant Necklaces,SHEIN,TRUE,TRUE,1,Green
"1 Set Pink Happy Birthday Paper Pennant Banner With Modern Metallic Letter Graphic Decoration, Suitable For Birthday Party","Free Returns ✓ Free Shipping✓. 1 Set Pink Happy Birthday Paper Pennant Banner With Modern Metallic Letter Graphic Decoration, Suitable For Birthday Party- Banners & Pennants at SHEIN.",1.7,1.6,USD,TRUE,Pink,one-size,US,us.shein.com,10,771,771,,Home & Living,Banners & Pennants,SHEIN,TRUE,TRUE,0.9411764705882354,Brown
"1set Simple Elegant Adjustable Gold-Color Open Bangle Necklace Set, Women Gift","Free Returns ✓ Free Shipping✓. 1set Simple Elegant Adjustable Gold-Color Open Bangle Necklace Set, Women Gift- Women Jewelry Sets at SHEIN.",3.1,3.1,USD,TRUE,Rose Gold,one-size,US,us.shein.com,10,772,772,,Jewelry & Watches,Women Jewelry Sets,SHEIN,TRUE,TRUE,1,Gold
"Italian Sectional Sofa 3-Seat 118"" Living Room Black Sectional Couch Modular Design Compressed And Movable Affordable Couch","Free Returns ✓ Free Shipping✓. Italian Sectional Sofa 3-Seat 118"" Living Room Black Sectional Couch Modular Design Compressed And Movable Affordable Couch- Living Room Sets at SHEIN.",1424.3,1011.2,USD,TRUE,Black,Three Seat,US,us.shein.com,10,773,773,,Tools & Home Improvement,Living Room Sets,SHEIN,TRUE,TRUE,0.7099627887383276,Green
"32 In 1 Cleaner Kit Laptop Screen Keyboard Electronics Cleaner Kit Keyboard Brush, Airpod Cleaning Tool, Phone Sceen Cleaner For Computers, MacBooks, Laptops, Airpods Pro, Headphones","Free Returns ✓ Free Shipping✓. 32 In 1 Cleaner Kit Laptop Screen Keyboard Electronics Cleaner Kit Keyboard Brush, Airpod Cleaning Tool, Phone Sceen Cleaner For Computers, MacBooks, Laptops, Airpods Pro, Headphones- Cleaning Brush at SHEIN.",10.1,10.1,USD,TRUE,White,one-size,US,us.shein.com,16,774,774,,Cell Phones & Accessories,Cleaning Brush,SHEIN,TRUE,FALSE,1,White
1 Pc Hair Bows For Women Big Bow Hair  Clips For Girls Silky Satin Large Hair Ribbons Oversized Long Tail Hair Bows Hair Barrettes Hair Accessories Gifts Halloween,Free Returns ✓ Free Shipping✓. 1 Pc Hair Bows For Women Big Bow Hair  Clips For Girls Silky Satin Large Hair Ribbons Oversized Long Tail Hair Bows Hair Barrettes Hair Accessories Gifts Halloween- Hair Clips at SHEIN.,1.8,1.44,USD,TRUE,Grey,one-size,US,us.shein.com,3,775,775,,Apparel Accessories,Hair Clips,SHEIN,TRUE,TRUE,0.7999999999999999,Grey
1pc Women Bow & Ribbon Decor Fashionable Hair Clip For Hair Decoration Cute Halloween,Free Returns ✓ Free Shipping✓. 1pc Women Bow & Ribbon Decor Fashionable Hair Clip For Hair Decoration Cute Halloween- Hair Clips at SHEIN.,1.9,1.8,USD,TRUE,Beige,one-size,US,us.shein.com,3,776,776,,Apparel Accessories,Hair Clips,SHEIN,TRUE,TRUE,0.9473684210526316,White
"14pairs Coral Fleece Cozy Absorbent Ankle Socks For Women, Thick & Warm, Fall/Winter","Free Returns ✓ Free Shipping✓. 14pairs Coral Fleece Cozy Absorbent Ankle Socks For Women, Thick & Warm, Fall/Winter- Women Crew Socks at SHEIN.",17.5,11.73,USD,TRUE,Multicolor,36-39,US,us.shein.com,18,777,777,,Underwear & Sleepwear,Women Crew Socks,SHEIN,TRUE,TRUE,0.6702857142857144,Multicolor
"14420pcs Beads For Bracelet Making Kit, 56 Colors Spacer Heishi Beads Flat Round Polymer Clay Beads With Pendant Charms Kits And Elastic Strings","Free Returns ✓ Free Shipping✓. 14420pcs Beads For Bracelet Making Kit, 56 Colors Spacer Heishi Beads Flat Round Polymer Clay Beads With Pendant Charms Kits And Elastic Strings- Jewelry Making Beads at SHEIN.",19.99,16.66,USD,TRUE,Multicolor,one-size,US,us.shein.com,6,778,778,,Home & Living,Jewelry Making Beads,SHEIN,TRUE,TRUE,0.8334167083541771,Multicolor
"32""X63"" Custom Image Super Large Beach Towel, Absorbent Colorful Towel For Beach, Travel, Swimming Pool, Yoga, Hotel, Party Guests And Daily Use Soft Blanket","Free Returns ✓ Free Shipping✓. 32""X63"" Custom Image Super Large Beach Towel, Absorbent Colorful Towel For Beach, Travel, Swimming Pool, Yoga, Hotel, Party Guests And Daily Use Soft Blanket- Customized Beach Towels at SHEIN.",9.1,8.8,USD,TRUE,Blue,one-size,US,us.shein.com,15,779,779,,Home & Living,Customized Beach Towels,SHEIN,TRUE,TRUE,0.9670329670329672,Blue
"1 Set: Addition Subtraction Table Flash Cards + 2 Pens, Math Fact Charts, Self-Check Learning Tool, Montessori Math Training Learning Toy, Teaching Education Game","Free Returns ✓ Free Shipping✓. 1 Set: Addition Subtraction Table Flash Cards + 2 Pens, Math Fact Charts, Self-Check Learning Tool, Montessori Math Training Learning Toy, Teaching Education Game- Kids Educational Flash Cards at SHEIN.",2.7,2.7,USD,FALSE,Multicolor,Addition and Subtraction + Pen Cards,US,us.shein.com,12,780,780,,Toys & Games,Kids Educational Flash Cards,SHEIN,TRUE,TRUE,1,Multicolor
"20 Sheets/Pack Matte Tissue Paper, Waterproof, Semi-Transparent Rose Flower Wrapping Paper For Korean Style Floral Bouquet Gifts","Free Returns ✓ Free Shipping✓. 20 Sheets/Pack Matte Tissue Paper, Waterproof, Semi-Transparent Rose Flower Wrapping Paper For Korean Style Floral Bouquet Gifts- Gift Wrap Paper at SHEIN.",6.8,5.3,USD,FALSE,Royal Blue,58*58cm,US,us.shein.com,19,781,781,,Home & Living,Gift Wrap Paper,SHEIN,TRUE,TRUE,0.7794117647058824,Blue
1PC Powerful Portable Lantern Hand Lamp With Hook Retro LED Camping Lights USB Rechargeable Built-In Battery For Hiking Fishing Outdoor Emergency,Free Returns ✓ Free Shipping✓. 1PC Powerful Portable Lantern Hand Lamp With Hook Retro LED Camping Lights USB Rechargeable Built-In Battery For Hiking Fishing Outdoor Emergency- Portable Lanterns at SHEIN.,13.1,13.1,USD,FALSE,As the Picture Shows,one-size,US,us.shein.com,20,782,782,,Tools & Home Improvement,Portable Lanterns,SHEIN,TRUE,TRUE,1,default
"1 Set Dual-Use Makeup Sponges With Storage Box, Non-Latex Reusable Makeup Blending Sponges, Suitable For Powder And Liquid, Soft And Smooth For Face Makeup, Suitable For Men And Women, Portable For Daily Use And Travel","Free Returns ✓ Free Shipping✓. 1 Set Dual-Use Makeup Sponges With Storage Box, Non-Latex Reusable Makeup Blending Sponges, Suitable For Powder And Liquid, Soft And Smooth For Face Makeup, Suitable For Men And Women, Portable For Daily Use And Travel- Makeup Puffs & Sponges at SHEIN.",5,4.3,USD,TRUE,Dusty Pink,Olive Double Cut,US,us.shein.com,21,783,783,,Beauty & Health,Makeup Puffs & Sponges,SHEIN,TRUE,TRUE,0.86,Pink
Unbeatablesale Iwata IWA-93512600 200 - 400 L Air Gasket,Free Returns ✓ Free Shipping✓. Unbeatablesale Iwata IWA-93512600 200 - 400 L Air Gasket- Hand Tool Sets at SHEIN.,25.96,25.96,USD,TRUE,Multicolor,one-size,US,us.shein.com,3,784,784,,Tools & Home Improvement,Hand Tool Sets,Unbeatablesale,TRUE,TRUE,1,Multicolor
1pc Unisex Carved Vintage Magic Costume Wand For Costume Party Halloween,Free Returns ✓ Free Shipping✓. 1pc Unisex Carved Vintage Magic Costume Wand For Costume Party Halloween- Costume Props at SHEIN.,2.5,2.4,USD,TRUE,Coffee Brown,one-size,US,us.shein.com,2,785,785,,Apparel Accessories,Costume Props,SHEIN,TRUE,TRUE,0.96,Brown
"2025 New Red Tie-Dye Microfiber Beach Towel, Quick Dry Sports Towel, Sun Protection Swimming Shawl","Free Returns ✓ Free Shipping✓. 2025 New Red Tie-Dye Microfiber Beach Towel, Quick Dry Sports Towel, Sun Protection Swimming Shawl- Beach Towels at SHEIN.",10.5,9.2,USD,TRUE,Multicolor,one-size,US,us.shein.com,8,786,786,,Sports & Outdoor,Beach Towels,SHEIN,FALSE,TRUE,0.8761904761904761,Multicolor
"36pcs Large Food Storage Containers With Lids, Airtight Food Storage Containers For Kitchen Pantry Organization And Storage, Plastic Storage Canisters With Lids, For Cereal, Pasta, Flour & Sugar, Kitchen Supplies","Free Returns ✓ Free Shipping✓. 36pcs Large Food Storage Containers With Lids, Airtight Food Storage Containers For Kitchen Pantry Organization And Storage, Plastic Storage Canisters With Lids, For Cereal, Pasta, Flour & Sugar, Kitchen Supplies- Cookie Jars at SHEIN.",62.1,44.9,USD,TRUE,Black and White,36pcs,US,us.shein.com,21,787,787,,Home & Living,Cookie Jars,SHEIN,TRUE,TRUE,0.7230273752012881,Black
1pc Unisex Letter Patch Decor Adjustable Baseball Cap For Outdoor Travel Street,Free Returns ✓ Free Shipping✓. 1pc Unisex Letter Patch Decor Adjustable Baseball Cap For Outdoor Travel Street- Men Baseball Cap at SHEIN.,7.2,5.9,USD,TRUE,Dark Green,one-size,US,us.shein.com,5,788,788,,Apparel Accessories,Men Baseball Cap,SHEIN,TRUE,TRUE,0.8194444444444444,Green
Insulin Ice Bag Refrigeration Bag Outdoor Convenient Refrigeration Insulation Insulin Storage Bag,Free Returns ✓ Free Shipping✓. Insulin Ice Bag Refrigeration Bag Outdoor Convenient Refrigeration Insulation Insulin Storage Bag- Medical Bags at SHEIN.,5.9,5.5,USD,TRUE,Black,Insulin Pack + Ice Pack,US,us.shein.com,11,789,789,,Bags & Luggage,Medical Bags,SHEIN,FALSE,TRUE,0.9322033898305084,Green
"Fashionable Casual Large Capacity Tote Bag For Women, Spring/Summer New Canvas Bag With Strawberry Pattern, Shoulder/Crossbody Soft Bag","Free Returns ✓ Free Shipping✓. Fashionable Casual Large Capacity Tote Bag For Women, Spring/Summer New Canvas Bag With Strawberry Pattern, Shoulder/Crossbody Soft Bag- Women Crossbody at SHEIN.",5.9,5.6,USD,TRUE,Brown,Small,US,us.shein.com,18,790,790,,Bags & Luggage,Women Crossbody,SHEIN,TRUE,TRUE,0.9491525423728813,Brown
"1PC Panda Plush, Cute Panda Plushies Toy,  Nude Bear Doll Pillow, Panda Doll Sleeping Hugging Plush Toy, Soft Plushie Cuddle Pillow, Anime Plushie Doll, Cute Stuff Toys Gift For For Easter, Christmas, Halloween, Thanksgiving Party Favors And Children's Gifts","Free Returns ✓ Free Shipping✓. 1PC Panda Plush, Cute Panda Plushies Toy,  Nude Bear Doll Pillow, Panda Doll Sleeping Hugging Plush Toy, Soft Plushie Cuddle Pillow, Anime Plushie Doll, Cute Stuff Toys Gift For For Easter, Christmas, Halloween, Thanksgiving Party Favors And Children's Gifts- Holiday Decoration Supplies at SHEIN.",6.4,5.92,USD,TRUE,Multicolor,S-1pc,US,us.shein.com,12,791,791,,Home & Living,Holiday Decoration Supplies,SHEIN,TRUE,TRUE,0.9249999999999999,Multicolor
"30pcs Funny Lady Golf Tees, 76mm/3 Inch Plastic Golf Tee Pins For Golf Training Accessories","Free Returns ✓ Free Shipping✓. 30pcs Funny Lady Golf Tees, 76mm/3 Inch Plastic Golf Tee Pins For Golf Training Accessories- Golf Spikes at SHEIN.",13.7,12.1,USD,FALSE,Multicolor,30 Pieces In Mixed Colors,US,us.shein.com,16,792,792,,Sports & Outdoor,Golf Spikes,SHEIN,TRUE,TRUE,0.8832116788321168,Multicolor
Unbeatablesale K6145T Front Non-Adjustable Lower Press-In Type Ball Joint For 1970-2002 Chevrolet Camaro,Free Returns ✓ Free Shipping✓. Unbeatablesale K6145T Front Non-Adjustable Lower Press-In Type Ball Joint For 1970-2002 Chevrolet Camaro- Car Replacement Parts at SHEIN.,41.83,41.83,USD,TRUE,Multicolor,one-size,US,us.shein.com,3,793,793,,Automotive,Car Replacement Parts,Unbeatablesale,TRUE,TRUE,1,Multicolor
Marc Jacobs Women's Handbag PINK 2F3HSH020H01665,Free Returns ✓ Free Shipping✓. Marc Jacobs Women's Handbag PINK 2F3HSH020H01665- Women Top Handle Bags at SHEIN.,419.17,337.9,USD,FALSE,Pink,TU,US,us.shein.com,4,794,794,,Bags & Luggage,Women Top Handle Bags,Marc Jacobs,TRUE,TRUE,0.8061168499654078,Brown
1pc Unisex Letter Patch Decor Adjustable Baseball Cap For Outdoor Travel Street,Free Returns ✓ Free Shipping✓. 1pc Unisex Letter Patch Decor Adjustable Baseball Cap For Outdoor Travel Street- Men Baseball Cap at SHEIN.,5.6,3.86,USD,TRUE,Red,one-size,US,us.shein.com,5,795,795,,Apparel Accessories,Men Baseball Cap,SHEIN,TRUE,TRUE,0.6892857142857143,Red
1 Roll Light-colored Classic Wood Grain Print Waterproof Wear-resistant Floor Tile Sticker Home Decoration Non-slip Self-adhesive Moisture-proof Sticker 47.24x7.1inches,Free Returns ✓ Free Shipping✓. 1 Roll Light-colored Classic Wood Grain Print Waterproof Wear-resistant Floor Tile Sticker Home Decoration Non-slip Self-adhesive Moisture-proof Sticker 47.24x7.1inches- Floor Stickers at SHEIN.,3.3,3.2,USD,TRUE,Multicolor,one-size,US,us.shein.com,16,796,796,,Home & Living,Floor Stickers,SHEIN,TRUE,TRUE,0.9696969696969698,Multicolor
"Fashion Large Capacity Tote Bag For Women, New Casual Canvas Leopard Pattern One Shoulder Crossbody Soft Bag","Free Returns ✓ Free Shipping✓. Fashion Large Capacity Tote Bag For Women, New Casual Canvas Leopard Pattern One Shoulder Crossbody Soft Bag- Women Crossbody at SHEIN.",6.5,6.1,USD,TRUE,Multicolor,Small,US,us.shein.com,16,797,797,,Bags & Luggage,Women Crossbody,SHEIN,TRUE,TRUE,0.9384615384615385,Multicolor
"1 Set (20pcs) DIY Butterfly Decorations, Creative Hand-Painted Wooden Butterfly Cutouts For Crafts And Drawing (Random Packaging And Delivery)","Free Returns ✓ Free Shipping✓. 1 Set (20pcs) DIY Butterfly Decorations, Creative Hand-Painted Wooden Butterfly Cutouts For Crafts And Drawing (Random Packaging And Delivery)- Drawing Stencils at SHEIN.",5.6,5.6,USD,TRUE,Yellow,one-size,US,us.shein.com,8,798,798,,Office & School Supplies,Drawing Stencils,SHEIN,TRUE,TRUE,1,Yellow
21inch Synthetic Curly Wigs With Hat Long Hair Woman For Hair Toppers Hair Extension Fashion Headwear Topper Hairpiece,Free Returns ✓ Free Shipping✓. 21inch Synthetic Curly Wigs With Hat Long Hair Woman For Hair Toppers Hair Extension Fashion Headwear Topper Hairpiece- Synthetic Woven Wigs at SHEIN.,11.7,10.2,USD,TRUE,Light Brown,20 inch,US,us.shein.com,6,799,799,,Beauty & Health,Synthetic Woven Wigs,SHEIN,TRUE,TRUE,0.8717948717948718,Brown
"20Pcs Orange Small Paperclips,Orange Cute Small Paper Clips,Dachshund Shaped Paper Clips,Cute Paperclips Bookmarks Planner Clips,Office Supplies Gifts Binder And Paper Clips, Clamps And Rings","Free Returns ✓ Free Shipping✓. 20Pcs Orange Small Paperclips,Orange Cute Small Paper Clips,Dachshund Shaped Paper Clips,Cute Paperclips Bookmarks Planner Clips,Office Supplies Gifts Binder And Paper Clips, Clamps And Rings- Clips at SHEIN.",2.4,2.35,USD,TRUE,Orange,one-size,US,us.shein.com,4,800,800,,Office & School Supplies,Clips,SHEIN,TRUE,TRUE,0.9791666666666667,Orange
"10pcs Solar Powered Garden Pathway Lights, Outdoor Decorative Stake Landscape Lamps, Weatherproof","Free Returns ✓ Free Shipping✓. 10pcs Solar Powered Garden Pathway Lights, Outdoor Decorative Stake Landscape Lamps, Weatherproof- Decorative Garden Stakes at SHEIN.",16.1,15.5,USD,TRUE,Multicolor,10pc,US,us.shein.com,15,801,801,,Home & Living,Decorative Garden Stakes,SHEIN,TRUE,TRUE,0.9627329192546583,Multicolor
"1roll Wooden Pattern Waterproof Floor Sticker, Modern Wooden Pattern Floor Paper Sticker For Household","Free Returns ✓ Free Shipping✓. 1roll Wooden Pattern Waterproof Floor Sticker, Modern Wooden Pattern Floor Paper Sticker For Household- Floor Stickers at SHEIN.",3.3,0.99,USD,TRUE,Multicolor,one-size,US,us.shein.com,16,802,802,,Home & Living,Floor Stickers,SHEIN,TRUE,TRUE,0.30000000000000004,Multicolor
Unbeatablesale 36 In. Flocked Alaskan Multi LED,Free Returns ✓ Free Shipping✓. Unbeatablesale 36 In. Flocked Alaskan Multi LED- Artificial Tree at SHEIN.,100.99,100.99,USD,TRUE,Multicolor,one-size,US,us.shein.com,3,803,803,,Home & Living,Artificial Tree,Unbeatablesale,TRUE,TRUE,1,Multicolor
"1pc Graduation Card Box+36pcs Cards, 2024 Grad Ballot Box, Black Foldable Cardboard Congrats Card Gift Box For Graduation Party Supplies Party Favors","Free Returns ✓ Free Shipping✓. 1pc Graduation Card Box+36pcs Cards, 2024 Grad Ballot Box, Black Foldable Cardboard Congrats Card Gift Box For Graduation Party Supplies Party Favors- Gift Wrap Boxes at SHEIN.",6.1,6.1,USD,TRUE,Multicolor,one-size,US,us.shein.com,6,804,804,,Home & Living,Gift Wrap Boxes,SHEIN,TRUE,TRUE,1,Multicolor
"2pcs Women Khaki Wave Bowknot Sun Beach Hat & Woven Shoulder Tote Bag Set, Perfect For Holiday And Traveling","Free Returns ✓ Free Shipping✓. 2pcs Women Khaki Wave Bowknot Sun Beach Hat & Woven Shoulder Tote Bag Set, Perfect For Holiday And Traveling- Women Hat set at SHEIN.",10.3,7.65,USD,TRUE,Khaki,one-size,US,us.shein.com,5,805,805,,Apparel Accessories,Women Hat set,SHEIN,TRUE,TRUE,0.7427184466019418,Brown
"1 Roll Of 15"" X 394"" Solid Color Black Faux Leather Gift Wrap Paper, Suitable For Birthday Gifts, Home Parties, Wedding Decor, Floral Bouquets, Crafts And Artwork","Free Returns ✓ Free Shipping✓. 1 Roll Of 15"" X 394"" Solid Color Black Faux Leather Gift Wrap Paper, Suitable For Birthday Gifts, Home Parties, Wedding Decor, Floral Bouquets, Crafts And Artwork- Gift Wrap Paper at SHEIN.",4,2.92,USD,TRUE,Black,1 Roll (5m),US,us.shein.com,8,806,806,,Home & Living,Gift Wrap Paper,SHEIN,TRUE,TRUE,0.73,Green
1PC Polar Fleece Bench Cover Spandex Elastic Long Stool Covers Removable Washable Ottoman Seat Protector For Dining Room Bedroom,Free Returns ✓ Free Shipping✓. 1PC Polar Fleece Bench Cover Spandex Elastic Long Stool Covers Removable Washable Ottoman Seat Protector For Dining Room Bedroom- Chair Covers at SHEIN.,7.8,7.8,USD,TRUE,Beige,one-size,US,us.shein.com,4,807,807,,Home Textile,Chair Covers,SHEIN,TRUE,TRUE,1,White
20pcs Irregular Pentagram Shaped Metal Spring Keychain Hook Accessories For DIY,Free Returns ✓ Free Shipping✓. 20pcs Irregular Pentagram Shaped Metal Spring Keychain Hook Accessories For DIY- Keychain Accessories at SHEIN.,2.8,2.7,USD,TRUE,Multicolor,Special Shaped Five-pointed Star-20pcs,US,us.shein.com,8,808,808,,Apparel Accessories,Keychain Accessories,SHEIN,TRUE,TRUE,0.9642857142857144,Multicolor
"1 Roll - Solid White Kraft Gift Wrapping Paper, 15"" X 394"" - Ideal For Birthday Gifts, Party Decorations, Weddings, Floral Bouquets, Crafts And More","Free Returns ✓ Free Shipping✓. 1 Roll - Solid White Kraft Gift Wrapping Paper, 15"" X 394"" - Ideal For Birthday Gifts, Party Decorations, Weddings, Floral Bouquets, Crafts And More- Gift Wrap Paper at SHEIN.",3.9,3.5,USD,TRUE,White,1 Roll (5m),US,us.shein.com,9,809,809,,Home & Living,Gift Wrap Paper,SHEIN,TRUE,TRUE,0.8974358974358975,White
"Summer Fashionable Crossbody Bag, Multifunctional Large Capacity Phone Pouch Compatible With IPhone 15 14 13 12 11 Pro Max 6 6s 7 8 Plus X XS XR XS Max Protective Case","Free Returns ✓ Free Shipping✓. Summer Fashionable Crossbody Bag, Multifunctional Large Capacity Phone Pouch Compatible With IPhone 15 14 13 12 11 Pro Max 6 6s 7 8 Plus X XS XR XS Max Protective Case- Cardholder Phone Cases at SHEIN.",8.7,8.7,USD,TRUE,Pink,one-size,US,us.shein.com,15,810,810,,Cell Phones & Accessories,Cardholder Phone Cases,SHEIN,FALSE,TRUE,1,Brown
"14pcs/Set Makeup Brushes Kit, Includes Powder, Foundation Brushes, Portable Makeup Brush Set","Free Returns ✓ Free Shipping✓. 14pcs/Set Makeup Brushes Kit, Includes Powder, Foundation Brushes, Portable Makeup Brush Set- Brushes Sets at SHEIN.",3.2,2.59,USD,TRUE,Multicolor,1 Set (14Pcs),US,us.shein.com,11,811,811,,Beauty & Health,Brushes Sets,SHEIN,TRUE,TRUE,0.809375,Multicolor
Unbeatablesale Irwin Industrial Tool HAIWAF1316 Screwdriver Insert Bit Set - 16 Piece,Free Returns ✓ Free Shipping✓. Unbeatablesale Irwin Industrial Tool HAIWAF1316 Screwdriver Insert Bit Set - 16 Piece- Screwdriver at SHEIN.,81.14,81.14,USD,TRUE,Multicolor,one-size,US,us.shein.com,3,812,812,,Tools & Home Improvement,Screwdriver,Unbeatablesale,TRUE,TRUE,1,Multicolor
"3000pcs School Style Polymer Clay Bracelet / Bangle DIY Set, With Cute Enamel Flower Metal Pendants","Free Returns ✓ Free Shipping✓. 3000pcs School Style Polymer Clay Bracelet / Bangle DIY Set, With Cute Enamel Flower Metal Pendants- Bracelet Making Kits at SHEIN.",6.6,6.6,USD,TRUE,Blue,24 Grid,US,us.shein.com,8,813,813,,Jewelry & Watches,Bracelet Making Kits,SHEIN,TRUE,TRUE,1,Blue
1PC Sleek & Lightweight Drawstring Organizer Pouch: Transform Totes & Shoulder Bags Into Perfectly Organized Spaces,Free Returns ✓ Free Shipping✓. 1PC Sleek & Lightweight Drawstring Organizer Pouch: Transform Totes & Shoulder Bags Into Perfectly Organized Spaces- Fabric Storage at SHEIN.,23.8,17.1,USD,TRUE,Beige,L,US,us.shein.com,10,814,814,,Home Textile,Fabric Storage,SHEIN,TRUE,TRUE,0.7184873949579833,White
Unbeatablesale Jacks 11033 Black Steel Roping Spurs,Free Returns ✓ Free Shipping✓. Unbeatablesale Jacks 11033 Black Steel Roping Spurs- Horse Grooming & Bathing Supplies at SHEIN.,42.11,42.11,USD,TRUE,Multicolor,one-size,US,us.shein.com,3,815,815,,Pet Supplies,Horse Grooming & Bathing Supplies,Unbeatablesale,TRUE,TRUE,1,Multicolor
3000pcs Soft Ceramic Beads 24-Grid Bracelet DIY Making Set,Free Returns ✓ Free Shipping✓. 3000pcs Soft Ceramic Beads 24-Grid Bracelet DIY Making Set- Bracelet Making Kits at SHEIN.,6.2,6.2,USD,TRUE,Multicolor,24 Grid,US,us.shein.com,5,816,816,,Jewelry & Watches,Bracelet Making Kits,SHEIN,TRUE,TRUE,1,Multicolor
1 Set Of Women's Leopard Head Necklace And Earring Set Suitable For Daily Wear And Gifting To Friends,Free Returns ✓ Free Shipping✓. 1 Set Of Women's Leopard Head Necklace And Earring Set Suitable For Daily Wear And Gifting To Friends- Women Jewelry Sets at SHEIN.,3.1,2.27,USD,TRUE,Yellow Gold,one-size,US,us.shein.com,14,817,817,,Jewelry & Watches,Women Jewelry Sets,SHEIN,TRUE,TRUE,0.732258064516129,Gold
"1 Stainless Steel Fake Nose Ring, Nasal Septum Ring, C-Shaped Clip Lip Ring, Earring, Fake Nose Ring, Women's Body Accessory Without Perforation","Free Returns ✓ Free Shipping✓. 1 Stainless Steel Fake Nose Ring, Nasal Septum Ring, C-Shaped Clip Lip Ring, Earring, Fake Nose Ring, Women's Body Accessory Without Perforation- Women Nose Ring at SHEIN.",1.4,1.19,USD,TRUE,Silver,one-size,US,us.shein.com,4,818,818,,Jewelry & Watches,Women Nose Ring,SHEIN,TRUE,TRUE,0.85,Silver
Unbeatablesale Tapestry Coin Purse With Clasp - Cat,Free Returns ✓ Free Shipping✓. Unbeatablesale Tapestry Coin Purse With Clasp - Cat- Coin Purses at SHEIN.,18.25,18.25,USD,TRUE,Multicolor,one-size,US,us.shein.com,3,819,819,,Bags & Luggage,Coin Purses,Unbeatablesale,TRUE,TRUE,1,Multicolor
20Pcs Simulation Green Leaf Vine Decoration Simulation Ivy  Strip Decoration Living Room Garden Decoration,Free Returns ✓ Free Shipping✓. 20Pcs Simulation Green Leaf Vine Decoration Simulation Ivy  Strip Decoration Living Room Garden Decoration- Artificial Vertical Vines at SHEIN.,49.8,48,USD,TRUE,Green,one-size,US,us.shein.com,8,820,820,,Home & Living,Artificial Vertical Vines,SHEIN,TRUE,TRUE,0.9638554216867471,Green
"Synthetic Heat Resistant Fiber T-Lace Wig 13*4.5*1 Long Wavy Curly Hair 26 Inches Blonde Medium Parting Daily High Quality Ladies Wigs Wigs For Women Voluminous And Thick Suitable For Any Face Shape And Any Style Glamorous, Sexy And Lovely","Free Returns ✓ Free Shipping✓. Synthetic Heat Resistant Fiber T-Lace Wig 13*4.5*1 Long Wavy Curly Hair 26 Inches Blonde Medium Parting Daily High Quality Ladies Wigs Wigs For Women Voluminous And Thick Suitable For Any Face Shape And Any Style Glamorous, Sexy And Lovely- Synthetic Lace Wigs at SHEIN.",25,15,USD,FALSE,Gold,26 inch,US,us.shein.com,10,821,821,,Beauty & Health,Synthetic Lace Wigs,SHEIN,TRUE,FALSE,0.6,Gold
"Summer New Fashion Retro Style Office Business Casual Mini Bag With Chain, Vintage Shoulder Bag With Metal Decor And Alphabet Print For Women","Free Returns ✓ Free Shipping✓. Summer New Fashion Retro Style Office Business Casual Mini Bag With Chain, Vintage Shoulder Bag With Metal Decor And Alphabet Print For Women- Women Top Handle Bags at SHEIN.",9.6,9,USD,TRUE,Orange,one-size,US,us.shein.com,18,822,822,,Bags & Luggage,Women Top Handle Bags,SHEIN,TRUE,TRUE,0.9375,Orange
"Trending Crocodile Embossed Envelope Handbag, Fashionable Niche Design, Summer New Arrival","Free Returns ✓ Free Shipping✓. Trending Crocodile Embossed Envelope Handbag, Fashionable Niche Design, Summer New Arrival- Women Clutches at SHEIN.",5.3,3.18,USD,TRUE,White,one-size,US,us.shein.com,9,823,823,,Bags & Luggage,Women Clutches,SHEIN,TRUE,TRUE,0.6000000000000001,White
ROMWE Fairycore Fashionable Green Sun Shaped Gold Dangle Earrings,Free Returns ✓ Free Shipping✓. ROMWE Fairycore Fashionable Green Sun Shaped Gold Dangle Earrings- Women Dangle Earrings at SHEIN.,1.6,1.6,USD,TRUE,Yellow,one-size,US,us.shein.com,4,824,824,,Jewelry & Watches,Women Dangle Earrings,ROMWE,TRUE,FALSE,1,Yellow
Nike INC International Concepts Sweatshirt Men Green Regular Fit Full Zip Hoodie MXX2,Free Returns ✓ Free Shipping✓. Nike INC International Concepts Sweatshirt Men Green Regular Fit Full Zip Hoodie MXX2- Men Sports Sweatshirts at SHEIN.,29.99,29.99,USD,TRUE,Green,XS,US,us.shein.com,4,825,825,,Sports & Outdoor,Men Sports Sweatshirts,Nike,TRUE,TRUE,1,Green
"KUNJOULAM 2-Pack Semi Flush Mount Ceiling Light, Industrial Black Hallway Light Fixtures Ceiling Mount, Hollow Metal Cage Pendant Ceiling Light, Farmhouse Ceiling Lamp For Kitchen,Bedroom","Free Returns ✓ Free Shipping✓. KUNJOULAM 2-Pack Semi Flush Mount Ceiling Light, Industrial Black Hallway Light Fixtures Ceiling Mount, Hollow Metal Cage Pendant Ceiling Light, Farmhouse Ceiling Lamp For Kitchen,Bedroom- Ceiling Lights at SHEIN.",37.4,26.6,USD,TRUE,Black,one-size,US,us.shein.com,11,826,826,,Tools & Home Improvement,Ceiling Lights,SHEIN,FALSE,TRUE,0.7112299465240642,Green
"1 Roll/10 Yards, 1cm Wide Ombre Multicolor Pom Pom Trim, DIY Sewing Craft Supplies","Free Returns ✓ Free Shipping✓. 1 Roll/10 Yards, 1cm Wide Ombre Multicolor Pom Pom Trim, DIY Sewing Craft Supplies- Tassel Fringe at SHEIN.",2.9,2.47,USD,TRUE,Multicolor,10 Yards,US,us.shein.com,10,827,827,,Home & Living,Tassel Fringe,SHEIN,TRUE,TRUE,0.8517241379310345,Multicolor
"Unbeatablesale JCPal JCP2274 15-16 In. Professional Style Sleeve For Laptop, Gray","Free Returns ✓ Free Shipping✓. Unbeatablesale JCPal JCP2274 15-16 In. Professional Style Sleeve For Laptop, Gray- Laptop Sleeves at SHEIN.",42.49,42.49,USD,TRUE,Multicolor,one-size,US,us.shein.com,3,828,828,,Electronics,Laptop Sleeves,Unbeatablesale,FALSE,TRUE,1,Multicolor
"1 Set Of  3 Pcs Cute Christmas Tiered Tray Decorations Indoor, Wooden Gloves And Christmas Hat ,Santa Claus Table Decor For Party Home Decoration","Free Returns ✓ Free Shipping✓. 1 Set Of  3 Pcs Cute Christmas Tiered Tray Decorations Indoor, Wooden Gloves And Christmas Hat ,Santa Claus Table Decor For Party Home Decoration- Christmas Party Supplies at SHEIN.",6.7,6.5,USD,TRUE,Multicolor,3pcs,US,us.shein.com,7,829,829,,Home & Living,Christmas Party Supplies,SHEIN,TRUE,TRUE,0.9701492537313433,Multicolor
22cm/8.66inch Hot My Alien Pet Pou Plush Toys Lovely Pou Dolls Soft Stuffed Animals Alien Plush Doll Animal Pillow Pou Doll Peluche Kawaii Toys For Children Birthday Gifts Halloween,Free Returns ✓ Free Shipping✓. 22cm/8.66inch Hot My Alien Pet Pou Plush Toys Lovely Pou Dolls Soft Stuffed Animals Alien Plush Doll Animal Pillow Pou Doll Peluche Kawaii Toys For Children Birthday Gifts Halloween- Kids Plush Animals at SHEIN.,10.8,10.01,USD,TRUE,Multicolor,Innocent-22cm,US,us.shein.com,13,830,830,,Toys & Games,Kids Plush Animals,SHEIN,TRUE,TRUE,0.9268518518518518,Multicolor
20pcs (6.7 * 9.8inch) Happy Birthday Party Favor Bags Plastic Goodies Loot Bags Bulk For Woman Birthday Return Gift,Free Returns ✓ Free Shipping✓. 20pcs (6.7 * 9.8inch) Happy Birthday Party Favor Bags Plastic Goodies Loot Bags Bulk For Woman Birthday Return Gift- Gift Wrap Bags at SHEIN.,2.9,2.8,USD,TRUE,Multicolor,20pcs,US,us.shein.com,7,831,831,,Home & Living,Gift Wrap Bags,SHEIN,TRUE,FALSE,0.9655172413793103,Multicolor
Unbeatablesale 23.5 In. Battery Operated 6 LED Nyc 7Th Avenue Time Square Canvas Wall Hanging,Free Returns ✓ Free Shipping✓. Unbeatablesale 23.5 In. Battery Operated 6 LED Nyc 7Th Avenue Time Square Canvas Wall Hanging- Wall Decoration at SHEIN.,30.93,30.93,USD,TRUE,Multicolor,one-size,US,us.shein.com,3,832,832,,Home & Living,Wall Decoration,Unbeatablesale,TRUE,TRUE,1,Multicolor
1 Pc Hair Bows For Women Big Bow Hair Clips For Girls Silky Satin Large Hair Ribbons Oversized Long Tail Hair Bows Hair Barrettes Hair Accessories Gifts Halloween,Free Returns ✓ Free Shipping✓. 1 Pc Hair Bows For Women Big Bow Hair Clips For Girls Silky Satin Large Hair Ribbons Oversized Long Tail Hair Bows Hair Barrettes Hair Accessories Gifts Halloween- Hair Clips at SHEIN.,1.5,1.5,USD,TRUE,Red,one-size,US,us.shein.com,3,833,833,,Apparel Accessories,Hair Clips,SHEIN,FALSE,TRUE,1,Red
"144pcs/Box Mini Mahjong Party Toy Interaction Entertainment Tabletop Game, Holiday Gathering Supplies, Halloween Christmas Gifts, Toy Amusement Mahjong Game","Free Returns ✓ Free Shipping✓. 144pcs/Box Mini Mahjong Party Toy Interaction Entertainment Tabletop Game, Holiday Gathering Supplies, Halloween Christmas Gifts, Toy Amusement Mahjong Game- Other Party Favors at SHEIN.",14.9,12.67,USD,TRUE,Multicolor,A,US,us.shein.com,9,834,834,,Home & Living,Other Party Favors,SHEIN,TRUE,FALSE,0.8503355704697986,Multicolor
1pc Women Bow & Ribbon Decor Fashionable Hair Clip For Hair Decoration Cute Halloween,Free Returns ✓ Free Shipping✓. 1pc Women Bow & Ribbon Decor Fashionable Hair Clip For Hair Decoration Cute Halloween- Hair Clips at SHEIN.,1.7,1.36,USD,TRUE,Black,one-size,US,us.shein.com,3,835,835,,Apparel Accessories,Hair Clips,SHEIN,TRUE,TRUE,0.8,Green
"31.5"" Spun Bamboo Tall Floor Vase - Sleek Metallic Finish, Elegant Home Decoration, Modern Accent Piece, Living Room Decor, Handcrafted Bamboo Art, Contemporary Interior Design, Unique Tall Vase, Black Large","Free Returns ✓ Free Shipping✓. 31.5"" Spun Bamboo Tall Floor Vase - Sleek Metallic Finish, Elegant Home Decoration, Modern Accent Piece, Living Room Decor, Handcrafted Bamboo Art, Contemporary Interior Design, Unique Tall Vase, Black Large- Vases at SHEIN.",205.95,143.02,USD,TRUE,Gold,one-size,US,us.shein.com,4,836,836,,Home & Living,Vases,SHEIN,TRUE,TRUE,0.6944403981548921,Gold
"152Pcs Blue Gold Latex Garland Balloons For Wedding, Birthday, Pop Party, Bridal Shower, Graduation, Family Reunion, Bachelorette Party Decoration, Gender Reveal, Party Decoration","Free Returns ✓ Free Shipping✓. 152Pcs Blue Gold Latex Garland Balloons For Wedding, Birthday, Pop Party, Bridal Shower, Graduation, Family Reunion, Bachelorette Party Decoration, Gender Reveal, Party Decoration- Decorative Balloons at SHEIN.",9.1,8.8,USD,TRUE,Multicolor,one-size,US,us.shein.com,9,837,837,,Home & Living,Decorative Balloons,SHEIN,TRUE,TRUE,0.9670329670329672,Multicolor
30pcs Mixed Color Resin Cute Mini Cartoon Cat Claw Nail Art Flat Back Rhinestone Stickers Decoration DIY Craft & Wedding Scrapbooking Accessories,Free Returns ✓ Free Shipping✓. 30pcs Mixed Color Resin Cute Mini Cartoon Cat Claw Nail Art Flat Back Rhinestone Stickers Decoration DIY Craft & Wedding Scrapbooking Accessories- DIY Kits at SHEIN.,2,2,USD,TRUE,Color Mixing,View Image,US,us.shein.com,14,838,838,,Jewelry & Watches,DIY Kits,SHEIN,TRUE,TRUE,1,Multicolor
"Super7 - They Live ReAction Wave 2 - Female Ghoul (Glow)  [COLLECTABLES] Action Figure, Figure, Collectible","Free Returns ✓ Free Shipping✓. Super7 - They Live ReAction Wave 2 - Female Ghoul (Glow)  [COLLECTABLES] Action Figure, Figure, Collectible- Statue, Maquette & Bust Action Figures at SHEIN.",20,20,USD,TRUE,1810264,one-size,US,us.shein.com,2,839,839,,Toys & Games,"Statue, Maquette & Bust Action Figures",SHEIN,TRUE,TRUE,1,default
"1PC RC Dinosaur Drift Stunt Car, 2.4GHz 4WD Remote Control Dinosaur Car With Cool Light And Music, RC Cars.3.7V Li-Battery,500MAH Included.Play Time Is About 100 To 120 Minutes.Stunt Car With Light, Drift Through,Meets All The Fantasies Of Boys And Girls About Toy Cars.","Free Returns ✓ Free Shipping✓. 1PC RC Dinosaur Drift Stunt Car, 2.4GHz 4WD Remote Control Dinosaur Car With Cool Light And Music, RC Cars.3.7V Li-Battery,500MAH Included.Play Time Is About 100 To 120 Minutes.Stunt Car With Light, Drift Through,Meets All The Fantasies Of Boys And Girls About Toy Cars.- Kids Remote Control Cars at SHEIN.",34.9,34.9,USD,TRUE,Multicolor,one-size,US,us.shein.com,20,840,840,,Toys & Games,Kids Remote Control Cars,SHEIN,TRUE,TRUE,1,Multicolor
"Unbeatablesale 1.75 In. Clear Gel Floating Candles, Yellow - 12 Piece Per Box","Free Returns ✓ Free Shipping✓. Unbeatablesale 1.75 In. Clear Gel Floating Candles, Yellow - 12 Piece Per Box- Candles at SHEIN.",16.8,16.8,USD,TRUE,Yellow,one-size,US,us.shein.com,3,841,841,,Home & Living,Candles,Unbeatablesale,TRUE,TRUE,1,Yellow
"1 Set Of 16-In-1 Vegetable Dicer, Multi-Function Fruit Slicer, Semi-Automatic ABS Slicer With 8 Square Blades, Manual Food Grater, Onion Chopper, Potato Shredder, Kitchen Gadgets, Essential For Dorm","Free Returns ✓ Free Shipping✓. 1 Set Of 16-In-1 Vegetable Dicer, Multi-Function Fruit Slicer, Semi-Automatic ABS Slicer With 8 Square Blades, Manual Food Grater, Onion Chopper, Potato Shredder, Kitchen Gadgets, Essential For Dorm- Shredders & Slicers at SHEIN.",18.3,17.6,USD,TRUE,Multifunctional Vegetable Cutter,16-piece Set,US,us.shein.com,8,842,842,,Home & Living,Shredders & Slicers,SHEIN,TRUE,TRUE,0.9617486338797815,default
"1 Roll Of Retro Thick Painted Trees With Lush Green Leaves, Branches And Leaves, And Fresh Patterns In The Forest. Suitable For Home Decoration, Kitchen Cabinets, Tables And Chairs, Room Backgrounds, Home Renovation, DIY, Waterproof, Stain Resistant, Easy To Clean, Self-Adhesive, Peel And Paste Wallpaper, Wall Stickers, Wallpaper Wall Stickers","Free Returns ✓ Free Shipping✓. 1 Roll Of Retro Thick Painted Trees With Lush Green Leaves, Branches And Leaves, And Fresh Patterns In The Forest. Suitable For Home Decoration, Kitchen Cabinets, Tables And Chairs, Room Backgrounds, Home Renovation, DIY, Waterproof, Stain Resistant, Easy To Clean, Self-Adhesive, Peel And Paste Wallpaper, Wall Stickers, Wallpaper Wall Stickers- Wall Paper at SHEIN.",3,2.9,USD,TRUE,Multicolor,45CM*100CM,US,us.shein.com,20,843,843,,Home & Living,Wall Paper,SHEIN,TRUE,TRUE,0.9666666666666667,Multicolor
"Jepeak Jepeak Decorative Throw Pillow Covers Cases Pack Of 4 Chenille Cozy Modern Concise Square Cushion Covers For Sofa Couch Bedroom Home Decor, 20x20 Inch","Free Returns ✓ Free Shipping✓. Jepeak Jepeak Decorative Throw Pillow Covers Cases Pack Of 4 Chenille Cozy Modern Concise Square Cushion Covers For Sofa Couch Bedroom Home Decor, 20x20 Inch- Cushion Cover at SHEIN.",34.2,24.7,USD,TRUE,DimGrey,50*50,US,us.shein.com,18,844,844,,Home Textile,Cushion Cover,Jepeak,TRUE,TRUE,0.7222222222222221,Grey
"1 Set 6pcs Zirconia, Opal, Devil's Eye Earring & Stud Earrings Elegant Jewelry Set, Suitable For Women's Vacation, Date, Party And Daily Wear","Free Returns ✓ Free Shipping✓. 1 Set 6pcs Zirconia, Opal, Devil's Eye Earring & Stud Earrings Elegant Jewelry Set, Suitable For Women's Vacation, Date, Party And Daily Wear- Women Earring Sets at SHEIN.",3.8,3.8,USD,TRUE,Yellow Gold,Opal,US,us.shein.com,5,845,845,,Jewelry & Watches,Women Earring Sets,SHEIN,TRUE,TRUE,1,Gold
Unbeatablesale Kate Aspen 31894NA Personalized Water Bottle Labels - Modern Romance,Free Returns ✓ Free Shipping✓. Unbeatablesale Kate Aspen 31894NA Personalized Water Bottle Labels - Modern Romance- Sports Bottle at SHEIN.,23.12,23.12,USD,TRUE,Multicolor,one-size,US,us.shein.com,3,846,846,,Sports & Outdoor,Sports Bottle,Unbeatablesale,TRUE,TRUE,1,Multicolor
"31pcs Makeup Tool Powder Puff Makeup Egg Set (1 Makeup Mirror ++3 Headband +6 Large Powder Puff +10 Small Powder Puff +6 Large Makeup Egg +5 Small Makeup Egg), Professional Makeup Tools, Soft Skin, The Best Gift For Mother/Girlfriend","Free Returns ✓ Free Shipping✓. 31pcs Makeup Tool Powder Puff Makeup Egg Set (1 Makeup Mirror ++3 Headband +6 Large Powder Puff +10 Small Powder Puff +6 Large Makeup Egg +5 Small Makeup Egg), Professional Makeup Tools, Soft Skin, The Best Gift For Mother/Girlfriend- Makeup Puffs & Sponges at SHEIN.",8.1,5.91,USD,TRUE,Brown,31pcs,US,us.shein.com,12,847,847,,Beauty & Health,Makeup Puffs & Sponges,SHEIN,TRUE,TRUE,0.7296296296296296,Brown
"20pcs 160ml/5oz Dessert Cups, Trapezoid Clear Plastic Mousse Cups, Pudding Cups, Jelly Cups, Cake Cups, Square Cups , Festival, Party , For Halloween Or Christmas Party","Free Returns ✓ Free Shipping✓. 20pcs 160ml/5oz Dessert Cups, Trapezoid Clear Plastic Mousse Cups, Pudding Cups, Jelly Cups, Cake Cups, Square Cups , Festival, Party , For Halloween Or Christmas Party- Disposable Food Containers at SHEIN.",6.9,5.22,USD,TRUE,White,one-size,US,us.shein.com,13,848,848,,Home & Living,Disposable Food Containers,SHEIN,TRUE,TRUE,0.7565217391304347,White
Fossil Women's Hazel Gold-Tone Brass Chain Necklace,Free Returns ✓ Free Shipping✓. Fossil Women's Hazel Gold-Tone Brass Chain Necklace- Women Pendant Necklaces at SHEIN.,62.38,62.38,USD,TRUE,Gold,Small/Medium,US,us.shein.com,7,849,849,,Jewelry & Watches,Women Pendant Necklaces,Fossil,TRUE,TRUE,1,Gold
"360 Degree Rotating Pen Holder Desk Storage Box, Large Capacity Pen Case, Multi-Functional Desk Organiser For Students, Men And Women, No Stickers Included","Free Returns ✓ Free Shipping✓. 360 Degree Rotating Pen Holder Desk Storage Box, Large Capacity Pen Case, Multi-Functional Desk Organiser For Students, Men And Women, No Stickers Included- Stationery Storage Boxes at SHEIN.",5.8,4.64,USD,TRUE,Green,one-size,US,us.shein.com,19,850,850,,Office & School Supplies,Stationery Storage Boxes,SHEIN,TRUE,TRUE,0.7999999999999999,Green
"Fashionable Large Capacity Tote Bag For Women, Spring/Summer New Rattan Bag With Adjustable Shoulder Strap & Butterfly Pattern, For Casual Crossbody, Soft Bag","Free Returns ✓ Free Shipping✓. Fashionable Large Capacity Tote Bag For Women, Spring/Summer New Rattan Bag With Adjustable Shoulder Strap & Butterfly Pattern, For Casual Crossbody, Soft Bag- Women Crossbody at SHEIN.",5.9,5.5,USD,TRUE,Multicolor,one-size,US,us.shein.com,18,851,851,,Bags & Luggage,Women Crossbody,SHEIN,TRUE,FALSE,0.9322033898305084,Multicolor
"Jepeak Jepeak Burlap Linen Decorative Throw Pillow Covers Pack Of 2 Farmhouse Modern Cushion Covers Solid Square Pillowcases For Sofa Bed Couch, 18x18 Inch","Free Returns ✓ Free Shipping✓. Jepeak Jepeak Burlap Linen Decorative Throw Pillow Covers Pack Of 2 Farmhouse Modern Cushion Covers Solid Square Pillowcases For Sofa Bed Couch, 18x18 Inch- Cushion Cover at SHEIN.",21.4,15.4,USD,TRUE,Beige,45*45,US,us.shein.com,15,852,852,,Home Textile,Cushion Cover,Jepeak,TRUE,TRUE,0.7196261682242991,White
20Pcs Halloween Treat Bags 10.87 X 4.91 Inches Pumpkin Ghost Cookie Candy Bags Plastic Gift Bags Goodie Trick Or Treat Bags For Chocolate Snacks Party Favor,Free Returns ✓ Free Shipping✓. 20Pcs Halloween Treat Bags 10.87 X 4.91 Inches Pumpkin Ghost Cookie Candy Bags Plastic Gift Bags Goodie Trick Or Treat Bags For Chocolate Snacks Party Favor- Candy & Biscuit Wrapping Supplies at SHEIN.,2.3,1.38,USD,TRUE,Black,20pcs Random,US,us.shein.com,11,853,853,,Home & Living,Candy & Biscuit Wrapping Supplies,SHEIN,TRUE,TRUE,0.6,Green
"10pcs Sparkling Rhinestone Deer Nail Art Charms, Silver-Toned Alloy Reindeer Head Nail Decorations For DIY Christmas Manicure Crafts, Unscented - Ideal For Women And Girls","Free Returns ✓ Free Shipping✓. 10pcs Sparkling Rhinestone Deer Nail Art Charms, Silver-Toned Alloy Reindeer Head Nail Decorations For DIY Christmas Manicure Crafts, Unscented - Ideal For Women And Girls- Rhinestones & Decorations at SHEIN.",1.8,1.6,USD,TRUE,Multicolor,Silver,US,us.shein.com,4,854,854,,Beauty & Health,Rhinestones & Decorations,SHEIN,TRUE,TRUE,0.888888888888889,Multicolor
New Spring Jacquard Embroidery Large Capacity Tote Shoulder Bag (Random Pattern),Free Returns ✓ Free Shipping✓. New Spring Jacquard Embroidery Large Capacity Tote Shoulder Bag (Random Pattern)- Women Tote Bags at SHEIN.,10.9,10.2,USD,TRUE,Grey,one-size,US,us.shein.com,5,855,855,,Bags & Luggage,Women Tote Bags,SHEIN,TRUE,FALSE,0.9357798165137614,Grey
Spring New Jacquard Embroidered Large Capacity Tote Bag Shoulder Bag (Pattern Random),Free Returns ✓ Free Shipping✓. Spring New Jacquard Embroidered Large Capacity Tote Bag Shoulder Bag (Pattern Random)- Women Tote Bags at SHEIN.,13.6,12.7,USD,TRUE,Red,one-size,US,us.shein.com,5,856,856,,Bags & Luggage,Women Tote Bags,SHEIN,TRUE,TRUE,0.9338235294117647,Red
"Unbeatablesale Taiwan Fu Hsing Industrial 221752 Tru-Guard Castle Electronic Deadbolt Lock, Polished Brass","Free Returns ✓ Free Shipping✓. Unbeatablesale Taiwan Fu Hsing Industrial 221752 Tru-Guard Castle Electronic Deadbolt Lock, Polished Brass- Car Replacement Parts at SHEIN.",71.13,71.13,USD,TRUE,Multicolor,one-size,US,us.shein.com,3,857,857,,Automotive,Car Replacement Parts,Unbeatablesale,TRUE,FALSE,1,Multicolor
"Idee-Home Outdoor Chair Cushions Set Of 4, 17"" X 16"" Outdoor Cushion Seat Cushion Waterproof Patio Furniture Cushions With Ties, Dining Chair Cushions Chair Pads","Free Returns ✓ Free Shipping✓. Idee-Home Outdoor Chair Cushions Set Of 4, 17"" X 16"" Outdoor Cushion Seat Cushion Waterproof Patio Furniture Cushions With Ties, Dining Chair Cushions Chair Pads- Outdoor Pillows & Cushions at SHEIN.",60.2,43.3,USD,TRUE,Khaki,17*16*2 inch,US,us.shein.com,7,858,858,,Home Textile,Outdoor Pillows & Cushions,SHEIN,TRUE,FALSE,0.7192691029900331,Brown
"1pc Unisex Black & White Zirconia Splicing Necklace, Minimalist Design, Suitable For Halloween, Music Festivals And Other Festivals","Free Returns ✓ Free Shipping✓. 1pc Unisex Black & White Zirconia Splicing Necklace, Minimalist Design, Suitable For Halloween, Music Festivals And Other Festivals- Men Necklaces at SHEIN.",3.6,3.33,USD,TRUE,Silver,one-size,US,us.shein.com,4,859,859,,Men,Men Necklaces,SHEIN,TRUE,TRUE,0.925,Silver
Unbeatablesale Kamado Joe BJ-HDP 18 In. Heat Deflector,Free Returns ✓ Free Shipping✓. Unbeatablesale Kamado Joe BJ-HDP 18 In. Heat Deflector- Grill Accessories at SHEIN.,97.41,97.41,USD,TRUE,Multicolor,one-size,US,us.shein.com,3,860,860,,Sports & Outdoor,Grill Accessories,Unbeatablesale,TRUE,TRUE,1,Multicolor
"Idee-Home Outdoor Chair Cushions Set Of 4, 17"" X 16"" Outdoor Cushion Seat Cushion Waterproof Patio Furniture Cushions With Ties, Dining Chair Cushions Chair Pads","Free Returns ✓ Free Shipping✓. Idee-Home Outdoor Chair Cushions Set Of 4, 17"" X 16"" Outdoor Cushion Seat Cushion Waterproof Patio Furniture Cushions With Ties, Dining Chair Cushions Chair Pads- Outdoor Pillows & Cushions at SHEIN.",60.2,43.3,USD,TRUE,Green,17*16*2 inch,US,us.shein.com,7,861,861,,Home Textile,Outdoor Pillows & Cushions,SHEIN,TRUE,TRUE,0.7192691029900331,Green
20pcs Golf Short Pencil 10cm Pencil HB Pencil For Students(Four Colors),Free Returns ✓ Free Shipping✓. 20pcs Golf Short Pencil 10cm Pencil HB Pencil For Students(Four Colors)- Standard Pencils at SHEIN.,2.5,2.5,USD,TRUE,Multicolor,one-size,US,us.shein.com,5,862,862,,Office & School Supplies,Standard Pencils,SHEIN,TRUE,TRUE,1,Multicolor
"Idee-Home Outdoor Chair Cushions Set Of 4, 17"" X 16"" Outdoor Cushion Seat Cushion Waterproof Patio Furniture Cushions With Ties, Dining Chair Cushions Chair Pads","Free Returns ✓ Free Shipping✓. Idee-Home Outdoor Chair Cushions Set Of 4, 17"" X 16"" Outdoor Cushion Seat Cushion Waterproof Patio Furniture Cushions With Ties, Dining Chair Cushions Chair Pads- Outdoor Pillows & Cushions at SHEIN.",60.2,43.3,USD,TRUE,Beige,17*16*2 inch,US,us.shein.com,7,863,863,,Home Textile,Outdoor Pillows & Cushions,SHEIN,TRUE,FALSE,0.7192691029900331,White
Unbeatablesale Kay Berry When Someone You...Single-Tall Votive Holder,Free Returns ✓ Free Shipping✓. Unbeatablesale Kay Berry When Someone You...Single-Tall Votive Holder- Plaques & Signs at SHEIN.,38.51,38.51,USD,TRUE,Multicolor,one-size,US,us.shein.com,3,864,864,,Home & Living,Plaques & Signs,Unbeatablesale,TRUE,TRUE,1,Multicolor
"1 Set (10pcs) Flexible Fun Pencils, Bendable Creative Stationery Supplies, Small Incentive Prizes","Free Returns ✓ Free Shipping✓. 1 Set (10pcs) Flexible Fun Pencils, Bendable Creative Stationery Supplies, Small Incentive Prizes- Standard Pencils at SHEIN.",6.3,3.78,USD,TRUE,Multicolor,Style a [Lead Core HB],US,us.shein.com,9,865,865,,Office & School Supplies,Standard Pencils,SHEIN,TRUE,TRUE,0.6,Multicolor
"1 Roll/500pcs Creative Gift Sticker, Thank You Seal Labels For Envelopes, Crafts, Decorations And Presents, 1.5inch/2.5cm Non-Adhesive Label","Free Returns ✓ Free Shipping✓. 1 Roll/500pcs Creative Gift Sticker, Thank You Seal Labels For Envelopes, Crafts, Decorations And Presents, 1.5inch/2.5cm Non-Adhesive Label- Wall Decor & Stickers at SHEIN.",1.8,1.44,USD,TRUE,Champagne,1 Item,US,us.shein.com,13,866,866,,Home & Living,Wall Decor & Stickers,SHEIN,TRUE,TRUE,0.7999999999999999,Gold
"New Trendy Detachable Handmade Shoe Ornaments, Glossy Fabric Bowknot Pearl Shoe Clips Decoration For High Heels & Sandals, Fashion Shoe Accessories","Free Returns ✓ Free Shipping✓. New Trendy Detachable Handmade Shoe Ornaments, Glossy Fabric Bowknot Pearl Shoe Clips Decoration For High Heels & Sandals, Fashion Shoe Accessories- Shoe Decorations at SHEIN.",3.3,3.1,USD,FALSE,Black,one-size,US,us.shein.com,6,867,867,,Shoes,Shoe Decorations,SHEIN,TRUE,FALSE,0.9393939393939394,Green
"Kapibara New Large Capacity Cartoon Capybara Pencil Case, High Appearance Student Stationery Box, Durable","Free Returns ✓ Free Shipping✓. Kapibara New Large Capacity Cartoon Capybara Pencil Case, High Appearance Student Stationery Box, Durable- Pencil Storage Boxes at SHEIN.",5.2,5,USD,TRUE,Multicolor,Capybara Pencil Case - 1 Piece,US,us.shein.com,7,868,868,,Home & Living,Pencil Storage Boxes,SHEIN,TRUE,TRUE,0.9615384615384615,Multicolor
"1pc UV Protection Mini Umbrella, Portable Pocket Umbrella With UV Coating, 6-Rib Reinforced And Pocket Sized Sun Umbrella, Yellow For School,Office,Household,Travel","Free Returns ✓ Free Shipping✓. 1pc UV Protection Mini Umbrella, Portable Pocket Umbrella With UV Coating, 6-Rib Reinforced And Pocket Sized Sun Umbrella, Yellow For School,Office,Household,Travel- Umbrellas and Rain Hat Umbrellas at SHEIN.",7.6,7.3,USD,TRUE,Cream Color,one-size,US,us.shein.com,14,869,869,,Home & Living,Umbrellas and Rain Hat Umbrellas,SHEIN,FALSE,TRUE,0.9605263157894737,White
2024 Super Powerful 10000 Lumens LED Flashlight Super Bright Remote Control High Power Tactical Flashlight USB Telescopic Zoom Rechargeable Built-In Battery Portable Outdoor Camping Light Strong Light,Free Returns ✓ Free Shipping✓. 2024 Super Powerful 10000 Lumens LED Flashlight Super Bright Remote Control High Power Tactical Flashlight USB Telescopic Zoom Rechargeable Built-In Battery Portable Outdoor Camping Light Strong Light- Flashlights & Torches at SHEIN.,8.1,8.1,USD,TRUE,Black,Flashlight-built-in Battery + Data Cable,US,us.shein.com,22,870,870,,Tools & Home Improvement,Flashlights & Torches,SHEIN,TRUE,TRUE,1,Green
"21pcs Maple Leaf Balloon Theme, Autumn Maple Leaf Squirrel Pumpkin Pinecone Aluminum Foil Balloon Design, Family Party Birthday Thanksgiving Party Decoration","Free Returns ✓ Free Shipping✓. 21pcs Maple Leaf Balloon Theme, Autumn Maple Leaf Squirrel Pumpkin Pinecone Aluminum Foil Balloon Design, Family Party Birthday Thanksgiving Party Decoration- Decorative Balloons at SHEIN.",8.3,8,USD,TRUE,Multicolor,one-size,US,us.shein.com,11,871,871,,Home & Living,Decorative Balloons,SHEIN,TRUE,TRUE,0.9638554216867469,Multicolor
"31pcs Halloween Party Balloons Decorations, Black Orange And Black Agate Balloons With Bat Printed Clear Party Balloons  Halloween Birthday Party Home Garden Outdoor Decorations","Free Returns ✓ Free Shipping✓. 31pcs Halloween Party Balloons Decorations, Black Orange And Black Agate Balloons With Bat Printed Clear Party Balloons  Halloween Birthday Party Home Garden Outdoor Decorations- Decorative Balloons at SHEIN.",3.4,3.3,USD,TRUE,Multicolor,31pcs,US,us.shein.com,10,872,872,,Home & Living,Decorative Balloons,SHEIN,TRUE,TRUE,0.9705882352941176,Multicolor
Women's Kaftan Blouse Side Split Home Casual Cover Up Four Side Stretch Fabric Dress Cover Up,Free Returns ✓ Free Shipping✓. Women's Kaftan Blouse Side Split Home Casual Cover Up Four Side Stretch Fabric Dress Cover Up- Plus Size Cardigans at SHEIN.,37.49,22.19,USD,TRUE,Hot Pink,one-size,US,us.shein.com,9,873,873,,Women Apparel,Plus Size Cardigans,SHEIN,TRUE,TRUE,0.5918911709789277,Pink
"1 USB Electric Heated Hip Support Bracket, Heated Crotch Support Hot Compression, Hip Groin Massage Thighs, Support Wrap Hip Support, Suitable For Men And Women Motorcycle Riding, 3 Gear Heating Settings Automatically Off. (Excluding Mobile Power Supply)","Free Returns ✓ Free Shipping✓. 1 USB Electric Heated Hip Support Bracket, Heated Crotch Support Hot Compression, Hip Groin Massage Thighs, Support Wrap Hip Support, Suitable For Men And Women Motorcycle Riding, 3 Gear Heating Settings Automatically Off. (Excluding Mobile Power Supply)- Fitness Equipment Accessories at SHEIN.",40.8,34.5,USD,TRUE,Black,one-size,US,us.shein.com,22,874,874,,Sports & Outdoor,Fitness Equipment Accessories,SHEIN,TRUE,TRUE,0.8455882352941178,Green
"1 Set Dinosaur Themed Counting & Sorting Toy With Matching Game, For Preschool Education, Color & Shape Recognition TrainingSchool, Student,Stationery,School Supplies Halloween Decoration","Free Returns ✓ Free Shipping✓. 1 Set Dinosaur Themed Counting & Sorting Toy With Matching Game, For Preschool Education, Color & Shape Recognition TrainingSchool, Student,Stationery,School Supplies Halloween Decoration- Kids Sorting & Stacking Toys at SHEIN.",8.4,8.4,USD,TRUE,Multicolor,Dinosaur,US,us.shein.com,7,875,875,,Toys & Games,Kids Sorting & Stacking Toys,SHEIN,TRUE,TRUE,1,Multicolor
"Unbeatablesale TACMOD 770912 MIL-STD-1913 Long Modular Rail, 12'","Free Returns ✓ Free Shipping✓. Unbeatablesale TACMOD 770912 MIL-STD-1913 Long Modular Rail, 12'- Other Sports Accessories at SHEIN.",49.69,49.69,USD,TRUE,Multicolor,one-size,US,us.shein.com,3,876,876,,Sports & Outdoor,Other Sports Accessories,Unbeatablesale,TRUE,TRUE,1,Multicolor
"1pc Mini UV Protection Umbrella, Portable Pocket Umbrella With UV Coating, 6 Reinforced Ribs Sun Umbrella In Dark Green","Free Returns ✓ Free Shipping✓. 1pc Mini UV Protection Umbrella, Portable Pocket Umbrella With UV Coating, 6 Reinforced Ribs Sun Umbrella In Dark Green- Umbrellas and Rain Hat Umbrellas at SHEIN.",7.7,7.4,USD,TRUE,Green,one-size,US,us.shein.com,15,877,877,,Home & Living,Umbrellas and Rain Hat Umbrellas,SHEIN,TRUE,TRUE,0.961038961038961,Green
"Keep Sun Protective Anti UV 1pc Winter Cycling/Skiing/Running Outdoor Sports Multipurpose Neck Warmer, Windproof & Thermal Ski Mask","Free Returns ✓ Free Shipping✓. Keep Sun Protective Anti UV 1pc Winter Cycling/Skiing/Running Outdoor Sports Multipurpose Neck Warmer, Windproof & Thermal Ski Mask- Cycling Mask & Scarf at SHEIN.",8.4,7.4,USD,TRUE,Brown,one-size,US,us.shein.com,17,878,878,,Sports & Outdoor,Cycling Mask & Scarf,Keep,TRUE,TRUE,0.8809523809523809,Brown
"Trendy New Arrival Niche Design Crocodile Embossed Envelope Bag, Retro Fashion Handbag For Women","Free Returns ✓ Free Shipping✓. Trendy New Arrival Niche Design Crocodile Embossed Envelope Bag, Retro Fashion Handbag For Women- Women Clutches at SHEIN.",5,4.7,USD,TRUE,Black,one-size,US,us.shein.com,7,879,879,,Bags & Luggage,Women Clutches,SHEIN,TRUE,TRUE,0.9400000000000001,Green
"Unbeatablesale Iowa Smokehouse & Preferred Wholesale 260792 1.5 Oz Meat Sticks,; Bacon","Free Returns ✓ Free Shipping✓. Unbeatablesale Iowa Smokehouse & Preferred Wholesale 260792 1.5 Oz Meat Sticks,; Bacon- Dog Food at SHEIN.",52.42,52.42,USD,TRUE,Red,one-size,US,us.shein.com,3,880,880,,Pet Supplies,Dog Food,Unbeatablesale,TRUE,TRUE,1,Red
"Vintage Crocodile Embossed Envelope Bag, Trendy Small Niche Design Summer Handbag","Free Returns ✓ Free Shipping✓. Vintage Crocodile Embossed Envelope Bag, Trendy Small Niche Design Summer Handbag- Women Clutches at SHEIN.",5,3,USD,TRUE,Black,one-size,US,us.shein.com,11,881,881,,Bags & Luggage,Women Clutches,SHEIN,TRUE,FALSE,0.6,Green
Unbeatablesale Sunex Tools SUU-97738 0.5 In. Drive Straight Crowfoot Wrench,Free Returns ✓ Free Shipping✓. Unbeatablesale Sunex Tools SUU-97738 0.5 In. Drive Straight Crowfoot Wrench- Hand Tool Sets at SHEIN.,21.11,21.11,USD,TRUE,Multicolor,one-size,US,us.shein.com,3,882,882,,Tools & Home Improvement,Hand Tool Sets,Unbeatablesale,TRUE,TRUE,1,Multicolor
Instantly Upgrade Your Look With 24pcs Medium Square Solid Color Combination French Style Full Cover Fake Nail For Women And Girls,Free Returns ✓ Free Shipping✓. Instantly Upgrade Your Look With 24pcs Medium Square Solid Color Combination French Style Full Cover Fake Nail For Women And Girls- Press On False Nails at SHEIN.,1.8,1.52,USD,TRUE,Multicolor,Square,US,us.shein.com,5,883,883,,Beauty & Health,Press On False Nails,SHEIN,FALSE,TRUE,0.8444444444444444,Multicolor
20in Hardside ABS Cabin Suitcase Spinner Travel Luggage Trolley Lightweight Case,Free Returns ✓ Free Shipping✓. 20in Hardside ABS Cabin Suitcase Spinner Travel Luggage Trolley Lightweight Case- Luggage Sets at SHEIN.,98.99,68.99,USD,TRUE,Multicolor,32 inch,US,us.shein.com,4,884,884,,Bags & Luggage,Luggage Sets,SHEIN,TRUE,TRUE,0.6969390847560359,Multicolor
"1pc Ultra-Fine Fiber Coral Fleece Hand Towels, Super Absorbent, Cleaning Cloth, Wet Wipes, Kitchen Cloth","Free Returns ✓ Free Shipping✓. 1pc Ultra-Fine Fiber Coral Fleece Hand Towels, Super Absorbent, Cleaning Cloth, Wet Wipes, Kitchen Cloth- Hand Towels at SHEIN.",2.2,1.1,USD,FALSE,Multicolor,35*24,US,us.shein.com,20,885,885,,Home Textile,Hand Towels,SHEIN,TRUE,TRUE,0.5,Multicolor
"1pc Unique Hand-Shaped Jewelry Stand, Resin Material, Home Desk Decor Tray, Jewelry Storage Box","Free Returns ✓ Free Shipping✓. 1pc Unique Hand-Shaped Jewelry Stand, Resin Material, Home Desk Decor Tray, Jewelry Storage Box- Decorative Trays & Bowls at SHEIN.",11.8,7.08,USD,TRUE,Multicolor,White,US,us.shein.com,11,886,886,,Home & Living,Decorative Trays & Bowls,SHEIN,TRUE,TRUE,0.6,Multicolor
"Jepeak Jepeak Pack Of 2 16x24 Inch Throw Pillow Covers, Decorative Linen Farmhouse Modern Solid Cushion Cases For Couch Sofa Bed Home Decor","Free Returns ✓ Free Shipping✓. Jepeak Jepeak Pack Of 2 16x24 Inch Throw Pillow Covers, Decorative Linen Farmhouse Modern Solid Cushion Cases For Couch Sofa Bed Home Decor- Cushion Cover at SHEIN.",21.4,15.4,USD,TRUE,Light Coffee,40*60,US,us.shein.com,19,887,887,,Home Textile,Cushion Cover,Jepeak,TRUE,TRUE,0.7196261682242991,White
"1 Roll Of 2 Meter INS Style Scenery Washi Tape, Vintage Creative Aesthetic Sticker, DIY Decoration Collage Handmade Material, Festival Gift, Personalized Scrapbook School Stationery","Free Returns ✓ Free Shipping✓. 1 Roll Of 2 Meter INS Style Scenery Washi Tape, Vintage Creative Aesthetic Sticker, DIY Decoration Collage Handmade Material, Festival Gift, Personalized Scrapbook School Stationery- Masking Tape at SHEIN.",1.8,1.34,USD,FALSE,Multicolor,one-size,US,us.shein.com,11,888,888,,Office & School Supplies,Masking Tape,SHEIN,TRUE,TRUE,0.7444444444444445,Multicolor
"Sympathy Gifts For Loss Of Loved One,1pc Heart Acrylic Personalized Photo Plaque For Desks,Missing Mom In Heaven Gifts,In Loving Memory Gifts For Dad,Memorial Plaque Gift For Family,Grief Gifts For Loss Of Husband,Personalized Picture Sign Gifts For Women,Custom Photo Plate Gifts For Man,In Memory Of Loved One Gifts,Desk Picture Plate Personalized","Free Returns ✓ Free Shipping✓. Sympathy Gifts For Loss Of Loved One,1pc Heart Acrylic Personalized Photo Plaque For Desks,Missing Mom In Heaven Gifts,In Loving Memory Gifts For Dad,Memorial Plaque Gift For Family,Grief Gifts For Loss Of Husband,Personalized Picture Sign Gifts For Women,Custom Photo Plate Gifts For Man,In Memory Of Loved One Gifts,Desk Picture Plate Personalized- Customized Creative Ornament at SHEIN.",6.9,5.67,USD,FALSE,YKL543-bTZ,one-size,US,us.shein.com,14,889,889,,Toys & Games,Customized Creative Ornament,SHEIN,TRUE,FALSE,0.8217391304347825,default
"3pcs Women's Gothic Halloween Themed Bat, Pumpkin, Skeleton Head Deluxe 4.33in/11cm Large Square Hair Clips, Fashionable All-Match Elegant Classy Chic Hair Accessories For Everyday, Casual, Party, Commute, Vacation","Free Returns ✓ Free Shipping✓. 3pcs Women's Gothic Halloween Themed Bat, Pumpkin, Skeleton Head Deluxe 4.33in/11cm Large Square Hair Clips, Fashionable All-Match Elegant Classy Chic Hair Accessories For Everyday, Casual, Party, Commute, Vacation- Hair Claws at SHEIN.",3.2,3,USD,FALSE,Multicolor,one-size,US,us.shein.com,6,890,890,,Apparel Accessories,Hair Claws,SHEIN,TRUE,FALSE,0.9375,Multicolor
Sunflower Pattern Linen Cosmetic Bag For Fall Home Decor,Free Returns ✓ Free Shipping✓. Sunflower Pattern Linen Cosmetic Bag For Fall Home Decor- Makeup Bags at SHEIN.,2.4,2.3,USD,TRUE,White,one-size,US,us.shein.com,3,891,891,,Home & Living,Makeup Bags,SHEIN,FALSE,FALSE,0.9583333333333333,White
Balenciaga Women's Glasses PINK BB0095S003,Free Returns ✓ Free Shipping✓. Balenciaga Women's Glasses PINK BB0095S003- Women Fashion Glasses at SHEIN.,404.47,294.3,USD,TRUE,Pink,53,US,us.shein.com,5,892,892,,Apparel Accessories,Women Fashion Glasses,Balenciaga,FALSE,TRUE,0.7276188592479047,Brown
Unbeatablesale International Concepts K41-30RT 30 In. Round Top Pedestal Table With Dining Height Hickory & Stone,Free Returns ✓ Free Shipping✓. Unbeatablesale International Concepts K41-30RT 30 In. Round Top Pedestal Table With Dining Height Hickory & Stone- Dining Tables at SHEIN.,307.53,307.53,USD,TRUE,Multicolor,one-size,US,us.shein.com,3,893,893,,Tools & Home Improvement,Dining Tables,Unbeatablesale,TRUE,TRUE,1,Multicolor
Unbeatablesale Tape Logic DL1104 2 X 3 In. - Do Not Break Shrink Wrap Fluorescent Yellow Labels - Roll Of 500,Free Returns ✓ Free Shipping✓. Unbeatablesale Tape Logic DL1104 2 X 3 In. - Do Not Break Shrink Wrap Fluorescent Yellow Labels - Roll Of 500- Garment Labels at SHEIN.,25.01,25.01,USD,TRUE,Yellow,one-size,US,us.shein.com,3,894,894,,Home & Living,Garment Labels,Unbeatablesale,TRUE,TRUE,1,Yellow
"31.5"" Spun Bamboo Tall Floor Vase - Sleek Metallic Finish, Elegant Home Decoration, Modern Accent Piece, Living Room Decor, Handcrafted Bamboo Art, Contemporary Interior Design, Unique Tall Vase, Black Large","Free Returns ✓ Free Shipping✓. 31.5"" Spun Bamboo Tall Floor Vase - Sleek Metallic Finish, Elegant Home Decoration, Modern Accent Piece, Living Room Decor, Handcrafted Bamboo Art, Contemporary Interior Design, Unique Tall Vase, Black Large- Vases at SHEIN.",204.73,142.18,USD,TRUE,Red,one-size,US,us.shein.com,6,895,895,,Home & Living,Vases,SHEIN,TRUE,TRUE,0.6944756508572267,Red
"New Flat PC Plastic Hair Clips, Claws For Half-Up Hairstyles, Buns","Free Returns ✓ Free Shipping✓. New Flat PC Plastic Hair Clips, Claws For Half-Up Hairstyles, Buns- Hair Clips at SHEIN.",2.4,2.26,USD,TRUE,Mocha Brown,one-size,US,us.shein.com,6,896,896,,Apparel Accessories,Hair Clips,SHEIN,TRUE,TRUE,0.9416666666666667,Brown
"20pcs Gel Heel Protectors,Foot Blister Protection Blister Bandaids For Feet Blister Patches Heel Protectors For Blisters Waterproof Bandaids Seal Adhesive Blister Pads Blister Gel Guard For Foot, Toe, Heel,Shoes Stickers, Pain Relief & Foot Care Cushion Grip,Pack Anti-Slip Heel Cushion Insole, High Heel Pad Liner, Foot Care TooFor Outdoor,Sport,Travel,Household,Office,School","Free Returns ✓ Free Shipping✓. 20pcs Gel Heel Protectors,Foot Blister Protection Blister Bandaids For Feet Blister Patches Heel Protectors For Blisters Waterproof Bandaids Seal Adhesive Blister Pads Blister Gel Guard For Foot, Toe, Heel,Shoes Stickers, Pain Relief & Foot Care Cushion Grip,Pack Anti-Slip Heel Cushion Insole, High Heel Pad Liner, Foot Care TooFor Outdoor,Sport,Travel,Household,Office,School- Feet Protection at SHEIN.",1.4,1.12,USD,TRUE,White,one-size,US,us.shein.com,6,897,897,,Home & Living,Feet Protection,SHEIN,TRUE,TRUE,0.8000000000000002,White
215*141*86 L-shaped Three-Seat Simple Indoor Modular Sofa Yellow,Free Returns ✓ Free Shipping✓. 215*141*86 L-shaped Three-Seat Simple Indoor Modular Sofa Yellow- Sofas & Couches at SHEIN.,999.99,399.99,USD,TRUE,Yellow,one-size,US,us.shein.com,12,898,898,,Tools & Home Improvement,Sofas & Couches,SHEIN,TRUE,FALSE,0.3999939999399994,Yellow
20 Sheets/Pack Matte Paper Magic Edge Korean Art Flower Bouquet Gift Wrapping Paper With Waterproof Semi-Transparent Rose Pattern For Florist Shop And Flower Arrangement,Free Returns ✓ Free Shipping✓. 20 Sheets/Pack Matte Paper Magic Edge Korean Art Flower Bouquet Gift Wrapping Paper With Waterproof Semi-Transparent Rose Pattern For Florist Shop And Flower Arrangement- Gift Wrap Paper at SHEIN.,5.5,4.57,USD,TRUE,Black-58*58cm,58*58cm,US,us.shein.com,27,899,899,,Home & Living,Gift Wrap Paper,SHEIN,TRUE,TRUE,0.8309090909090909,Black
Unbeatablesale Jonathan Green & Sons 266269 7 Lbs Beauty Keystone Black,Free Returns ✓ Free Shipping✓. Unbeatablesale Jonathan Green & Sons 266269 7 Lbs Beauty Keystone Black- Wires & Cables at SHEIN.,54.7,54.7,USD,TRUE,Green,one-size,US,us.shein.com,3,900,900,,Tools & Home Improvement,Wires & Cables,Unbeatablesale,TRUE,TRUE,1,Green
Table,Free Returns ✓ Free Shipping✓. Table- Home Office Desks at SHEIN.,699.99,299.99,USD,TRUE,Pink,one-size,US,us.shein.com,2,901,901,,Tools & Home Improvement,Home Office Desks,SHEIN,FALSE,FALSE,0.4285632651895027,Brown
"IAGREEA Electric Mixer, Electric Mini Garlic Mincer, Kitchen Mixer, Kitchen Gadgets, Food Chopper Garlic Mincer, Vegetable Chopper, Onion Chopper, Portable Small Food Processor For Garlic, Ginger, Chili, Vegetables","Free Returns ✓ Free Shipping✓. IAGREEA Electric Mixer, Electric Mini Garlic Mincer, Kitchen Mixer, Kitchen Gadgets, Food Chopper Garlic Mincer, Vegetable Chopper, Onion Chopper, Portable Small Food Processor For Garlic, Ginger, Chili, Vegetables- Hand Blenders at SHEIN.",17.29,8.1,USD,TRUE,Pink,large size/250ml,US,us.shein.com,21,902,902,,Home Appliances,Hand Blenders,SHEIN,TRUE,TRUE,0.46847888953152106,Brown
"20pcs/set Artificial Pine Needles Plastic Accessories For Christmas Decoration Diy, Home Decor & Holiday Party Supplies","Free Returns ✓ Free Shipping✓. 20pcs/set Artificial Pine Needles Plastic Accessories For Christmas Decoration Diy, Home Decor & Holiday Party Supplies- Artificial Plants at SHEIN.",2.19,2.09,USD,TRUE,White,one-size,US,us.shein.com,7,903,903,,Home & Living,Artificial Plants,SHEIN,TRUE,TRUE,0.954337899543379,White
Unbeatablesale Sunex Tool .50 In. Drive Deep Metric Impact Socket – 24mm,Free Returns ✓ Free Shipping✓. Unbeatablesale Sunex Tool .50 In. Drive Deep Metric Impact Socket – 24mm- Sockets at SHEIN.,23.53,23.53,USD,TRUE,Multicolor,one-size,US,us.shein.com,3,904,904,,Tools & Home Improvement,Sockets,Unbeatablesale,TRUE,TRUE,1,Multicolor
"Summer Sea Salt Star DIY Phone Charm, Handmade Camera Beaded Lanyard","Free Returns ✓ Free Shipping✓. Summer Sea Salt Star DIY Phone Charm, Handmade Camera Beaded Lanyard- Cell Phone Lanyards at SHEIN.",2,2,USD,TRUE,Multicolor,White Bow Pink Star Lanyard,US,us.shein.com,12,905,905,,Cell Phones & Accessories,Cell Phone Lanyards,SHEIN,TRUE,TRUE,1,Multicolor
"Sun Protective Anti UV 1pair Summer Ice Sleeves, Sun Protection Sleeves, Men's And Women's Ice Silk Anti UV Arm Sleeves, Outdoor Driving And Cycling Arm Protection For Breathability,Suitable For Cycling And Riding Motorcycle","Free Returns ✓ Free Shipping✓. Sun Protective Anti UV 1pair Summer Ice Sleeves, Sun Protection Sleeves, Men's And Women's Ice Silk Anti UV Arm Sleeves, Outdoor Driving And Cycling Arm Protection For Breathability,Suitable For Cycling And Riding Motorcycle- Cycling Ice Sleeves at SHEIN.",2.3,1.89,USD,TRUE,Black,one-size,US,us.shein.com,14,906,906,,Sports & Outdoor,Cycling Ice Sleeves,SHEIN,TRUE,TRUE,0.8217391304347826,Green
"34 Mm. X 1/2"" Drive 6 Point Deep Impact Socket Spindle Axle Nut By X1 Tools","Free Returns ✓ Free Shipping✓. 34 Mm. X 1/2"" Drive 6 Point Deep Impact Socket Spindle Axle Nut By X1 Tools- Nuts at SHEIN.",21.6,21.6,USD,TRUE,Multicolor,1pc,US,us.shein.com,4,907,907,,Tools & Home Improvement,Nuts,SHEIN,TRUE,FALSE,1,Multicolor
"1 Set Of Bell Shaped Storage Jars, Display Dome Resin Molds, Dice Cup Silicone Mold Set With Base, Creative Jewelry Stand Display Jars, Resin Crafts For Epoxy Resin Casting, Home Decor Party Supplies","Free Returns ✓ Free Shipping✓. 1 Set Of Bell Shaped Storage Jars, Display Dome Resin Molds, Dice Cup Silicone Mold Set With Base, Creative Jewelry Stand Display Jars, Resin Crafts For Epoxy Resin Casting, Home Decor Party Supplies- Other Silicone Molds at SHEIN.",9.2,8.21,USD,FALSE,White,1 Set,US,us.shein.com,9,908,908,,Home & Living,Other Silicone Molds,SHEIN,TRUE,TRUE,0.8923913043478262,White
Unbeatablesale IKES 114211 Grip-Stick - 1 Gal,Free Returns ✓ Free Shipping✓. Unbeatablesale IKES 114211 Grip-Stick - 1 Gal- Garden Power Tool Accessories at SHEIN.,33.32,33.32,USD,TRUE,Multicolor,one-size,US,us.shein.com,3,909,909,,Tools & Home Improvement,Garden Power Tool Accessories,Unbeatablesale,TRUE,FALSE,1,Multicolor
"New Spring Collection Jacquard Embroidery Large Capacity Handbag Shoulder Bag (Random Pattern)School Bag,Back To School Backpack,School Handbag,School Bag,Back To School Backpack,School Handbag, Suitable For Teen Girls Women College Students, Perfect For Back To School,College,Middle School, High School,First Day Of School","Free Returns ✓ Free Shipping✓. New Spring Collection Jacquard Embroidery Large Capacity Handbag Shoulder Bag (Random Pattern)School Bag,Back To School Backpack,School Handbag,School Bag,Back To School Backpack,School Handbag, Suitable For Teen Girls Women College Students, Perfect For Back To School,College,Middle School, High School,First Day Of School- Women Tote Bags at SHEIN.",12.7,10.29,USD,TRUE,Blue,one-size,US,us.shein.com,5,910,910,,Bags & Luggage,Women Tote Bags,SHEIN,FALSE,TRUE,0.8102362204724409,Blue
"1pc Trendy Angel Wings & Heart Rhinestone Decor DIY Beaded Bracelet, Romantic Pink Elegant Handmade Jewelry","Free Returns ✓ Free Shipping✓. 1pc Trendy Angel Wings & Heart Rhinestone Decor DIY Beaded Bracelet, Romantic Pink Elegant Handmade Jewelry- Women Chain Bracelets at SHEIN.",2.7,0.81,USD,TRUE,Multicolor,one-size,US,us.shein.com,16,911,911,,Jewelry & Watches,Women Chain Bracelets,SHEIN,TRUE,FALSE,0.30000000000000004,Multicolor
"Unbeatablesale TCpop60x102-SageDrkP39 Polyester Poplin Rectangular Tablecloth, Dark Sage - 60 X 102 In.","Free Returns ✓ Free Shipping✓. Unbeatablesale TCpop60x102-SageDrkP39 Polyester Poplin Rectangular Tablecloth, Dark Sage - 60 X 102 In.- Other Party Accessories at SHEIN.",32.46,32.46,USD,TRUE,Multicolor,one-size,US,us.shein.com,3,912,912,,Home & Living,Other Party Accessories,Unbeatablesale,FALSE,TRUE,1,Multicolor
Unbeatablesale JRM Chemical DB-P Deco Beads .5 Oz Packet Purple -Pack Of 24,Free Returns ✓ Free Shipping✓. Unbeatablesale JRM Chemical DB-P Deco Beads .5 Oz Packet Purple -Pack Of 24- Jewelry Making Beads at SHEIN.,39.72,39.72,USD,TRUE,Purple,one-size,US,us.shein.com,3,913,913,,Home & Living,Jewelry Making Beads,Unbeatablesale,TRUE,FALSE,1,Purple
10pcs Silk Rose Artificial Flower Head Fake Flower For Home Decor Christmas Party Marriage Wedding Decoration DIY Wreath Accessories,Free Returns ✓ Free Shipping✓. 10pcs Silk Rose Artificial Flower Head Fake Flower For Home Decor Christmas Party Marriage Wedding Decoration DIY Wreath Accessories- Artificial Flowers at SHEIN.,1.6,1.6,USD,TRUE,Multicolor,one-size,US,us.shein.com,7,914,914,,Home & Living,Artificial Flowers,SHEIN,TRUE,TRUE,1,Multicolor
"Unbeatablesale KB PC57-W 40 X 23 X 18 In. Parson Chairs, Cappuccino & White - Set Of 2","Free Returns ✓ Free Shipping✓. Unbeatablesale KB PC57-W 40 X 23 X 18 In. Parson Chairs, Cappuccino & White - Set Of 2- Table And Chair Set at SHEIN.",225.87,225.87,USD,TRUE,White,one-size,US,us.shein.com,3,915,915,,Office & School Supplies,Table And Chair Set,Unbeatablesale,TRUE,TRUE,1,White
"Fashionable Summer Crossbody Bag With Ditsy Floral Print Patchwork, Woven Shoulder Strap And Chain Decoration","Free Returns ✓ Free Shipping✓. Fashionable Summer Crossbody Bag With Ditsy Floral Print Patchwork, Woven Shoulder Strap And Chain Decoration- Women Shoulder Bags at SHEIN.",9.5,6.7,USD,TRUE,Black,one-size,US,us.shein.com,11,916,916,,Bags & Luggage,Women Shoulder Bags,SHEIN,TRUE,TRUE,0.7052631578947368,Green
"35pcs/Set Simple Love, Butterfly, Metal Geometric Faux Pearl Rings, Earrings, Necklace Jewelry Set For Women, Daily Wear Or Gift","Free Returns ✓ Free Shipping✓. 35pcs/Set Simple Love, Butterfly, Metal Geometric Faux Pearl Rings, Earrings, Necklace Jewelry Set For Women, Daily Wear Or Gift- Women Jewelry Sets at SHEIN.",3.9,3.9,USD,TRUE,Yellow Gold,one-size,US,us.shein.com,9,917,917,,Jewelry & Watches,Women Jewelry Sets,SHEIN,TRUE,TRUE,1,Gold
Women's Kitten Heel Booties Pointed Toe Low Stiletto Side Zipper Ankle Boots Shoes,Free Returns ✓ Free Shipping✓. Women's Kitten Heel Booties Pointed Toe Low Stiletto Side Zipper Ankle Boots Shoes- Women Ankle Boots & Booties at SHEIN.,49.9,26.61,USD,TRUE,black2,US7.5,US,us.shein.com,8,918,918,,Shoes,Women Ankle Boots & Booties,SHEIN,TRUE,TRUE,0.5332665330661323,Black
"2pcs Women's Khaki Wave Bowknot Straw Beach Hat And Woven Cross-Body/Handbag Set, Perfect For Vacation","Free Returns ✓ Free Shipping✓. 2pcs Women's Khaki Wave Bowknot Straw Beach Hat And Woven Cross-Body/Handbag Set, Perfect For Vacation- Women Hat set at SHEIN.",9.9,7.29,USD,FALSE,Khaki,one-size,US,us.shein.com,10,919,919,,Apparel Accessories,Women Hat set,SHEIN,TRUE,TRUE,0.7363636363636363,Brown
"Jepeak Jepeak Pack Of 2 Rhombus Textured Throw Pillow Covers Cushion Cases, Burlap Linen Decorative Pillow Covers For Sofa Couch Bed Home Decor, 20x20 Inch","Free Returns ✓ Free Shipping✓. Jepeak Jepeak Pack Of 2 Rhombus Textured Throw Pillow Covers Cushion Cases, Burlap Linen Decorative Pillow Covers For Sofa Couch Bed Home Decor, 20x20 Inch- Cushion Cover at SHEIN.",22.5,16.2,USD,TRUE,Blue-Green,50*50,US,us.shein.com,22,920,920,,Home Textile,Cushion Cover,Jepeak,TRUE,TRUE,0.72,Teal
Unbeatablesale KD Tools KDT86112 12 Mm 120XP Universal Spline Xl Gearbox Flex Ratcheting Wrench,Free Returns ✓ Free Shipping✓. Unbeatablesale KD Tools KDT86112 12 Mm 120XP Universal Spline Xl Gearbox Flex Ratcheting Wrench- Repair Tools & Kits at SHEIN.,43.99,43.99,USD,TRUE,Multicolor,one-size,US,us.shein.com,3,921,921,,Jewelry & Watches,Repair Tools & Kits,Unbeatablesale,TRUE,TRUE,1,Multicolor
"10pcs Metal Wall Mounted Coat Hooks, Mug Hooks, Kitchen Utensil Hooks, Creative Decorative Hooks For Keys","Free Returns ✓ Free Shipping✓. 10pcs Metal Wall Mounted Coat Hooks, Mug Hooks, Kitchen Utensil Hooks, Creative Decorative Hooks For Keys- Other Hooks & Rails at SHEIN.",2.5,2.4,USD,TRUE,Black,one-size,US,us.shein.com,19,922,922,,Home & Living,Other Hooks & Rails,SHEIN,TRUE,TRUE,0.96,Green
"Jepeak Jepeak Pack Of 2 Rhombus Textured Throw Pillow Covers Cushion Cases, Burlap Linen Decorative Pillow Covers For Sofa Couch Bed Home Decor, 20x20 Inch","Free Returns ✓ Free Shipping✓. Jepeak Jepeak Pack Of 2 Rhombus Textured Throw Pillow Covers Cushion Cases, Burlap Linen Decorative Pillow Covers For Sofa Couch Bed Home Decor, 20x20 Inch- Cushion Cover at SHEIN.",22.5,16.2,USD,TRUE,White Grey,50*50,US,us.shein.com,22,923,923,,Home Textile,Cushion Cover,Jepeak,TRUE,TRUE,0.72,Grey
"21pcs Mermaid Theme Happy Birthday Balloon Set - Happy Birthday Letter Balloons, Mermaid Tail Balloons, Star & Heart Balloons, Pink, Mermaid, Underwater, Birthday Party, Celebration, Anniversary, Adult Party Decoration","Free Returns ✓ Free Shipping✓. 21pcs Mermaid Theme Happy Birthday Balloon Set - Happy Birthday Letter Balloons, Mermaid Tail Balloons, Star & Heart Balloons, Pink, Mermaid, Underwater, Birthday Party, Celebration, Anniversary, Adult Party Decoration- Decorative Balloons at SHEIN.",5.3,4.95,USD,TRUE,Multicolor,one-size,US,us.shein.com,8,924,924,,Home & Living,Decorative Balloons,SHEIN,TRUE,TRUE,0.9339622641509435,Multicolor
Unbeatablesale 15 In. LH Tie Rod Tube Bent Short Stock Inner,Free Returns ✓ Free Shipping✓. Unbeatablesale 15 In. LH Tie Rod Tube Bent Short Stock Inner- Car Replacement Parts at SHEIN.,51.29,51.29,USD,TRUE,Multicolor,one-size,US,us.shein.com,3,925,925,,Automotive,Car Replacement Parts,Unbeatablesale,TRUE,TRUE,1,Multicolor
1 Piece Simple Atmosphere Stainless Steel Cross-Shaped Women's Necklace Is Suitable For Sending Girlfriends On Holidays,Free Returns ✓ Free Shipping✓. 1 Piece Simple Atmosphere Stainless Steel Cross-Shaped Women's Necklace Is Suitable For Sending Girlfriends On Holidays- Women Pendant Necklaces at SHEIN.,3.1,3.1,USD,TRUE,Silver,one-size,US,us.shein.com,6,926,926,,Jewelry & Watches,Women Pendant Necklaces,SHEIN,TRUE,TRUE,1,Silver
"30pcs Autumn Cocktail Picks - Decorative Bamboo Toothpicks With Maple Leaves, Pumpkins, And Acorns For Appetizers, Fruit Skewers - Versatile For Thanksgiving, Halloween, Christmas, Easter, & Parties","Free Returns ✓ Free Shipping✓. 30pcs Autumn Cocktail Picks - Decorative Bamboo Toothpicks With Maple Leaves, Pumpkins, And Acorns For Appetizers, Fruit Skewers - Versatile For Thanksgiving, Halloween, Christmas, Easter, & Parties- Cocktail Picks at SHEIN.",2.5,2.4,USD,TRUE,Multicolor,Random Style,US,us.shein.com,8,927,927,,Home & Living,Cocktail Picks,SHEIN,TRUE,TRUE,0.96,Multicolor
"Summer New Fashion Retro Business Casual Transforming Crescent Moon Handbag, Vintage Mini Letter Decor Kids Handheld Bag, Retro Chic Simple Shoulder Messenger Chain Bag, Fashionable Lightweight Portable Dopamine Style Solid Color Faux Leather Bag With Metal Decor, Essential Autumn Winter Dumpling Style Women Bag","Free Returns ✓ Free Shipping✓. Summer New Fashion Retro Business Casual Transforming Crescent Moon Handbag, Vintage Mini Letter Decor Kids Handheld Bag, Retro Chic Simple Shoulder Messenger Chain Bag, Fashionable Lightweight Portable Dopamine Style Solid Color Faux Leather Bag With Metal Decor, Essential Autumn Winter Dumpling Style Women Bag- Women Top Handle Bags at SHEIN.",12.2,11.4,USD,TRUE,Black,one-size,US,us.shein.com,19,928,928,,Bags & Luggage,Women Top Handle Bags,SHEIN,TRUE,TRUE,0.9344262295081968,Green
"Oversized Quilt Bedding Set Lightweight, Soft Coverlet Bedspread 3-Piece With Two Matching Shams (108 In Wide X 98 In Long),  King/California King","Free Returns ✓ Free Shipping✓. Oversized Quilt Bedding Set Lightweight, Soft Coverlet Bedspread 3-Piece With Two Matching Shams (108 In Wide X 98 In Long),  King/California King- Duvet Covers Sets at SHEIN.",219.99,99.99,USD,TRUE,22. Enchantment Coral,King / California King,US,us.shein.com,16,929,929,,Home Textile,Duvet Covers Sets,SHEIN,TRUE,TRUE,0.45452066003000136,Pink
Rihanna 206032 3.4 Oz Rebl Fleur Eau De Parfum Spray For Women,Free Returns ✓ Free Shipping✓. Rihanna 206032 3.4 Oz Rebl Fleur Eau De Parfum Spray For Women- Perfume at SHEIN.,57.9,57.9,USD,TRUE,Default,One Size,US,us.shein.com,3,930,930,,Beauty & Health,Perfume,Rihanna,TRUE,TRUE,1,Default
"1pc Unisex Retro Letter Printed Baseball Cap, Fashionable & Casual Outdoor Sports Hat","Free Returns ✓ Free Shipping✓. 1pc Unisex Retro Letter Printed Baseball Cap, Fashionable & Casual Outdoor Sports Hat- Men Baseball Cap at SHEIN.",6.1,5,USD,TRUE,Khaki,one-size,US,us.shein.com,4,931,931,,Apparel Accessories,Men Baseball Cap,SHEIN,TRUE,TRUE,0.819672131147541,Brown
"Unbeatablesale Janico 3041 PEC Medium Blended Cotton Wide Band Looped End Mop, Blue","Free Returns ✓ Free Shipping✓. Unbeatablesale Janico 3041 PEC Medium Blended Cotton Wide Band Looped End Mop, Blue- Mops and Mop Sets at SHEIN.",18.89,18.89,USD,TRUE,Multicolor,one-size,US,us.shein.com,3,932,932,,Home & Living,Mops and Mop Sets,Unbeatablesale,TRUE,TRUE,1,Multicolor
"1pc Uv Protection Rain/Sun Dual-Use Mini Umbrella, Portable Pocket Umbrella With Uv Coating, 6 Bone Reinforced Folding Sun Umbrella, Black For School,Office,Household,Travel","Free Returns ✓ Free Shipping✓. 1pc Uv Protection Rain/Sun Dual-Use Mini Umbrella, Portable Pocket Umbrella With Uv Coating, 6 Bone Reinforced Folding Sun Umbrella, Black For School,Office,Household,Travel- Umbrellas and Rain Hat Umbrellas at SHEIN.",7.4,7.2,USD,TRUE,Black,one-size,US,us.shein.com,15,933,933,,Home & Living,Umbrellas and Rain Hat Umbrellas,SHEIN,TRUE,TRUE,0.9729729729729729,Green
"Electronics Organizer Travel Case, Carrying Pouch Bag For Travel Essentials, For Cable, Charging Cord, External Hard Drive, Portable Power Bank(Zipper Random) Charger Case For Business,Travel,School,College,Office School Supplies School Accessaries Back To School Universty Students","Free Returns ✓ Free Shipping✓. Electronics Organizer Travel Case, Carrying Pouch Bag For Travel Essentials, For Cable, Charging Cord, External Hard Drive, Portable Power Bank(Zipper Random) Charger Case For Business,Travel,School,College,Office School Supplies School Accessaries Back To School Universty Students- Digital Bags at SHEIN.",6.6,6.2,USD,TRUE,Grey,one-size,US,us.shein.com,7,934,934,,Bags & Luggage,Digital Bags,SHEIN,TRUE,TRUE,0.9393939393939394,Grey
"30g/Pack Plastic Macaroon Color Chili Shaped Hollow Beads For DIY Bracelet, Necklace, Hair Accessory, Phone Strap, Jewelry Findings","Free Returns ✓ Free Shipping✓. 30g/Pack Plastic Macaroon Color Chili Shaped Hollow Beads For DIY Bracelet, Necklace, Hair Accessory, Phone Strap, Jewelry Findings- Beads at SHEIN.",1.6,1.6,USD,TRUE,Multicolor,one-size,US,us.shein.com,15,935,935,,Jewelry & Watches,Beads,SHEIN,TRUE,TRUE,1,Multicolor
"Jepeak Jepeak Pack Of 4 20x20 Inch Throw Pillow Covers, Decorative Linen Farmhouse Modern Solid Cushion Cases For Couch Sofa Bed Home Decor","Free Returns ✓ Free Shipping✓. Jepeak Jepeak Pack Of 4 20x20 Inch Throw Pillow Covers, Decorative Linen Farmhouse Modern Solid Cushion Cases For Couch Sofa Bed Home Decor- Cushion Cover at SHEIN.",33.6,24.2,USD,TRUE,Light Grey,50*50,US,us.shein.com,20,936,936,,Home Textile,Cushion Cover,Jepeak,TRUE,TRUE,0.7202380952380951,Grey
"1pc Turtle Shaped Wall Mounted Storage Rack For Kitchen Bathroom, Makeup Organizer Box, Toothbrush Holder","Free Returns ✓ Free Shipping✓. 1pc Turtle Shaped Wall Mounted Storage Rack For Kitchen Bathroom, Makeup Organizer Box, Toothbrush Holder- Racks & Holders at SHEIN.",4.7,4.6,USD,TRUE,Grey,one-size,US,us.shein.com,8,937,937,,Home & Living,Racks & Holders,SHEIN,FALSE,TRUE,0.978723404255319,Grey
